ffeffe
002000
fff002
ffe001
002000
000fff
ffeffd
001ffc
001fff
003001
ffefff
001ffe
000ffe
000002
000002
003002
fff000
ffefff
001001
ffc002
ffe000
001001
fff003
ffe000
000002
003000
ffdfff
fff002
001001
ffeffe
ffffff
000000
001ffe
000003
001002
ffc000
ffdfff
001001
ffffff
fff000
fff001
002fff
001ffe
ffd001
ffcfff
000ffd
000001
000ffd
001ffe
fff004
001ffd
fffffe
000000
ffffff
000001
ffffff
001001
ffe002
fff003
ffb000
001fff
000000
000ffd
001000
000001
ffc001
002fff
ffe001
000fff
fff000
ffefff
001fff
003001
000001
000000
fff004
001002
001001
ffffff
001fff
002fff
000000
000000
000000
000fff
000002
003000
002000
001002
ffdfff
ffffff
ffffff
000000
001fff
fff000
001002
fff002
ffd000
002ffe
003000
002000
001002
002ffe
ffe000
fff002
002000
000ffe
000fff
002000
000001
fff003
003001
001000
004002
ffffff
003001
001000
ffffff
000ffe
fff002
ffe000
003000
000fff
002000
fff000
000002
003ffe
001002
000001
001000
000000
ffffff
fff000
ffffff
002004
001000
000000
002fff
ffcfff
001fff
ffffff
000fff
ffffff
fff001
000000
003fff
fff004
ffffff
003ffe
001000
002ffd
001fff
000001
ffffff
003fff
fff001
001002
001001
000002
000001
001001
ffe002
002000
ffefff
002000
ffd000
001fff
001ffe
002000
001000
001ffe
002001
003003
001000
001fff
001001
000001
ffffff
000fff
002fff
fff001
000fff
000ffe
000002
ffe000
001001
ffefff
fff002
001001
003001
fffffe
003000
ffc003
000004
ffe002
001001
001ffe
fff001
000ffe
000000
000000
ffe003
ffeffe
002ffe
001fff
ffe000
003000
000fff
000fff
000002
003fff
fff000
002001
001000
ffe001
fff000
fff001
ffffff
fff001
000001
000fff
000ffe
fffffd
000001
000ffd
ffffff
ffd000
ffe001
001000
000ffe
000003
fff002
001002
000000
002000
000001
000fff
001fff
002fff
ffdfff
000000
001001
001002
000fff
fff002
ffdfff
000000
003000
fff000
002ffe
002002
fff000
fff000
001fff
fff003
fff003
ffc000
000fff
000fff
fff002
001000
001000
001001
001000
002001
001000
001000
001001
000ffc
ffd000
ffd000
001001
002ffd
ffffff
000000
001ffe
000003
001000
ffdffe
002001
fff000
ffe000
ffffff
002ffd
ffe002
001002
ffdffe
000001
000000
000000
fff001
001000
001003
000001
001000
fffffd
000fff
000000
000001
000001
ffffff
000000
ffefff
fff002
ffe001
001000
fff000
002000
fff000
000002
ffffff
002ffe
ffe000
ffe002
fff002
001ffe
ffffff
ffdfff
fff000
002001
001ffe
ffffff
fff001
001fff
000ffd
fff002
002000
001ffd
000000
000ffd
000003
ffd000
000003
001002
003000
002002
001001
003000
ffe003
002000
ffe003
003fff
002fff
002000
000ffe
002fff
ffd002
000002
002ffd
000002
003002
002ffe
000fff
ffffff
001001
ffd000
ffffff
ffd003
001000
fffffd
001fff
000000
fff002
000001
002001
ffd001
ffe003
003000
002fff
ffe000
fff001
000000
ffffff
ffe000
000001
fff000
001fff
ffe001
fff001
001ffd
000001
000fff
000000
fff002
fff003
ffd002
001001
003002
001fff
002001
ffffff
fff002
000fff
ffefff
001001
002000
000ffe
000fff
000000
001001
ffe000
ffffff
000000
fff000
000001
000000
000000
000001
000000
ffe001
fff000
000ffe
000ffe
000000
001fff
000000
000002
000000
fffffe
000ffc
fff002
000001
ffefff
001fff
001fff
001000
000fff
002001
ffefff
001001
ffeffd
000001
001000
001ffe
ffe000
002001
000001
ffdfff
000000
001fff
000fff
002004
000fff
001001
001ffe
ffdffe
002002
003fff
000fff
000002
ffefff
000fff
002001
000ffd
000fff
000ffe
001001
fff001
001001
002000
fff002
003001
ffdffd
ffeffe
000fff
fff001
fff001
fff000
fffffd
001fff
ffd001
000002
000ffe
ffffff
fff000
fff001
000002
ffffff
fff000
ffeffd
001fff
ffeffe
ffffff
001ffe
002fff
001001
000000
001fff
001001
000002
000001
000ffe
001fff
003002
002004
ffffff
ffd000
ffe002
001002
002fff
ffc000
002000
001fff
000000
fffffd
fff002
002001
000002
000001
001003
001fff
002fff
000003
001001
fff001
ffe002
000ffd
ffeffd
ffefff
fff000
002000
fffffc
ffffff
001fff
000000
002ffe
000001
000fff
fffffe
001fff
000002
002fff
000fff
001002
ffffff
003000
001002
fff002
fff000
fff000
000000
fffffe
ffe002
001fff
ffdfff
003002
fff002
fff002
001ffe
000000
003000
000000
000000
000001
ffd002
001fff
ffefff
fffffd
001ffe
001fff
001fff
ffeffe
fffffc
001003
000000
002fff
001000
002fff
ffc000
fff001
002000
fff001
001002
ffe001
fff002
000002
000000
ffffff
003ffe
000fff
001003
ffe002
ffd000
ffe000
fff001
003001
000001
003fff
000000
001002
000000
002001
000003
002fff
fff001
fff001
002000
fffffd
ffffff
fff002
001002
003002
003fff
001000
000000
fff000
000000
ffffff
ffeffe
001fff
000000
003000
fff001
fffffe
ffefff
ffe000
000000
000000
001000
fff000
ffe000
ffe000
ffffff
000001
ffefff
002fff
000fff
000001
000001
ffefff
001000
ffffff
000000
fff000
002000
003000
000ffe
000002
002fff
fff000
000001
ffe003
001001
002fff
fff002
003000
002ffe
000ffd
001001
000001
fffffe
003fff
003ffc
000fff
001001
ffe001
fffffe
001001
001002
002fff
fff000
000ffe
000000
ffefff
001ffd
000001
001fff
ffe000
001ffd
ffe003
000000
fff000
ffcfff
002001
ffe000
ffffff
000fff
002fff
000fff
001000
001ffe
001ffe
ffcfff
001ffd
ffdfff
fff001
000002
002002
000ffe
ffdffe
fff000
fff002
fff002
fff001
000ffd
000000
003ffd
000fff
fff001
ffe000
002000
003000
ffe001
ffffff
fff001
002001
002ffe
002ffd
ffefff
002fff
ffefff
ffd000
ffcffe
ffffff
000000
fff001
001001
ffe000
ffefff
002000
001001
fff001
001001
000001
fff000
000ffe
000ffd
000000
fff000
fff000
000002
002000
000003
fff000
001001
000000
000000
001ffd
001003
002002
001001
002001
000001
fff000
fff000
ffc000
ffefff
000000
ffd003
fff002
ffe000
fff001
001001
002000
000000
002ffe
001002
ffe001
ffffff
fff001
fff000
001000
000ffe
001fff
000003
002000
ffe001
000003
fffffb
003001
001001
002ffe
ffffff
001000
001000
000fff
000000
ffcffd
001ffd
000fff
001002
001001
002000
ffe000
003ffe
ffeffd
fffffe
ffeffc
ffe001
002001
001002
fff000
001001
002ffe
003001
000001
000001
003002
001000
002001
ffe000
001fff
000000
003fff
fff002
001000
002fff
fff001
fff001
ffd002
000fff
000ffe
000002
ffe002
000ffe
fffffe
fffffd
000000
001000
ffd000
000000
000000
004002
000fff
fff004
ffffff
ffe001
fff000
002000
001fff
ffe000
002001
003fff
000002
002ffe
ffffff
fffffe
ffe000
000002
fffffe
ffe000
000000
001000
ffdfff
ffd000
001fff
002002
ffe001
001fff
003fff
ffd003
fff002
001000
001fff
002000
001ffe
fff003
000fff
ffe001
000001
ffffff
001000
001001
fff001
001ffe
ffd000
ffe001
003004
001001
000fff
001fff
000000
000001
ffe004
000ffd
000001
ffffff
fff000
ffcfff
000001
000fff
ffe001
fff001
002000
000001
002000
001000
fff002
ffffff
ffe001
003ffe
001000
001ffd
ffe001
000fff
004002
fffffd
000ffd
fff000
000fff
002004
fffffe
003ffe
000001
001000
ffdffe
001000
002001
002000
000001
ffefff
002001
001ffd
000001
fff001
003001
000000
ffe001
002000
000fff
ffffff
fff000
ffd000
fff000
fff002
001001
001002
fff000
001001
000fff
002000
fffffe
001002
ffffff
ffffff
ffe002
fff000
003ffe
000001
000001
ffffff
ffeffb
ffe001
ffffff
002fff
000001
001000
003000
002ffe
fff001
ffefff
003000
ffe000
ffffff
000fff
000000
ffcfff
000001
002001
ffffff
000001
ffe000
001ffc
001ffe
000001
000000
000001
000001
000002
ffefff
000ffe
ffcfff
000ffe
001001
001001
002001
003ffc
ffffff
001002
ffefff
001000
000fff
000fff
003001
000002
fff000
ffffff
000001
003fff
001ffe
001fff
ffffff
000000
001001
002fff
001fff
000000
000001
ffffff
fff001
fff003
001000
001ffe
002000
ffffff
000001
000fff
ffd000
001001
000002
002000
001001
002000
fff001
002fff
fff001
fff001
000001
ffd001
002fff
003fff
000000
003000
001000
ffffff
001000
003004
000001
ffffff
fff004
001000
000002
001002
001fff
002fff
000fff
000001
002fff
fff001
000ffd
ffdfff
fff000
000fff
000001
004001
001000
000002
003fff
ffefff
fff001
ffe001
ffefff
001001
fffffe
001000
001002
001000
fffffe
ffffff
001002
000000
000000
fff001
fff001
003002
002fff
fffffd
ffe000
005000
001001
002000
001000
ffdffe
ffe000
fffffe
000fff
002001
000fff
000000
ffefff
ffe003
ffdfff
ffd000
000003
ffefff
fff001
002000
fff001
ffe001
001fff
ffe001
fff000
000000
fffffe
ffffff
fff000
003ffe
000000
004000
002000
000002
002001
ffe001
000000
ffe001
000ffe
000002
ffefff
ffeffe
ffdfff
000fff
001002
ffffff
ffffff
ffefff
001001
000000
000ffe
fffffd
fff000
ffeffe
fff002
ffe001
000001
002fff
002000
ffe000
001001
ffefff
ffe000
000fff
000002
001000
000001
001001
001ffe
003000
fffffc
fff001
000000
ffd000
001001
000001
002001
ffe002
000fff
fff002
000ffd
000ffe
001fff
001fff
000fff
000ffd
fff002
ffd001
ffeffe
001000
002000
000000
001000
fff001
fff001
000001
fff000
ffeffe
000001
ffe002
ffffff
001ffe
000000
001000
ffe000
000001
000001
fff001
000002
002fff
ffe003
002000
002000
000fff
fff001
001001
000003
000000
000000
001000
002fff
fff002
fff001
ffffff
001ffe
001001
004fff
000001
002fff
003fff
000001
000001
ffdffd
ffd002
001002
002001
001ffd
001ffe
000fff
fff003
004ffe
000002
001ffd
001ffc
000000
000000
ffefff
fffffe
000fff
001000
fff000
003002
001fff
000fff
ffd001
fff001
001000
001001
fff001
002fff
fff001
001fff
000000
002ffe
fff000
ffeffd
003001
000000
fff002
001003
002000
001000
ffffff
000ffe
fff000
000ffe
002001
000000
000003
ffffff
000fff
fff000
ffe003
001000
003003
000001
fff000
002001
000002
002000
003000
fff001
000ffe
000fff
ffffff
fff001
000002
001002
000000
001003
001fff
ffffff
fff000
001ffe
000000
002001
002000
000ffe
001000
000001
fff001
001000
000ffe
003000
000004
fff000
ffefff
000002
000001
000000
ffdffe
000002
000001
002000
002000
ffeffc
fffffe
001000
001000
000003
000000
ffe001
ffffff
000000
000001
002ffe
000000
001002
002fff
ffffff
001000
fff000
000fff
003001
000fff
ffe000
001ffd
fff003
002002
ffe002
ffdffe
fff002
fff000
fff001
ffffff
fff000
ffffff
000001
fff001
002001
001ffe
000000
001001
001001
001000
000000
001000
ffd001
000000
002002
000fff
ffe001
004002
002002
003001
000001
ffefff
000001
ffeffd
000000
ffe002
000001
001002
001fff
000002
001000
002001
fffffe
003000
fffffe
002000
ffd001
ffe000
001001
fff002
ffdffe
003000
001000
ffd000
003002
001ffe
ffe002
ffd001
002001
002fff
001001
ffe000
000ffc
000fff
000fff
001002
000000
002fff
002000
000001
fff000
000ffe
000ffd
002001
002fff
fffffe
001ffe
002001
fff000
002005
ffe001
ffe000
fff002
001ffd
ffefff
000ffe
000000
001fff
ffe000
000001
fff002
fff002
000001
000ffc
ffeffe
001fff
001000
000ffe
000ffe
fff001
000002
000fff
001001
003ffe
002fff
000ffe
ffe002
001003
002000
001fff
ffd000
001fff
002002
001000
004003
001003
001fff
fffffe
003000
001ffe
002000
fff001
001001
002fff
003001
001001
ffe000
001ffe
ffe000
003fff
fff001
000ffe
000002
001ffc
ffefff
ffe000
000001
fff000
000000
001002
004000
fff001
000001
000fff
004ffe
002000
003001
000fff
001000
ffffff
ffd001
000001
000002
fff002
fff001
fff001
001001
001ffe
001000
fff002
fff002
003000
003000
000001
000001
002001
ffffff
ffeffe
fff001
000fff
000fff
001ffe
000000
000001
002002
001002
001ffd
ffefff
000ffe
fff002
000fff
001fff
000ffe
000ffd
000fff
001000
001000
003002
ffffff
000000
fff001
ffe001
fff001
000001
ffdffe
001fff
001fff
ffe001
000fff
002001
001fff
ffe003
fffffd
fff000
001ffe
000001
001ffe
ffffff
fff002
003fff
ffc001
001fff
002000
ffe001
001000
000000
002000
fffffd
000ffc
000ffe
001000
ffe001
fff000
ffeffd
000002
000000
ffffff
ffeffe
002ffd
000001
001000
000fff
fff001
000000
002ffd
000000
ffe001
fff000
000000
fff000
fff000
000001
003ffe
000001
004fff
002fff
001001
004004
000000
001001
ffefff
000ffe
ffeffe
002001
000000
002ffe
fff001
ffefff
001001
000001
fff003
ffeffe
fff001
001ffd
001ffe
001002
000000
ffe002
000ffb
003001
ffd001
ffe000
000001
000001
fff000
000000
000002
003000
ffeffe
001ffe
002000
fffffe
003002
ffffff
fffffe
003ffe
002fff
000000
002ffe
ffc001
000002
fff002
001fff
000000
fff002
002000
fff002
ffe001
fff003
000002
001001
fff000
003fff
000001
000fff
001000
000000
003fff
000fff
000002
001000
000003
fff001
ffe003
002000
000ffe
ffdffe
ffe000
001001
000ffe
001fff
001000
002fff
001ffe
000ffe
000000
005ffe
001fff
003001
000000
ffffff
ffd003
ffffff
ffe000
001001
ffeffe
ffe003
000001
002002
000fff
fffffe
002002
000000
ffe000
002003
fff002
001fff
001000
ffd000
002002
fffffe
001ffd
ffffff
ffe002
fff002
fff002
000fff
001ffe
fffffe
ffe001
001001
ffffff
002000
002ffe
000ffe
001001
ffd001
003003
fffffc
000fff
ffd000
000001
000003
ffffff
001fff
000ffd
001002
ffffff
fff000
003fff
000ffd
ffefff
000000
ffe000
001002
001001
fff000
fff000
ffe004
ffe000
002ffe
000000
002001
000000
fff000
002ffd
001002
001ffd
ffefff
fffffe
000ffe
000002
ffe000
000002
001000
ffdffe
000000
000000
003001
fff002
ffdfff
ffffff
000ffe
fff002
001fff
ffffff
ffdffd
001002
002fff
000fff
fff001
000002
001001
fffffe
ffd003
000ffe
000000
000000
fff002
001002
fffffe
002001
002002
000002
001fff
000001
ffe000
ffe000
002000
000001
ffffff
000003
fff002
fff001
000001
000ffe
fff000
003000
000000
fffffd
fff000
000004
fff000
ffe001
fff001
001ffe
fff000
fff000
002003
fff001
001001
001001
ffefff
fff000
002000
000003
001002
002002
001ffd
ffefff
000000
fff000
ffe002
000001
002ffd
ffe002
ffd002
000001
fffffe
000000
002000
001000
000004
ffe003
001000
001003
001000
fff000
003002
fff000
000002
001ffd
001002
001002
001003
ffe001
ffffff
002ffe
ffefff
000001
000fff
002ffd
001000
001fff
000003
003000
002002
ffe000
002001
ffffff
000001
fffffe
003001
004000
000001
000ffd
000000
002000
002fff
000004
001000
fffffe
001002
ffe001
001002
ffd004
ffe000
ffe003
002001
ffd000
ffffff
001fff
001002
001ffb
001001
ffb004
ffffff
ffeffe
001fff
fff000
000000
001000
fffffe
000003
fff001
ffeffe
ffefff
002001
fff000
ffffff
001002
ffe002
000ffd
000000
000ffe
001fff
000fff
fff001
ffe000
000000
fff001
000fff
000002
000ffe
002002
000ffc
002fff
000ffd
000000
fff003
000ffe
fff001
fff000
000ffc
000fff
ffffff
ffffff
fff000
ffd000
fff003
001002
ffd000
000fff
fff002
001000
ffe000
001ffe
000000
001fff
000fff
fff001
000fff
001001
fff002
ffeffe
002000
ffffff
000fff
000fff
001004
ffefff
fff001
fff000
002fff
001ffe
ffffff
000000
003003
001000
003fff
fff000
ffd003
001000
000003
fff001
000fff
ffffff
001001
000001
000fff
fff001
002002
001fff
ffffff
ffe001
ffffff
000002
000000
000fff
fffffe
ffd001
000001
000001
fff001
fff002
ffdfff
ffe001
000000
000000
fff001
000fff
001003
001000
ffd001
fff000
001003
ffffff
fff000
000ffd
ffe001
000000
000002
001003
fffffe
001001
003fff
001ffe
fff001
002fff
000000
000000
003001
fff002
fffffe
002002
000000
001002
fff001
fff001
fff001
ffdffe
000002
001002
000fff
001ffe
000fff
ffffff
ffffff
000001
000fff
ffe001
fff000
ffe001
002ffd
000001
fffffe
fffffe
ffd002
ffd002
000fff
fff000
003001
001000
005001
000000
002000
000003
ffe003
001ffe
000000
001ffd
fff001
000ffe
001002
000ffe
ffd000
000fff
000fff
000fff
000001
ffefff
000001
000002
001fff
000fff
fff001
000000
fff001
002fff
000ffe
001ffc
000001
ffe002
fff001
fff000
fffffd
000ffe
fffffe
001000
ffffff
000002
000fff
000003
002000
fff001
001ffe
fff002
000fff
000fff
000fff
000000
000fff
001fff
002001
000ffd
fff000
ffffff
002001
001001
ffe000
000002
002000
001000
000001
ffdffe
000000
000fff
ffeffe
fff000
002000
001005
001fff
ffffff
000000
000ffe
001002
002001
000002
ffefff
001001
ffe000
001002
ffffff
001ffe
000000
000001
000002
002000
fff003
000000
002fff
001001
000002
001003
001000
002001
000001
002001
fff001
000ffc
000000
003002
ffe000
ffe000
ffffff
fff000
001000
001fff
ffdfff
003fff
002ffe
002001
fff001
ffefff
000001
fff001
ffffff
000001
fff002
000ffe
000001
ffe003
001001
ffe000
001000
ffc001
001000
002000
001000
000000
fff002
000fff
ffd000
003001
000000
fff001
001fff
002001
000000
000000
ffefff
ffe001
fffffd
001002
000fff
ffe002
000ffe
ffefff
ffeffe
fff003
000fff
000003
fff001
002001
001001
000001
003fff
000001
000000
003000
fff001
fff002
ffd000
001000
fff006
001000
002001
000ffe
ffd001
002ffe
000fff
fff001
000001
001000
fff001
ffe002
fff000
ffefff
000ffe
001000
fff001
002fff
ffd003
000002
fff001
fff000
000003
ffffff
000ffd
ffefff
ffefff
000000
000000
ffe000
001000
001000
002000
000fff
fffffe
fff002
002002
001ffe
004002
001001
000ffe
000001
003001
001000
ffe000
000000
ffe001
ffd000
003003
000000
001002
ffffff
fffffe
ffc000
fffffe
000002
000fff
002fff
000000
000001
000003
fffffd
002fff
ffdfff
ffefff
001001
fff001
ffffff
001000
fff003
001002
000000
ffe001
ffffff
ffd001
000002
fff002
ffffff
001000
002ffe
fff001
fff001
fff000
002001
001001
fffffd
fff000
ffffff
ffeffe
fff000
000ffe
fff002
000000
ffffff
001001
000000
000001
fff000
002ffe
000000
000ffe
000002
fff000
fff001
001000
ffeffe
002fff
fff004
003000
000000
002001
000ffe
ffffff
000002
ffdfff
000000
fff002
001002
003ffd
002000
001001
003000
000ffe
000004
000000
001000
002ffe
ffe000
000000
001003
ffefff
002fff
ffe000
ffefff
000001
000000
001fff
000001
000ffd
001fff
000fff
000002
003fff
002ffe
000ffd
ffe002
000001
002002
fff000
fff000
fffffe
fff001
fff000
fff003
000fff
ffdffe
fff002
002002
000000
ffd002
fff000
002ffd
001ffc
ffdfff
002000
002ffd
001000
fff000
002fff
000fff
000fff
001fff
002fff
fff002
000ffe
fff001
fffffe
000fff
ffeffe
002000
001000
ffeffe
fff001
fff000
ffeffd
001000
000001
fff001
001000
000001
ffe000
ffffff
fff001
000003
ffd001
001000
ffefff
000000
001001
ffffff
000001
002ffe
001fff
001000
000fff
000001
fff002
000000
ffefff
001001
003fff
ffdfff
000001
000000
002fff
fff000
001001
003003
000fff
000000
003001
002fff
001fff
fff000
002001
002ffe
001fff
fff001
fffffe
001000
001001
000000
000fff
002ffe
000002
000002
001000
001001
fff000
001000
003fff
ffdffc
001002
002ffd
000fff
001000
fff002
002001
fff000
001001
002000
002000
001001
fff000
000002
ffe000
001000
001001
ffe002
001000
000fff
003fff
000003
fffffe
001000
fff003
001000
fffffe
001001
ffeffe
000fff
002001
fffffd
000ffd
ffe000
000001
000000
001001
ffe002
001fff
ffe001
001000
002000
ffffff
000fff
000fff
002002
000001
fff000
000001
001ffd
fff002
003ffe
000001
003ffe
002ffe
001ffe
001ffd
001fff
fffffd
fffffe
ffe002
000002
001fff
ffd000
fffffe
000fff
000001
fff000
fff001
001002
ffe000
fff001
ffdfff
000ffd
000002
001000
001001
000fff
ffefff
001000
000fff
ffffff
ffdffe
fff000
001fff
001000
001001
fffffd
fff001
000fff
001000
000001
ffe002
001fff
003001
000fff
000fff
fff003
000001
000fff
fffffe
002fff
002001
000001
000000
001000
fff001
001ffe
fff000
000001
000002
001002
001ffe
ffeffd
004ffe
ffe004
002001
fff000
003fff
000000
000000
000003
000fff
fffffe
fffffc
fff000
003000
002001
ffe001
000001
000001
ffe000
000001
fffffd
000fff
ffffff
002001
000ffe
001001
fff001
002ffd
001ffe
002ffe
001000
001fff
002002
000003
fff001
ffffff
001000
002002
004000
ffeffe
000ffe
000fff
002000
000001
002fff
fffffe
fff003
001000
002ffe
002000
000fff
000000
000001
ffe001
000ffd
001003
ffffff
fff001
001fff
000000
002000
fff002
000003
000000
ffffff
fff001
fff003
002000
002000
000fff
ffdffe
001003
000000
ffcfff
001001
001001
fff000
ffefff
001ffe
ffe001
000001
000fff
ffffff
ffe000
002000
ffe000
002000
fff000
001001
003000
002000
002001
001000
fff000
000fff
000fff
001ffd
000000
001ffe
000000
003002
ffe000
000000
004ffe
000fff
001fff
000ffe
001fff
001ffe
000000
000fff
000000
ffe000
fff001
000fff
000003
002000
001001
000000
ffcfff
001001
ffe000
ffffff
003fff
001001
ffffff
ffc000
000fff
ffdfff
001fff
000000
000000
002ffe
001001
002001
002000
000003
002ffd
ffc003
ffefff
002001
fff002
000000
001fff
fff000
000001
001ffd
001ffe
000001
fff002
000ffe
000fff
000fff
fff001
ffeffe
000fff
001001
ffdffe
001fff
ffe000
001001
fff001
000002
003001
000001
fff001
ffd000
000002
001002
ffffff
fff001
ffe000
ffdffd
001001
000fff
000000
001000
000001
001ffe
ffe002
001000
000000
001000
fffffd
001fff
fff002
ffefff
ffd000
fff003
000ffe
000ffe
fff001
fff001
000fff
000fff
000001
000fff
001000
ffe002
000ffe
001001
fff002
002001
ffe000
ffeffe
003fff
000ffe
000fff
fffffe
ffe001
000fff
ffe002
000fff
002ffe
000fff
002fff
000fff
001000
000ffe
002001
001000
fff003
fffffd
fff001
001001
ffefff
ffeffe
001000
001000
001fff
001001
000ffe
000000
001fff
001000
000ffd
ffd001
001000
001001
ffeffe
001000
004001
000001
001fff
ffe001
001ffd
000fff
ffffff
000000
002000
fff001
ffe002
004000
ffffff
ffcfff
fffffe
fff000
fff001
000001
000fff
003ffe
002000
000000
001ffb
ffe000
fff003
000001
000fff
ffe002
000000
fff000
001001
002000
ffefff
000fff
ffeffe
ffefff
ffefff
000fff
001ffd
000002
ffe002
000001
fff001
001000
001ffc
001000
000ffe
ffefff
000002
002001
002ffd
000000
000003
001000
ffffff
fff000
000003
001ffe
ffefff
001000
fffffe
fff002
001004
000001
000000
fff000
fff001
ffe000
000fff
001ffe
000001
001000
001001
000000
000fff
000000
ffe001
fff004
000ffe
fff000
ffc001
fff003
ffffff
000000
ffffff
ffe002
002000
000fff
ffefff
000ffd
fff000
000000
fff001
002fff
001ffe
ffe001
000001
001ffd
ffd003
000ffe
fff001
001000
002001
003fff
000002
002001
ffffff
ffd001
fff000
ffe000
fff002
fff002
001002
fff001
000ffd
003001
000001
003001
ffffff
001001
002000
001000
fffffd
ffdffe
ffd001
000002
000001
ffefff
001000
000005
ffeffe
000fff
002000
001002
ffcfff
fffffd
001000
001001
001fff
000000
000fff
003001
001001
ffe000
001fff
000ffc
fff000
000001
001003
002ffe
000fff
001000
fff001
fffffd
002ffe
004001
fff000
ffffff
001000
000003
ffdfff
002000
ffe000
001ffd
fff000
003003
ffe000
000003
ffeffe
ffffff
ffffff
fff000
fff001
003001
002001
003000
ffe000
001001
001001
000000
000000
fff001
ffe000
001fff
001fff
003000
001ffe
001ffe
003002
fff001
002001
001002
000000
ffe001
000000
000000
fff002
001fff
001fff
000001
fff000
000000
001002
001fff
ffffff
001000
002000
ffeffd
002fff
000000
002ffe
000001
002ffe
ffffff
000ffd
001000
002ffc
ffdffe
fff000
002fff
000000
ffe000
fff002
ffefff
000002
ffffff
001fff
000ffc
ffffff
000001
ffffff
001001
000000
001000
000ffd
001002
002ffe
fff002
000003
000000
001ffd
ffefff
001ffe
000000
000001
000000
001001
fff000
fff000
fff003
ffdfff
002fff
000ffe
002001
001000
002000
001fff
ffefff
fffffe
fffffd
001001
001fff
000000
002000
000ffd
000002
000000
000002
001fff
000001
001000
001ffe
001ffd
001fff
fff001
fff002
002001
000fff
000ffe
fffffc
fff003
ffdfff
001001
001000
ffffff
001fff
001004
ffdfff
fff002
fff000
001ffd
001002
ffd000
001000
000000
002ffe
000001
000000
ffdffe
ffe000
003001
ffd000
001fff
ffffff
000001
001fff
001004
001fff
ffefff
000002
ffd000
002fff
ffefff
001002
fff001
001001
fff003
fff002
002000
000000
002fff
001fff
001001
ffcffe
ffe002
fff000
002fff
000fff
fff002
000ffb
001000
ffefff
002000
001fff
002001
ffe002
000002
fff000
002001
002fff
001ffd
000ffe
002fff
001fff
fff000
001000
fff001
002000
ffc002
000fff
001fff
002fff
002002
000000
002ffe
fff000
001001
003002
ffeffe
000001
000002
fff002
003002
002ffe
003ffd
000001
001fff
fffffe
000003
ffefff
ffffff
001002
002001
001002
ffffff
001001
ffe000
001ffe
fff001
fff001
000fff
fff000
ffefff
000001
000001
000000
003002
ffffff
001000
001fff
001fff
002000
002000
fff000
fff000
000fff
000002
001001
003004
003002
002ffd
ffc001
ffd001
001ffe
fffffd
ffd002
001ffc
001002
001001
001fff
000ffe
fffffd
000000
000002
000fff
000000
001000
000ffe
ffffff
fff000
000000
000001
001fff
ffeffe
ffefff
000002
ffe000
001002
ffffff
ffdfff
002001
001000
002001
000ffd
002002
fffffe
000001
002001
002000
ffd003
001ffe
ffeffe
000003
002000
002fff
001000
000003
001000
ffe000
001000
ffffff
001ffe
fffffe
000000
fffffe
001000
001002
fffffd
001000
000002
fff001
000000
000fff
fff002
000ffd
000002
ffe000
ffeffe
ffffff
ffd001
000000
000000
ffe002
001ffe
000ffe
002001
001ffe
003000
001fff
001fff
000ffd
001000
002003
001001
002000
001000
000000
000002
ffe000
002ffe
000fff
000ffe
001000
000002
fff001
ffe001
ffd002
000000
001fff
ffffff
fff000
001fff
001000
000001
000fff
002005
000fff
000001
000fff
ffffff
004000
000ffe
fffffe
ffffff
000001
000ffe
000002
001002
ffffff
fffffe
ffeffe
000fff
fff001
fff001
001000
000ffe
ffd002
000001
fffffc
001ffd
ffe000
ffffff
002002
004fff
ffe000
000000
002000
ffd000
fff002
002000
001001
001002
000000
fff001
000fff
ffe001
000000
fffffe
000ffe
002ffe
fff000
000004
fff001
ffffff
fff001
000001
000ffc
fffffd
003fff
000000
000ffe
001003
ffe001
001ffe
ffe000
000000
fffffd
000001
000000
fffffc
fff002
001fff
ffdfff
001002
000ffe
001fff
000001
ffe001
000ffd
003fff
ffffff
001002
000fff
002000
002001
fff000
002000
001fff
001000
001002
002ffd
001000
000001
000000
ffdfff
004fff
001fff
000002
000000
000001
001fff
000ffd
ffffff
fff001
fffffe
000000
003000
001ffe
001002
fffffd
ffd001
fff000
000001
fff000
002000
001ffc
ffe002
002fff
001ffe
000000
001000
001ffe
ffeffe
fff002
ffc000
002001
ffe000
001002
ffefff
001ffd
ffeffd
001ffe
002fff
001000
002000
000001
ffe000
003002
ffdfff
fff000
000000
ffefff
ffefff
003fff
000004
fffffd
000002
001ffe
000ffe
fff001
fff000
000001
003003
000000
000ffd
000001
003000
002fff
fff001
ffe002
fff001
ffffff
000001
002001
002001
fffffc
ffe000
001001
001000
002ffe
ffd000
fff001
002000
fff002
001000
ffe000
001000
002001
003001
001000
003fff
ffe000
001000
002fff
fff000
ffffff
000000
ffe000
000000
ffe002
002002
001fff
000002
001002
002000
004000
002000
000002
ffe000
002001
ffbffd
ffe000
000ffe
fff004
ffeffe
000000
001fff
ffe000
ffe002
002000
000000
001002
000ffd
fffffc
000004
001002
002ffd
ffffff
001fff
000000
001ffd
fff000
fff003
fff000
fffffd
000000
ffffff
003002
001fff
002000
000ffe
fff003
ffe003
000004
001000
001fff
ffd001
001000
001003
ffe001
003001
001fff
001000
ffd000
ffeffd
000fff
003002
fffffe
001002
002000
000000
000000
000fff
fff001
fffffe
001fff
ffe003
003001
ffefff
001000
ffc001
000ffe
000ffe
fff002
ffe000
000ffe
ffe000
001fff
fff000
000000
000000
002000
000003
000001
000001
ffffff
000fff
001ffe
fff001
ffe001
003000
ffe000
001001
001000
001000
ffd002
000001
002002
000001
ffd004
fffffe
ffc001
000002
003002
001ffe
000fff
000000
001000
004003
000000
000ffe
001001
ffe001
fffffd
000004
003001
001fff
000001
003002
ffdffc
000002
000000
001003
ffdfff
001000
001000
fffffe
002fff
fff002
ffe000
001001
000001
ffdfff
001000
002000
ffffff
000ffe
002fff
000000
001001
000000
ffffff
fffffe
002002
000fff
ffe000
001fff
001fff
002fff
001000
001003
ffe000
001fff
002000
ffe002
000000
ffffff
002000
ffffff
ffefff
000001
fff000
000001
002000
001ffe
001002
000ffe
ffffff
000001
000001
002001
ffd004
000000
001ffd
001001
fff000
001001
ffd000
ffd001
002ffd
fff000
002fff
fff000
ffffff
003001
000ffe
000003
004000
fff001
ffffff
000003
000000
002000
001ffe
000fff
000fff
ffe001
000000
ffe001
ffdfff
000ffe
fff001
000001
ffffff
001002
001002
000001
fffffe
ffefff
fff001
ffe000
001000
ffdffe
001ffe
002000
000001
000ffe
000fff
001fff
fffffe
fffffe
000001
001fff
002fff
000002
001001
ffc000
000001
001000
001001
ffeffc
ffe000
ffb000
000000
000ffe
001000
001001
002fff
fff000
000002
fff000
000fff
ffdfff
ffdfff
002001
001000
002ffd
004002
000fff
001fff
000001
001ffd
001ffe
000000
ffdffe
002fff
fff001
fff000
000fff
ffe000
ffefff
002000
000002
001fff
001002
000fff
fff001
ffffff
ffe001
003ffe
000000
001000
fff000
001fff
000fff
ffd003
ffd002
ffb001
ffd000
000ffe
000ffd
001004
002fff
000002
fffffd
ffe002
fffffe
001001
001ffd
000001
fff002
001003
001000
fffffd
fff002
001000
000001
002000
001000
ffffff
ffeffe
ffffff
fff002
002fff
002000
002004
001002
001fff
000fff
002fff
000001
001ffe
003002
001002
ffffff
fff000
001000
003ffd
ffd000
fff001
000000
001ffd
ffeffd
fffffd
fff001
000000
fff000
002fff
001fff
002fff
002000
fff000
ffe000
001001
004000
000002
001000
fff002
fff000
005001
ffd000
000000
001005
ffffff
ffeffd
000002
002000
000fff
000ffe
000000
ffeffe
001001
001fff
001fff
fff000
fff001
ffc000
000000
001fff
ffd000
000fff
004002
000ffe
000003
001001
001000
000004
001001
000fff
001000
ffffff
001001
002001
001fff
000003
ffeffe
ffd000
002fff
002fff
001002
ffeffe
002fff
fffffe
004ffc
fff003
fffffc
ffc000
001fff
000000
001000
ffe000
ffe000
fff002
000fff
ffb001
ffd002
002fff
fff002
003001
000fff
fff000
002000
fffffe
fff001
ffe001
001ffd
000fff
000001
002fff
001000
000000
ffe000
fff000
002001
001002
ffe000
002ffe
001fff
001003
000fff
001fff
001ffe
ffd000
fff001
000001
000002
ffdffc
002fff
ffe002
000fff
001fff
ffeffe
000ffe
002000
fff001
003001
002001
ffc001
001fff
ffffff
fff002
000001
ffeffe
fff000
000ffe
ffffff
ffffff
004ffe
001fff
001001
000fff
001003
000ffd
fff001
000001
003001
001fff
fff002
000000
000fff
ffd001
fff002
001000
ffe001
fff002
001001
ffdffe
ffffff
fffffd
002ffd
000fff
000001
fff001
002ffe
000000
ffe001
fffffe
ffffff
fff001
002001
ffd001
003ffe
ffeffe
001000
fff002
002fff
002000
fffffe
ffcffd
000000
000001
ffffff
000ffe
fff000
002001
002000
ffe001
fff000
001000
ffe003
000fff
ffe001
ffffff
000fff
000fff
fffffe
001fff
000000
fff001
fff000
001003
002001
ffefff
ffe002
001002
000002
ffd001
000fff
fff001
002000
001000
fff000
ffd001
ffe002
001000
001fff
ffe000
fff001
ffe000
fffffe
000005
000000
ffcfff
001000
000000
001004
001005
001002
000000
ffe003
001ffe
000000
001000
002001
000000
ffe002
ffeffe
004000
000001
ffe000
001001
003000
000001
000ffe
000ffe
002002
002ffb
ffe001
000fff
000000
ffffff
002002
ffdfff
002000
ffdffe
ffe002
000ffe
ffefff
000fff
000001
000000
001ffd
002002
ffe001
ffd000
001000
000000
002001
002ffe
fff000
001000
000002
000002
ffffff
ffe000
001000
fff000
001000
001000
fff001
000000
ffe000
000001
fffffe
001002
ffefff
001002
001001
001000
fff002
000fff
001000
000000
002fff
ffeffd
002000
fff000
000fff
000001
000001
001ffe
fff001
001fff
fff002
000ffd
002003
fff000
ffefff
000000
002002
001001
fff001
003ffe
ffe002
000fff
ffefff
002001
ffffff
001000
002ffe
000002
ffffff
000002
ffdfff
001000
fffffe
001fff
000000
000ffd
ffe000
ffe002
001002
ffffff
ffdffe
ffe003
36e355
fa1b3c
d223d1
4b3f07
bd7da2
18f489
1d5b8f
bb1220
4a3144
d57bfd
f534c6
3a9cd9
b2dff0
39533b
f72b35
d3f3f8
4b3ed7
bb7dc2
1bb485
1adb76
bbd24d
4b7119
d31c12
f854d3
38ccb8
b29020
3b431b
f46b38
d63413
4a7eac
ba2ded
1e9473
181b69
bd7274
4bf0e7
d0ac32
fb44ce
367c99
b3104d
3cd2f2
f1cb4a
d90425
48fe83
b98e1d
20d452
151b68
bf9292
4b60bd
cf2c57
fdf4c3
33dc85
b47076
3d82c3
ef2b60
dbd425
46fe61
b9ce49
22742d
128b72
c222a8
4a708f
ce4c80
0044ab
314c80
b6209d
3d8299
ed4b83
de941f
44ae4d
baae71
23a406
0fcb85
c4a2b3
48a071
ce2cac
02248b
2e8c82
b880b2
3cd270
ec4baa
e11411
423e40
bc1e97
23e3dd
0e1ba1
c752ad
46b05a
ceccd2
037466
2c1c92
bae0bf
3b824d
ebfbd2
e2d3f6
3fbe40
bdfeae
2363b8
0d0bc4
c982a1
446048
cfdcf7
03c446
2a6ca7
bd10bf
39e237
ec3bf4
e3f3d8
3dbe49
bfeebc
22539b
0c6be2
cb328f
426048
d14d0a
039421
293cc6
bef0b5
382229
ed0c11
e483b7
3c0e5e
c1debb
20c384
0cbc00
cc3273
40b051
d30d14
02a409
290cde
c060a2
36322a
ee7c20
e4239b
3b4e77
c39eb4
1f637d
0d8c1b
cc925b
3f9062
d4cd14
0133f9
295cf9
c0e08d
34f236
f00c2d
e34389
3b3e8c
c4aea1
1de37f
0ebc27
cc0243
3ee07a
d5fd07
fff3f7
2a4d0d
c13074
341244
f19c26
e1d37f
3b9ea4
c4ce8b
1ca38e
103c28
cae233
3f008f
d68cf5
fe7400
2b8d12
c04064
33d25c
f27c15
e0837d
3ceeb2
c47e70
1be3a4
11ac1c
c9722a
4000a6
d6ccdb
fd6410
2d4d11
bee052
34227a
f2fbfc
df338c
3e8eb6
c37e5c
1c03be
12dc06
c7b230
41c0b4
d62cc0
fcd42d
2ebd01
bce04f
35a28e
f31bdf
dda3a5
409eb0
c17e51
1cb3dc
136bea
c5a243
43a0b7
d4dca7
fcd44e
303ce3
bb1055
37729e
f27bbc
dd33c7
424e9c
bf8e49
1e23f9
136bc3
c4625f
4620b2
d2cc92
fde473
30ecc1
b8e06e
39e2a5
f09b9d
dd43ef
441e7d
bcee51
20b40c
128b9e
c3a286
48309e
d01c8b
ff6494
311c94
b7008c
3cb29e
ee4b84
ddd41a
452e53
ba5e64
237418
110b78
c332b6
4a5078
cd2c91
01c4b1
307c67
b580b3
3f628e
eb7b74
df5443
45ce26
b7ee81
26541b
0e9b54
c3a2e5
4c1051
ca2c9e
04b4c3
2f0c39
b4d0e5
421271
e85b70
e1b469
45adf3
b63ead
29640c
0bcb3c
c4f319
4d2022
c77cb8
07e4cf
2cec0e
b4c119
443248
e4eb76
e4a486
448dbd
b4cedb
2c63f6
086b30
c6f344
4d8feb
c4ece0
0b44ca
2a5bee
b5b14d
45d216
e1eb8a
e7b497
42ed90
b44f12
2f13d3
051b30
c97367
4cdfb4
c31d0d
0ea4b6
26cbdc
b70180
46c1e6
df2bad
eb049a
407d6a
b46f4a
3143a6
01cb3b
cc7381
4bbf81
c23d3e
11449c
23cbd2
b931a9
46a1af
dd1bd4
ee3494
3dcd4b
b56f7c
32837a
fedb4f
cf138f
49ef5a
c1dd73
13947c
209bd4
bb81c7
46217e
db6c00
f11482
3acd3a
b6dfa5
32e34c
fc5b6f
d2638f
47af37
c20da6
157453
1ddbe1
be81db
44d153
da8c2d
f36469
37fd36
b8dfc6
33031c
fadb94
d53386
454f22
c2ddc9
16642b
1b7bf8
c0f1e1
431133
da8c54
f53449
354d3e
baefde
3202f4
f9fbb9
d76374
42ef18
c49dea
167406
19ec10
c331df
413120
db0c79
f6442b
337d4a
bd2fe4
30e2d8
f99bd7
d8f35d
40df1c
c5edfb
1613e6
18cc2d
c501d3
3f7114
dc1c92
f6340d
31dd60
bebfe4
2f92c6
f9ebf4
d98349
3f6f22
c7ae00
14f3d3
18bc4c
c641c1
3de117
dd4c9f
f623f7
316d6f
c03fd9
2e52c2
faec08
d9d330
3e6f35
c8ee00
1413c6
190c5a
c691af
3ce11f
de6ca1
f533e9
319d84
c0bfce
2d12ca
fb9c0c
d94323
3e4f43
c9ddf7
12e3c4
1a0c62
c641a1
3c912f
df4c98
f453e6
325d90
c09fbd
2cd2d7
fcac08
d8831c
3ecf51
c9cdea
1273d4
1b0c63
c5519a
3d1141
df9c8b
f383f1
334d92
bf8fb0
2cc2e6
fd5bf8
d75325
3fef59
c91dd4
1213e6
1c0c51
c3d198
3e014e
df4c72
f2b406
34cd87
be6fa7
2dd2fb
fd9bde
d5e334
419f57
c7ddc6
128402
1ccc3a
c231a5
3fd155
de6c5a
f29424
364d76
bc6faa
2f5312
fcebbe
d4f352
438f4b
c5edbc
13d41d
1cec18
c091be
422155
dc6c43
f2f449
374d54
ba5fb9
31831f
fbab9f
d4a37b
45bf2e
c34dbd
15a43b
1c8beb
bf31e1
448146
d9fc34
f4546d
37cd27
b81fd4
34831f
f9db7c
d4f3a5
470f09
c04dc6
184450
1babbf
be720e
473129
d6fc2d
f65493
37ccf1
b60ffb
37a315
f70b63
d5f3d7
487ed9
bd8ddf
1b745a
197b97
be3247
49a107
d3cc34
f914b3
370cc2
b4302c
3ab2ff
f3bb52
d7b40b
490ea2
bace02
1f145d
169b70
be927f
4b50d3
d00c41
fc84ca
354c8e
b36064
3dc2dd
efeb4a
da6435
489e64
b87e34
22d44f
136b52
c012b5
4ca09d
cccc61
0054d4
32ec5d
b330a4
4062af
ec1b54
dd9455
477e2c
b6fe6b
262436
0fbb41
c202eb
4d305f
c9ec8b
0454d8
2ffc35
b400e1
42327a
e87b65
e1346a
45fdf4
b60ea6
298412
0beb3e
c4e313
4cd021
c7bcb8
07f4c7
2c8c16
b53117
439242
e52b85
e4f476
435dc3
b5fee3
2c03e3
082b46
c83335
4befe8
c61cf1
0b44ae
290c0b
b7714d
440207
e29baf
e89474
40ad9f
b67f1d
2db3b0
04cb57
cb834a
4a3fb2
c58d2b
0e348c
258c05
ba0170
43d1d0
e06bd8
ec0469
3dad85
b7cf4e
2f0380
01eb78
cea354
480f8d
c57d5f
105465
224c0a
bc918e
42e1a0
defc09
eef453
3aad7a
b98f7a
2f134c
ff9b98
d1a350
45cf6e
c5ed8d
11a43b
1f7c1a
bf719f
419178
de8c34
f0e438
380d7b
bb6f96
2ee321
fe2bb7
d3f343
438f5c
c6edb1
126413
1d5c30
c191a3
3f915c
de8c5b
f2541b
35ad7e
bd9fa9
2e4302
fd6bdb
d60338
417f58
c80dcf
1243f4
1c2c48
c3b19f
3e3149
df3c74
f2f3fe
341d8e
bf5fad
2d22ed
fd5bf2
d71325
3fef5a
c98dd8
1203dd
1bdc5d
c4c192
3d1146
e00c89
f343ec
331d99
c05fab
2c22e2
fdbc02
d77313
3edf61
ca5ddf
1183d5
1b7c6b
c54185
3c214a
e0ac8f
f2b3e2
332da8
c0dfa5
2b72e5
fe3c0a
d75309
3ebf69
cacdd7
10b3cf
1c0c71
c57180
3be154
e11c8a
f223e2
33adaa
c0bf9b
2b42eb
feac02
d6a30b
3f4f71
caadcb
10a3d9
1cbc6e
c4a17b
3c515f
e11c7a
f1c3ec
348da9
bfef97
2bb2fe
fecbf3
d61314
405f71
ca0dbd
10a3ee
1d8c5b
c33183
3d8164
e08c6a
f15402
359d99
be4f94
2cc30a
fe9bde
d52327
41df69
c86db7
119408
1dcc3f
c1f196
3f5161
df1c50
f1841e
369d7f
bc7f9c
2ec31a
fddbbd
d4734a
43cf56
c60db3
130425
1dac1b
c081b4
41c15d
dcec40
f29445
378d58
ba3fb1
314320
fc4b9c
d45375
456f36
c33db6
15843b
1ccbee
bf41dc
448146
da1c32
f4246e
37dd28
b7cfd5
346321
f9ab7f
d523a9
472f09
c03dc8
18844f
1b4bbf
be8214
473128
d6dc32
f6d494
378cf3
b61003
37d311
f68b63
d693da
484ed2
bd3de6
1c1456
18fb93
be924d
4990fa
d31c37
f9f4b6
368cb8
b45038
3b32f9
f2bb54
d88410
48ce94
ba4e15
200455
15ab6e
bf728c
4b80c1
cf3c4d
fda4cb
346c7f
b3b077
3e72cc
eebb4f
db643c
481e55
b7fe46
240442
11eb50
c0b2c7
4ce084
cbbc72
01b4d7
31ac4c
b3b0be
414295
ea6b5b
df1461
46fe0f
b66e86
27e427
0e0b3d
c34303
4d303e
c88ca5
0614d2
2e6c21
b450fd
436260
e66b70
e3247b
44ddd5
b53ec9
2b53fd
099b37
c65332
4d0ffa
c5dcd6
0a54c6
2a8c01
b6013c
44d21d
e2db93
e74486
427da3
b51f0d
2e43cb
058b3f
c9c356
4c0fb9
c45d13
0e04aa
269bee
b7e177
4541db
dfabbd
eb7485
3f5d78
b5ef4c
305395
01db52
cd8372
4a4f83
c33d51
115486
22bbe9
bab1a7
4521a0
dd5bf0
ef147b
3c0d5b
b71f88
31935d
fe7b71
d1237a
47ef55
c30d8a
13b45c
1f1bee
bde1c4
448169
dbbc20
f25465
38ad45
b8ffb4
322325
fbcb93
d4937c
457f32
c3bdbf
15442e
1c2bfa
c071d9
42f13d
db1c51
f4c449
359d42
baefd9
3222fb
fa1bb7
d73373
430f1a
c45de9
16b407
199c13
c351e0
414119
daec78
f6942c
331d45
bcefee
3152d0
f8ebda
d99367
40df0c
c5ce09
16e3e3
182c29
c541e1
3fc104
db2c9c
f78412
315d4f
becffc
3072b7
f85bf6
dae356
3f4f0e
c6be1b
16a3c7
173c3b
c6e1de
3ec0fa
dbdcb0
f813fe
301d57
bfeffe
2fd2aa
f89c0a
dbb347
3dff0e
c7ce24
1663ba
16ac4b
c7b1da
3db0f9
dc4cba
f813ee
2fad62
c0cffa
2f32a5
f8ac10
dbd341
3daf14
c80e25
1613b6
16dc4e
c7b1ce
3d70f9
dc2cb9
f7e3f1
2fed65
c08ff8
2f32a6
f8fc0d
db6340
3e1f14
c7ee1d
1613bd
170c46
c721d3
3e00ff
dc1cb0
f7d3f9
308d5e
bffff6
2fd2b0
f8fc01
dad34c
3eaf10
c70e19
1693ca
176c38
c641de
3f1100
db0c9f
f7d40c
311d4b
be9ffd
3122b9
f83beb
da9363
403f01
c54e15
1793e1
177c19
c501f4
40f0f8
d98c90
f8842c
31dd2f
bcb00b
3332c1
f70bcf
da5387
41fee8
c32e14
19b3f7
16bbf7
c3f217
4350ed
d74c85
f9d44c
327d08
baa027
35f2c6
f4bbae
dac3b2
435ec6
c07e22
1c340c
15cbcb
c31243
45e0d1
d42c7e
fbc473
325cd5
b8704d
38f2bc
f22b92
dbb3e4
448e93
bd7e3e
1f941b
13cb9d
c3027a
4810a8
d0ec84
fe7492
316c9e
b6d080
3c72a9
eecb86
ddb418
452e5a
ba6e62
23341b
10db76
c362b8
4a7077
cd0c92
0204af
2ffc66
b5a0be
3fc281
eaab7a
e03449
453e19
b7be96
27540e
0d7b54
c492f9
4c3039
c94cb3
0644c2
2dac26
b54102
42f254
e64b7b
e3b477
449dd1
b57ed3
2b63f8
094b37
c6a336
4d3ff5
c57cdc
0ac4c7
2a9bf8
b5a14a
45b219
e20b8d
e78497
42fd8e
b40f14
2f33d5
04eb2b
c9536f
4d7faa
c26d12
0f54be
26bbce
b6a191
4761d8
ddcba9
ebf4a9
403d52
b33f60
32d3a2
003b2b
ccd39f
4c9f61
c01d50
1384a9
225bb0
b8d1cf
48c194
da0bd3
f084b3
3d5d1b
b3afa6
35b36c
fbcb36
d0e3c2
4b3f20
be5d8f
179487
1e3ba0
bb720a
48f14d
d6dc03
f4e4b0
39ccf2
b4afe7
37c32e
f7cb54
d503da
48eee4
bdadd2
1ad45d
19cb9e
be9239
48910a
d4cc3d
f8b49b
35dcd7
b62023
38b2ed
f48b75
d8d3e4
463eb1
bd9e14
1da42a
15ebab
c1f258
4750ce
d2fc76
fc6480
326cc7
b83057
3952b3
f19b9f
dc73e0
439e8f
be6e4a
1f23fc
127bbc
c4f26d
45d09c
d24caa
ff1464
2f0cc1
ba907d
392280
efcbc7
dfc3d4
409e76
bf5e7b
2053ce
100bd2
c7e277
43e078
d25cd6
00f43f
2c1cc9
bcf094
385254
ee9bef
e1f3c3
3e2e6b
c0ee9d
20a3a4
0e4bed
ca6275
42305e
d29cfe
022422
2a5cd5
bee0a4
378239
edfc11
e3e3b2
3c2e68
c21eb1
209386
0cfc06
cc126d
406051
d31d15
02b40a
28cce1
c070a7
36c224
edcc23
e493a2
3aee6d
c34ebf
203376
0c7c15
cd126a
3f804b
d3ad22
02c3fa
27fce9
c150aa
35a21a
edfc32
e51397
3a6e6f
c3bec3
1ff36d
0c6c1b
cd8266
3f504e
d41d28
02d3f4
27dcec
c180aa
35d21b
ee0c35
e4f397
3a4e6d
c3aec3
20036c
0c6c18
cd7266
3f904f
d3ad21
02e401
285ce6
c0e0a8
365220
edec29
e4d3a0
3aee67
c2cec0
208379
0c7c0b
cca272
40804b
d2ad1e
03140e
28bcd6
bfb0b2
378224
ed0c17
e4c3b8
3bfe56
c12ec0
21d386
0c4bf1
cbc28a
423041
d13d13
041425
290cb5
be20c5
397226
eb8bff
e4d3db
3d2e3a
bf2ecc
23c39b
0b7bd4
cb32b1
44302c
cecd0b
05a446
293c8f
bc80e5
3c2221
e96bea
e5b402
3e4e16
bcdede
2673a4
098bac
cae2df
46400f
cbbd0a
080465
288c5e
bb2110
3f0210
e64bd9
e72432
3f0de1
ba0efa
29d3a8
076b85
cb1314
484fe0
c86d19
0b247d
274c29
b9e144
4251f4
e2ebce
e9645d
3f2da4
b79f2a
2d83a2
041b61
cc034e
4a2fa5
c4bd34
0ef490
250bf2
b92188
4541c9
dedbce
ec9486
3ebd61
b54f63
31d38d
004b45
cdf38e
4b5f65
c0fd57
136498
223bbe
b951cd
485190
da7bd6
f074ae
3d5d1e
b3cfa5
35b36f
fbcb35
d083ca
4b9f1c
bded8d
17d494
1e6b93
ba6215
4a4150
d60bf2
f4c4c8
3aecdb
b2bff0
39733c
f72b33
d403fc
4b2ed5
bb1dca
1c5480
1a5b73
bc4256
4bf109
d1ec1d
f974d4
37fca6
b2a039
3ca305
f29b3e
d80423
49ee8c
b93e0d
20d45e
158b5f
bef296
4c20bd
ce7c4e
fe44d2
340c74
b39085
3ec2c4
ee2b55
dc343e
477e47
b85e56
247432
110b58
c202cc
4bc076
cbec88
0284bf
306c54
b510c7
404280
ea0b7a
e0c44b
44be13
b82e9e
276401
0cbb5e
c5c2f1
4aa034
c9dcc8
06a4a5
2c2c40
b77102
41223d
e6fba6
e4d44a
41ade4
b8bedd
2983c9
08bb75
c99310
48eff3
c8fd05
09f481
27fc3b
ba112f
40e200
e45bd7
e8b442
3e5dc4
b9bf17
2af390
056b8e
cd1319
46efc8
c8ad40
0c5458
248c3d
bd0151
4011ca
e2dc06
ebb42d
3b3db6
bb8f46
2b735f
030baf
d0331c
449fa3
c8fd6f
0e1431
219c49
bf9165
3ed19d
e22c32
ee3415
388daf
bd7f69
2b9333
014bcf
d2e313
426f8f
c9ad94
0f540a
1fbc5a
c1b16e
3da17f
e1dc54
efe3fe
365dad
bedf7c
2b230f
004bec
d4930c
40af82
caadb1
0f93f0
1e3c6d
c39170
3c616a
e1ec70
f0b3ea
34ddb7
c04f87
2ac2fd
ffec00
d5d304
3f6f81
cb5dbd
0f73de
1d7c78
c4a16e
3ba166
e23c7b
f123df
33fdba
c10f87
2a22f5
ffac0a
d632fb
3eff7f
cbbdc2
0f63d9
1d4c7f
c4e16a
3b2164
e24c80
f103d9
341dbd
c10f8b
2a42f8
ffcc08
d622fd
3f2f80
cb8dc1
0f73dd
1d6c77
c4916f
3bd166
e21c77
f103e4
34adb8
c04f8a
2ad2fc
ffabfd
d59307
3fff7b
ca9dbb
0fd3e9
1d9c67
c36177
3ce168
e13c6a
f113f9
356da4
bf0f8e
2c5308
ff1be7
d5231f
416f70
c90db5
110400
1dbc4d
c24191
3ef164
df9c59
f1a415
364d88
bd0f9b
2e5315
fddbc4
d4a33f
435f58
c6adb8
13241a
1d4c25
c111ae
41215b
dd3c48
f2c43b
36fd5e
ba9fb4
310316
fc1ba6
d4b370
450f33
c3cdbf
157431
1c8bf7
bfe1de
440143
da4c3f
f4a465
372d29
b87fd8
343311
f98b87
d5f3a3
468f05
c09dd4
18d443
1a8bc6
bf4215
46b11b
d68c3b
f7648a
36ccf2
b6800b
37e303
f5db6b
d753de
478ec9
bd3dfa
1cb44e
17eb95
bf7255
4970eb
d26c4a
fad4ac
353cb1
b4e04a
3ba2e6
f19b5f
d9e415
47fe83
ba1e24
20d444
147b6c
c03298
4b80af
ce8c63
fee4c5
334c71
b3f08f
3f32b8
ed5b5b
dcf444
477e3e
b7ae5f
255436
108b4b
c222dd
4cf068
ca8c87
0394d0
305c3a
b3e0d6
42327f
e89b62
e0e46f
463df5
b59ea5
299416
0bdb36
c4831a
4d801d
c70cb9
0814d2
2cbc0a
b4c122
445240
e44b7b
e5248a
440db3
b4bef0
2d83eb
075b33
c8034d
4d5fd2
c43cf4
0c84c0
287be6
b65167
4661f9
e04ba0
e9c49a
410d79
b45f38
30a3b1
02bb38
cbb37a
4bff8b
c27d35
1104a3
244bd2
b8c1a5
4701b5
dcabd3
ee3498
3dbd48
b50f7f
32a376
fe6b4b
cf9396
4a1f50
c10d78
14947c
1fdbcb
bbb1d6
46a171
da3c02
f2648a
3a0d29
b66fbc
341338
faeb6b
d3b3a3
47cf19
c0fdb9
17244d
1bebd1
bef1fb
45d134
d89c3a
f5d475
369d19
b85fed
3502ff
f7fb91
d743a2
44fef4
c14ded
194422
189be0
c21212
443103
d77c71
f8a454
335d12
ba7018
34f2cd
f61bb9
da839c
423ed9
c24e1e
1a63f4
163bf6
c4e21c
42b0df
d74c9e
faa434
307d16
bce030
3432a2
f4ebe1
dcd38f
3fced0
c3ae41
1ab3cb
143c0d
c7521d
40d0c5
d7ccbe
fbd415
2e9d1b
bea03e
337286
f45bfb
de637c
3e3eca
c4ce54
1a93b1
133c24
c8d219
3f70b9
d81cd5
fc6403
2d5d29
c02040
328279
f45c14
df036d
3cdecd
c5fe5e
1a639f
12cc33
c9820f
3e80b7
d8cce4
fc53f8
2cad2f
c0a03e
31e26f
f49c1a
df1367
3c7ed2
c65e61
1a039c
12ec3a
c9c20c
3e50b6
d8dce0
fc23f4
2cdd32
c0b03c
31d274
f4ac18
df1367
3cded2
c5fe5e
19f3a3
132c33
c9220c
3f10bb
d8ccd7
fc13ff
2d9d2b
c0003e
32927b
f47c09
deb372
3dbed2
c4fe55
1aa3b2
136c21
c8421d
4010ba
d77cc9
fc4416
2e2d18
be8046
342284
f3abf4
de238e
3f2ebd
c35e53
1bf3c9
132c03
c74232
41f0b5
d5ccbc
fd1434
2edcf7
bc9053
36628b
f24bda
de33af
40bea4
c0de5b
1df3dc
126bdc
c6325a
4450a1
d35cb2
fe7457
2f3cce
bac073
38f288
f00bbe
deb3e0
420e78
be2e6c
20b3ec
10fbae
c58289
46d083
d00cac
00c478
2ecc97
b8a09f
3c627b
ed0ba2
e0240f
430e42
bb1e88
2423f4
0ebb88
c592c4
494056
ccacb8
03d499
2dcc61
b740d6
3f9263
e99b95
e27444
43ae07
b84eb1
2813f4
0bab63
c66300
4b1020
c8cccc
07b4b2
2bac27
b65113
42f23c
e56b90
e5446e
433dc4
b5fee8
2c53e1
07db41
c7e33f
4c8fdf
c54cf1
0be4bb
291bf2
b6615c
45c207
e10b9b
e8f497
41dd82
b44f29
3053c0
038b2f
ca8379
4cdf99
c1dd22
10a4bb
257bc6
b731a4
47d1c8
dccbb4
ed14b1
3fad42
b33f70
33a399
ff1b2d
cdd3ad
4caf4e
bf2d5c
14c4a5
217ba3
b8f1e6
498183
d8abd6
f1a4be
3ccd0a
b31fbb
370362
fa8b35
d183d8
4b5f08
bd8d9d
18f48b
1d2b90
bb4224
4a213d
d5bc03
f604bb
396cdc
b3d001
391325
f65b49
d573ee
497ecd
bc3de1
1c5462
18bb8b
be7251
49c0f7
d2ec3c
fa54af
35ccbe
b5403b
3a82e7
f2db69
d9a3fc
46ae99
bc2e23
1f2431
14fb94
c1c276
4860bb
d15c78
fde491
320cac
b75071
3af2ab
f00b93
dd63f9
43ee75
bcde5d
210402
119ba7
c5028b
46e088
d07cb0
008471
2e9ca8
ba0095
3a7276
edebc0
e0a3ed
410e5d
be3e8b
2233cf
0ebbbf
c82292
44d060
d06cdf
02844f
2b8cae
bc50b0
39e246
ecfbea
e323d8
3e5e51
bfbeb2
2223a6
0d0bdb
cac293
42d04a
d10d05
03942d
298cbc
be80b8
38b225
ec7c09
e4e3c6
3c4e50
c14ec4
220383
0b9bfa
ccd287
41103d
d1cd20
04040e
281ccb
c050ba
374214
ec7c27
e593ac
3ace57
c2bece
21636e
0b7c11
cd827a
3fe03e
d2cd2f
03f3fd
273cdb
c160b8
369210
ed1c36
e5c39d
39fe60
c38ecf
20c365
0b8c1a
cdf26e
3f4041
d37d2f
0353f4
271ce4
c1c0b3
361211
edac39
e5b39e
3a2e67
c39ecb
20436a
0c3c1b
cda26a
3f7049
d3bd29
0313fb
27ece4
c110ad
36421b
edac2c
e4f3a0
3ace66
c30ec2
20a376
0c9c0a
ccb273
40504c
d2dd1b
03040e
28bcd7
bfe0ae
372227
ed6c19
e463b2
3c1e5e
c1aebd
215389
0c8bf5
cb9284
41e04c
d1bd0a
036429
298cc1
be40b9
38f22e
ec7bfe
e433d5
3d5e49
bf8ebf
23039e
0c3bd6
caa29f
44103f
cf6d01
04a448
29dc99
bc50d1
3b822f
ea8be3
e4b3fc
3f0e28
bd1eca
2573b2
0aebae
c9c2cc
467025
ccacfb
069466
29dc6c
bac0f5
3e6226
e7ebcb
e58425
400df8
ba4ee1
28c3bb
090b84
c9c2fe
48affe
c94d01
095487
28fc37
b93125
41920e
e48bbc
e78459
40adbd
b79f0a
2bf3bc
063b60
ca6339
4aafcb
c5fd0e
0cc49c
276c04
b82164
44b1ea
e0dbb7
ea5483
402d84
b56f3c
3003ac
02fb40
cbb373
4bcf8d
c27d32
10a4a6
24abd0
b841a4
4731be
dc6bbe
ed84a6
3efd44
b3bf76
33d38f
fecb2e
ce33ac
4c5f4b
bf5d5e
14f4a7
214ba4
b911e8
497182
d8bbd9
f1a4c0
3d2d07
b2dfb9
372367
fa7b2d
d133dc
4bff09
bccd96
194494
1d6b87
baa227
4ad13d
d4ebfb
f5c4ce
3a4cd3
b2affe
3a032f
f64b39
d4f3ff
4acec7
bb3dd6
1d1476
193b74
bd2260
4b40fa
d1fc29
fa14c9
36dca8
b38040
3be2f4
f23b4f
d8c415
489e8e
ba6e1d
20144c
155b6f
c0328e
4ad0b9
cf9c62
fe04b6
334c8d
b52079
3d32b7
ef1b71
dce421
460e5b
ba7e57
22b41f
113b7e
c392ac
49b081
ce0c98
01949a
2f8c81
b760ad
3d527c
ec4b9b
e0641b
431e3a
bb5e91
2443e5
0e1b95
c6c2bc
47a050
cdccce
04347a
2c2c7d
ba00ce
3cf245
eaabc6
e3a406
403e26
bc8ebd
2533b8
0b9bb1
c9d2bd
45702d
cdecff
05c454
294c89
bc80e3
3bb21d
e9cbf1
e5e3f1
3d4e21
be8edd
25238d
09fbd1
cc62b8
436017
cebd28
069431
270c9d
bed0ed
3a5200
e97c19
e773da
3b3e24
c04ef1
246370
090bee
ce32a9
419012
cfed3d
06d40d
25dcb0
c0b0ea
3911f3
ea3c30
e853c2
399e2e
c1aef8
23a358
08fc04
cf1299
401015
d0ed4a
0663fa
257cc4
c1d0dc
37c1f1
eadc43
e813b0
38fe40
c2cef3
229352
092c14
cf728c
3f4020
d1ed49
05b3f1
259cd0
c200cf
3741f6
eb5c42
e763a5
38fe4a
c30ee9
222358
0a2c16
cec284
3f702a
d23d3f
04d3f8
267cd4
c1b0ca
376202
ec0c36
e6a3ac
3a1e4c
c28edd
220369
0acc0b
cdd287
407030
d1bd2f
04c405
277cc9
c050c7
380210
ec0c1c
e5b3bd
3b4e4b
c11ed0
22b37d
0b3bf0
cca292
421034
d06d1c
050425
288cb3
beb0cf
39821e
eb4c04
e583db
3d0e37
bf3ecf
241393
0aebd4
cb42b2
44302d
ce9d0a
05c445
291c90
bcb0e3
3c1222
e9abe9
e57401
3e7e17
bcfed5
2643a6
0a3ba8
ca52d6
467015
cc2d05
075466
294c63
bac106
3ec21a
e75bd0
e6442e
3fcdec
b9feee
2933b2
082b83
ca2309
48bff4
c8ad07
0a0484
286c30
b95131
420207
e3dbbe
e8145d
402db6
b75f0f
2cb3b4
05cb5c
cab342
4abfc4
c57d17
0d449c
26dbfb
b8416a
4501e8
e05bb6
ea8485
400d7e
b54f3d
3023a9
027b3e
cc0379
4bcf89
c21d32
1114a7
249bcb
b851a6
4791b7
dc6bc0
edd4a9
3eed40
b3af79
33d38b
febb30
ce43ad
4c4f4d
bf1d60
14f4a4
214ba4
b8c1e9
498184
d8ebda
f184c1
3d1d09
b2bfb9
371368
fa9b2b
d133d9
4bef0c
bcfd94
190495
1dab87
ba6222
4ac143
d53bfc
f574cb
3a5cd6
b2bffa
39e335
f66b36
d4a3fb
4a9ecd
bb7dd4
1c9479
19bb79
bd0256
4ae103
d28c25
f994c2
371cb0
b3c037
3b72fe
f2db50
d83410
48ae97
babe10
1f544d
15fb79
bfe27e
4a70c7
d07c5a
fd34b3
339c98
b5606b
3c62c2
f00b72
dc1416
45fe70
bb1e4b
219420
126b87
c32298
48f091
cf7c90
005493
300c90
b7c097
3c628c
edab9d
df640c
431e4e
bc0e7e
22f3f1
0f7ba1
c632a4
47106a
cf0cc7
026471
2d1c95
ba40b3
3bb259
ec7bc7
e233f9
405e45
bdbea4
2343c0
0d4bbe
c902a2
44f04a
cfbcee
040447
2a6ca4
bcb0c1
3a7237
ebdbef
e453de
3dae42
bf9ec0
230399
0c0bde
cb6296
42f03e
d09d10
042428
28acb8
bee0c6
38c21f
ebfc10
e553c2
3bce4e
c16ecc
22437d
0b8bf8
ccf289
40d03b
d20d26
04340a
27ccce
c080bd
373216
eccc2d
e593a9
3a6e5c
c29ecb
21336c
0bcc0f
cd8272
3fb043
d33d2c
0343f9
279ce2
c150b0
364217
ee1c32
e53398
3a3e6f
c39ec2
20036c
0c7c1b
cd6261
3ef052
d44d23
0263f6
285cf5
c1709d
353224
ef2c30
e44392
3ace7a
c3feb1
1ef37a
0d9c1c
cc725b
3f5063
d48d13
018400
294cf3
c09093
35a238
ef6c20
e32397
3bee80
c35ea0
1f138b
0eac12
cb225a
40b06f
d41cfd
00e413
2abce8
bf108c
369249
ef7c05
e223ad
3d5e7d
c1be96
1f93a9
0f2bf3
c9a268
426073
d2fce9
00c432
2c1cd2
bd3091
386258
eeabe9
e173ca
3f2e6b
bf9e90
20f3c1
0efbd2
c82284
44b06c
d0fcd2
01c455
2cdcab
bb30a6
3a825f
ed3bc9
e173f2
40ee4d
bd4e94
2373d4
0e5ba7
c6d2af
47305b
ce3cc8
03547b
2cfc80
b920c4
3d825e
eacbad
e20423
425e21
ba8ea6
2623e4
0cab7c
c6c2dd
49a039
cb2ccb
05c498
2c5c4c
b780f0
40b24b
e7bb9b
e3d450
42fdf0
b7ceca
2983e7
0a2b5a
c70312
4b600b
c7ccd9
0934af
2aec1a
b69128
43722c
e42b95
e6247a
42ddb6
b58ef6
2d13dd
06eb3c
c8634b
4cbfd2
c49cf8
0ca4bb
289beb
b63166
45f201
e07b9a
e9349e
41cd78
b41f2a
30a3c1
036b2d
ca737c
4d0f92
c1ad21
1064b7
25abc3
b711a1
47e1cc
dccbb0
ecf4b1
3ffd45
b34f68
33639c
ff9b29
cd13a6
4cbf57
bfad55
1414a7
224bae
b8b1d9
48f190
d9abd2
f0a4b7
3d5d15
b38fa6
35d36c
fbfb34
d073c2
4b5f23
be4d89
17748c
1e6b9f
baf206
491155
d71bff
f444af
3a5cf7
b44fde
375339
f88b4f
d403d3
496ef0
bdfdc5
1a2465
1adba1
bdd22a
48711e
d55c2e
f7849e
372ce6
b6100e
37d302
f60b70
d783d7
46eecb
be5dfa
1bd43a
17cbb1
c0b23e
46f0f2
d4dc5f
fa147e
33ece2
b84032
37d2cf
f40b9b
da93cb
442eb7
bf9e26
1cc40d
153bcb
c3a246
4500cb
d4dc8f
fbe45c
314cec
baa04a
36c2a7
f2fbbd
dcc3b3
416eae
c14e49
1cc3e0
13bbe8
c6623f
4310b4
d57cb5
fce437
2f0cfa
bd1050
358288
f32be6
de639a
3f3eb6
c2fe5c
1c13be
12bc09
c8022f
4120ae
d6cccc
fd041a
2d6d13
bef04a
33c27a
f37c04
df1381
3daec2
c4ce60
1b03ac
12ec25
c91219
3f20b5
d82cda
fc63fe
2d3d28
c0403e
322276
f47c12
df2365
3cded5
c5ee5a
19a3a4
134c39
c99202
3e40c3
d9acdb
fb73f4
2dad3e
c0a02b
30f281
f5cc15
de3357
3d2eea
c6be48
1863a6
148c40
c8a1f6
3e40d3
da6ccd
fa13f3
2e9d49
c06019
30b290
f6dc0e
dce355
3dbef8
c6fe36
17a3ba
15dc3c
c781e9
3ea0e9
da8cb6
f92405
2ffd4b
bf400b
30d2a8
f79bf6
db6361
3f4efd
c5de1f
1793d2
16fc28
c5d1ee
4020f8
da1c9c
f8541d
31ad39
bd7004
3232c2
f78bd8
da137b
412efb
c41e0f
1863f2
17cc09
c45201
4260fb
d8ec81
f87442
332d21
bb300a
3432d4
f6cbb4
d9339a
434ee9
c1ee09
19b40e
17cbdf
c2721c
44c0fa
d6ac6c
f92466
341cf9
b8d01d
36a2dc
f54b95
d923c4
452ec9
bf2e0a
1c3427
170bb3
c14248
4770e2
d3bc60
fad48f
344cca
b6d041
39b2db
f2db78
d9e3f4
469e9c
bc2e21
1f4439
155b8a
c09277
49f0c3
d0ac5f
fd44af
33ac98
b5006c
3cd2c8
efbb65
db5421
476e66
b97e41
22943a
12db66
c112b0
4bc094
cd4c6f
0084c6
323c66
b3e0a1
3fe2ab
ec3b5b
dda44f
474e2c
b78e6c
260431
0fcb45
c262e3
4cf061
ca3c8b
03d4d2
303c37
b3e0da
42327f
e8bb66
e0d46f
463df6
b5bea2
293419
0c3b37
c45314
4d8027
c79cb2
0774d2
2d3c12
b4a112
44224f
e53b7a
e43480
449dc7
b51ed9
2c13f3
088b33
c6f339
4cefee
c57ce6
0ac4bf
29fbfd
b61148
44f214
e26b98
e7d486
41ed98
b56f14
2e33c4
051b42
ca0353
4b7fba
c49d18
0de4a3
26abf6
b89171
44d1de
e03bc5
eb347c
3f0d7e
b64f48
2f6394
022b5d
cd7362
499f8d
c43d4b
10247d
233bf8
bb1191
43e1ad
dedbf1
ede469
3c0d71
b81f6f
300362
fffb7c
d06361
474f70
c4ed7a
11c452
208c07
bdc19f
429184
de3c1f
f0644f
393d73
ba2f8d
2f433a
fe7ba3
d2f351
44af61
c60da0
125427
1e8c23
c081a3
40b16b
de6c46
f1842a
36cd7d
bc7f9e
2e4314
fe2bc8
d4d33d
428f5e
c7bdb9
11f406
1d4c40
c29198
3e815d
df8c63
f22409
350d91
be8f9d
2cd2fe
fe3be7
d60321
408f65
c97dc5
1113ea
1cec5c
c41185
3cd159
e11c79
f1c3ed
342da7
c06f97
2b22f4
ff2bff
d66308
3f5f7b
cb2dc4
0ff3df
1d6c77
c4a16d
3b9166
e26c7e
f0e3da
343dbf
c12f85
29e2fa
007c09
d592f1
3f0f8f
cc4db6
0e63d9
1e5c84
c45157
3ae177
e3ac74
efa3d3
351dd3
c14f6f
28c30c
01dc06
d482e4
3f9fa4
cc9da2
0d33e8
1fbc88
c3514a
3ad18d
e45c60
ee33da
369ddb
c04f58
28b324
02ebf7
d2e2e6
40afb1
cc6d88
0c6401
211c7a
c1d142
3bf1a7
e48c43
ecc3f0
383dd8
beff4b
293342
03dbdc
d132f5
42bfb8
cb1d72
0c841f
22bc64
bfd147
3dd1b6
e3cc25
ec5411
39edc7
bcef41
2a9359
03abb8
cfd312
44efb4
c91d60
0d543f
231c41
bdc15b
4031bd
e24c07
ec2437
3bbda7
ba7f4a
2cb36b
02db93
cef336
472f9d
c6ad56
0ee465
234c19
bc017c
42d1b4
dfebf1
ed3460
3ced7e
b7df61
2f7378
012b6f
cea362
492f7e
c39d5a
11747e
226be8
bab1a5
45a1a1
dd1be2
eeb489
3d0d50
b5bf7f
32b374
feab4d
cf6397
4a7f53
c08d71
14748c
20fbbd
ba11d8
481182
d9dbe5
f154ab
3c9d18
b3efab
35d366
fb8b39
d0d3c6
4b6f1e
be0d8d
17e491
1e5b94
ba620f
4a1154
d65bf3
f464c5
3b5ce7
b2dfe1
38e347
f80b30
d343f2
4b6ee4
bbbdba
1b0483
1b6b77
bbb240
4b5122
d33c0e
f7b4d1
391cbb
b2a01a
3b131f
f48b38
d6240f
4a6eaf
ba2dec
1e446f
180b6c
bd9272
4bb0ea
d0cc30
fb54cc
365c97
b33050
3cb2ef
f16b49
d99423
48ce81
b9ae23
20f44e
14ab6a
c01296
4b30b6
cf3c60
fe84bd
334c84
b4e07f
3db2b9
eeab6f
dcc425
463e5b
ba0e55
22f421
117b76
c322ae
49f083
ce4c90
0124a0
2ffc7e
b6e0a5
3d9286
ecbb91
dfb41c
43de41
bade87
2443f4
0edb8c
c5f2b7
48105d
cdfcc0
02f47d
2d2c80
b940be
3cb25a
eb9bbb
e25409
40fe34
bc9eab
2423c9
0d0bae
c8d2b3
45e043
cecced
044456
2aac94
bbf0ce
3b5237
eb3be8
e423ea
3e5e39
be8ec1
23a3a4
0bbbd2
cb02a2
43803b
cfad0c
047435
28ecaf
be10c8
395222
eb9c09
e543cc
3c6e46
c0ceca
226387
0bdbf1
cc528c
41903e
d19d1c
042414
281cc9
c010bc
37621c
ecec1e
e573b0
3afe5a
c28ec7
211376
0c0c0c
cd2270
3fe048
d34d23
031401
283ce3
c110a7
35f21e
ee6c2f
e49397
3a7e73
c3feb9
1f5373
0d1c1d
cce25b
3f305f
d4bd1c
0193f6
290cfa
c15090
34f231
efac2c
e38389
3b1e8d
c47ea3
1df37f
0e9c26
cc1249
3f3074
d59d08
0023fa
2a7d05
c0b07b
345246
f11c1c
e21389
3bee99
c45e8e
1d3395
101c1a
ca623e
3ff08c
d5ccef
ff140b
2c1d02
bf506b
35025f
f18c06
e03393
3daea1
c34e76
1d33b0
114c06
c8b246
416099
d56cd4
fe1429
2d7cf4
bd5063
36127a
f1cbe3
df33ac
3fce9d
c17e64
1df3cf
120be3
c6c257
43909e
d3bcb9
fe444b
2efcd7
bb206d
38228c
f0ebc2
de43d3
41be8a
befe5f
1fa3ec
11fbc0
c53272
464097
d1aca4
ff3473
2fccb0
b90082
3ad291
ef3ba0
de53fa
436e67
bc5e67
21c403
111b97
c4429a
488083
cedc9a
00f498
301c85
b7009f
3db28c
ecbb89
df342a
44de3d
b9be79
24b40f
0f6b6e
c432ce
4ac061
cbec9f
0364b3
2f6c52
b580cd
407278
e9db7d
e0f451
456e0b
b77e9b
27c40f
0cdb4e
c49300
4c7037
c88cb0
0674c6
2dac26
b51102
430259
e65b76
e34476
44cdd7
b52ec7
2b43ff
09cb34
c62330
4d5fff
c61cd1
09d4cc
2b8bff
b4e137
45222d
e35b82
e63491
438da5
b45efd
2dd3e4
068b2c
c8635b
4d6fcc
c3ecf6
0d04c2
288be2
b6516b
4651fd
e02b9a
e9749b
41dd79
b40f32
3093bf
035b33
cae377
4c9f95
c29d28
1044ae
255bcf
b7f198
46f1c8
dd7bc0
eca49b
3eed55
b47f67
32338f
003b43
cdf38b
4adf69
c1bd55
12e48d
220bd0
ba61b8
468195
dbcbec
efb48f
3c2d41
b5ef91
32e363
fd8b60
d1238d
48cf43
c1fd8b
14a468
1f3bde
bce1d4
455167
db0c18
f28475
395d3a
b80fb6
32e331
fbbb85
d3f38a
464f2c
c2adb3
15743d
1ccbf1
bfa1d8
438145
db0c40
f46455
369d3e
ba6fcc
31f308
faaba9
d61376
43bf25
c43dd5
15c414
1aec0f
c241d7
418130
dbac68
f4d431
348d53
bc9fd5
30a2ec
fa8bd2
d7a358
419f29
c61de9
1503f0
1a1c2e
c421c7
3f9129
dccc82
f5240f
32ed6b
be9fd3
2f02d8
fb0bed
d8633a
3fcf39
c80df1
13c3d9
1a2c4d
c541af
3dc12d
de5c92
f4b3f4
324d86
bfffc0
2d42d5
fc4c01
d86323
3ecf4e
c99de9
1283cf
1abc63
c5a195
3c313c
e02c8f
f363e2
32ad9d
c0efaa
2bc2df
fd9c0b
d7b30e
3e8f68
caddd8
10d3d2
1c1c73
c5517e
3bf151
e18c87
f1e3dd
339db1
c0df93
2ab2f0
ff3c06
d63300
3f7f7d
cb1dc0
0fb3e2
1d8c74
c4216c
3c116d
e25c6f
f083e8
354db9
c01f7e
2a9309
007bf3
d49306
40cf8c
cacda4
0f03fa
1f2c68
c27168
3d2181
e26c54
ef33fe
370db5
be8f6f
2b1328
013bd5
d2d312
42af93
c97d8b
0ee41b
20ac4f
c0816e
3ec192
e1cc36
ee641d
38ada5
bc4f69
2c9340
013bb4
d1732e
44cf8b
c7cd7b
0f7438
215c2c
be617d
413199
e01c17
eea442
3a7d88
b9ff6f
2ec354
005b8c
d09353
470f78
c51d72
11445d
214c01
bcb1a0
43f194
ddbc02
ef246c
3b8d5e
b78f83
313361
fecb6b
d05381
48df5c
c25d75
138475
20abd9
bb61c4
467184
db0bf5
f0c491
3bed30
b54fa1
34535b
fc4b4e
d123af
4a4f2f
bf8d89
168483
1efbad
bb11f8
48e15f
d7ebf4
f344b3
3b5cff
b3bfd0
37534b
f96b39
d253dd
4afefd
bceda9
19b488
1cab8a
bb622f
4a9134
d4cbfd
f654ca
39fcce
b2afff
39f330
f65b33
d48400
4acec6
baedd3
1ce47d
19bb70
bc825e
4bb103
d1fc1b
f984d3
37cca4
b2b035
3c4308
f2cb3d
d7841f
49ee95
b9ae00
1fe466
167b65
be2288
4c40d0
cf9c40
fce4d0
353c86
b35069
3dd2dd
efdb4f
daa431
484e67
b90e39
226446
132b66
c0f2a8
4b509e
cdec6d
ffc4c0
323c77
b52096
3e82a6
ed2b70
ddd431
462e45
b95e66
24041a
107b70
c392bf
4a3071
cd3c9f
0254a4
2f3c6e
b700b6
3e427b
eb6b97
e0b429
435e2f
ba9e93
2503f0
0ddb89
c6a2c7
48204d
ccfcca
043480
2c7c76
b960ce
3d424f
ea9bbe
e32412
40be27
bc6eb8
24f3c3
0beba9
c922bf
461036
cdecf5
051459
2a2c8a
bc00d9
3bb22c
ea4be6
e4a3f5
3e1e2c
be2eca
24639d
0b2bcd
cb42b0
43e02b
cf4d13
057433
286ca3
be40d7
3a0217
eacc07
e5e3d4
3c3e38
c06ed5
23437d
0aebee
cc8297
41b034
d11d24
04e414
27ccc1
bfe0c8
380213
ebfc20
e5e3b6
3ade51
c21ed3
219372
0b8c08
cd727d
40203d
d2cd29
03b3fc
27ccdd
c140b2
368219
ed9c2f
e523a0
3a4e6b
c39ec5
20236d
0c8c1d
cd4263
3f3052
d46d22
0243f6
289cf3
c15098
353228
ef2c30
e3c38e
3aae84
c44eaf
1e9378
0e3c24
cc924c
3f206f
d57d0f
0083f8
29ed01
c0d084
34723e
f09c21
e2538b
3bde95
c44e95
1d7390
0fbc1f
caf242
3fe083
d5bcf5
ff7408
2b6d00
bfa06e
34d25b
f19c0b
e0d392
3d6ea2
c35e79
1d43ad
112c0c
c93245
411095
d53cd7
fe7423
2d0cf4
bdc066
360274
f1cbec
df63a6
3fae9e
c1ae65
1db3c7
11dbea
c71250
43609e
d42cbd
fe4446
2eace2
bba06b
37b28a
f12bca
de63c9
417e8e
bfae5d
1ef3e9
123bc5
c5826b
45a09d
d25ca6
fee46d
2fecba
b9607b
3a1294
efdba9
de23f2
435e71
bcee60
214400
117ba0
c47290
48308a
cfbc9a
005490
305c92
b72097
3ce296
ed9b8b
de941c
44ae4e
ba6e70
23a40e
103b78
c3e2bd
4a4070
ccec9a
0264ad
2fdc63
b5a0bc
3f9285
eaeb7a
dff447
455e1e
b7fe8d
26c412
0e1b58
c432eb
4bd046
ca0ca5
0534c3
2eac37
b4d0ed
421266
e7fb76
e2346b
453deb
b61eb3
29d408
0b5b3a
c5231b
4d301a
c70cbc
0824ca
2cbc10
b4f120
446243
e4ab7b
e4a488
447dbb
b4dee0
2cb3f4
085b30
c6e348
4d5fe5
c4bce0
0b44c9
29ebf1
b57152
45e218
e18b8e
e7b497
429d90
b40f16
2f23d3
050b31
c97366
4cffb7
c31d0c
0e74bb
271bdb
b6e17d
4681e4
df3bac
eb049a
405d6b
b48f47
30e3a8
020b3c
cc337a
4b7f85
c24d3c
11349b
23ebd8
b921a2
4661b4
dd4bd5
edd48c
3dad55
b5af74
32037b
ff5b57
cf5388
49cf62
c24d69
13047a
20fbde
bb81bc
457186
dc4c00
f0747a
3aed4c
b75f9a
32134a
fd8b78
d21380
479f47
c31d98
141451
1eabef
be41c7
43f164
dbdc29
f2445d
383d4b
b94fb1
31a326
fc1b9b
d45370
452f3b
c44dbc
14742b
1cac0a
c0b1c5
42114b
dc6c4c
f3743a
360d5a
bbafbf
308301
fbcbc2
d63358
42ff3d
c63dd0
143406
1b8c2a
c2e1b9
3fe13d
dd6c6c
f3d41d
346d73
bdbfbd
2ed2ee
fc4bdf
d7333a
409f49
c82ddd
1303ee
1b4c4a
c451a5
3df142
df2c80
f3a3fb
336d8e
bfbfb3
2ce2e8
fd6bf9
d7631e
3f9f5b
c9edda
1193d9
1bcc66
c4e18a
3c914e
e0bc88
f293e6
334daa
c0df9d
2b52e9
fe9c0a
d6b303
3ecf74
cb6dcd
0fe3d7
1cfc7b
c4d170
3b6162
e26c7f
f103dd
345dc0
c13f83
2a02f8
006c0b
d582f2
3eff8d
cc4db6
0e73de
1e6c7f
c43158
3b217b
e36c6c
ef63d6
359dce
c0bf6c
294312
019bfe
d412ec
405fa4
cc4d9a
0d53f2
1ffc7c
c2b14c
3ba196
e41c55
edc3e7
372dd6
bf6f56
29532d
02ebe9
d252f2
418fb1
cbad81
0ca410
21bc6e
c0c147
3d01ad
e3fc36
ecb403
394dcc
bddf47
29f34c
03abcc
d09303
43cfb4
ca1d67
0ce430
22fc53
bed150
3f11ba
e32c18
ec1424
3afdb8
bb9f43
2b9366
034ba6
cf2324
45efae
c7fd57
0dc452
237c30
bcb166
4171bd
e1bbfb
ec344b
3c6d9d
b91f4d
2dc378
027b7f
ce5349
484f97
c56d4f
0f6472
239c08
bb4187
43d1b5
df5be6
ed0471
3d5d71
b6bf62
30737f
00fb60
ce5372
4a0f79
c2cd57
11e48a
22bbdb
ba31ab
4661a0
dc5bdc
eed498
3d6d42
b4ef83
33537a
fe7b45
cf13a1
4b2f4d
c01d69
149498
213bb2
b9b1db
487182
d97bdc
f134b5
3d0d14
b39fab
35f36a
fb8b33
d063cb
4bbf1d
bdcd88
17b498
1ebb94
b9f20c
4a415c
d6bbed
f3d4c6
3bbceb
b2afdb
38b351
f87b2f
d2b3eb
4b9eed
bc0db3
1a948c
1c1b80
bb3238
4ae12b
d41c05
f704d0
399cc4
b2d00b
3a8328
f57b38
d56406
4aaebf
bb0ddd
1d5474
192b72
bd3260
4b10fb
d21c29
fa04c9
36fca9
b3903b
3ba2fc
f2eb4d
d82410
48be97
ba9e0c
1f8452
163b79
bf727d
4a80cd
d09c55
fcb4b5
346c9d
b51061
3c52ce
f0bb6a
db2411
46ae7b
bb2e38
20e42a
139b89
c2128c
4950a2
cffc7f
ff049a
318c9d
b7107f
3be2a3
ef1b8d
dd9402
442e6a
bc5e61
218402
114ba1
c4d28e
474088
d08ca8
006478
2eeca3
b94092
3ac27d
eeabb6
dfd3f0
41ce63
be0e7f
2153d8
0febbe
c71289
452075
d16ccb
012450
2cdcb8
bbe098
391260
ee6bda
e163d0
3f6e6c
c01e8f
2073b6
0ecbe1
c94276
42e070
d29ce8
00f42c
2b9cd4
bdc08e
374251
ef2bfc
e1e3af
3d6e7d
c22e96
1f43a0
0f1c01
ca725b
40f076
d48cf7
004411
2afcf1
bfa080
35324a
f09c11
e1b393
3c4e94
c3ee90
1d5390
0ffc1d
cae23e
3f7087
d66cfa
fee3ff
2b4d0b
c09064
33d254
f21c1e
e11377
3beeb1
c55e7c
1bd393
117c30
caa223
3eb0a3
d7ccec
fd53f5
2c0d29
c0d049
326266
f3fc1c
dfb366
3c5ecd
c60e63
1a339b
12ec36
c9820d
3e70bd
d91cdb
fbb3f9
2dad37
c04032
319281
f58c0f
ddd363
3d7ee0
c62e45
1933b5
149c32
c811fa
3f20d4
d9ccbe
fa3409
2f6d3c
bf001c
31e29e
f69bf8
dc036a
3f6ef0
c54e2b
18a3d1
163c1f
c621fa
4070ed
d95ca0
f8f423
314d33
bd200e
32a2bc
f6fbd8
da737d
412ef4
c3ce14
18b3ee
177c07
c40205
4260f9
d87c81
f89441
32fd1c
bb100c
3432d2
f70bb7
d9639a
437ee6
c1ee06
19a411
17fbe2
c2521c
44b0fd
d6fc69
f8b46a
343cff
b90019
3672e1
f5fb95
d8a3be
455ed1
bf6e01
1b542f
17dbbc
c0d23a
4700ef
d4ac56
f9948f
350cd9
b6d02a
38e2ec
f43b71
d893e7
46eeb1
bcfe08
1dc43f
16fb95
bfa260
4960de
d20c4d
fb44ac
34fcae
b50050
3b92e2
f1eb60
d9d410
47fe88
babe21
205449
154b6f
bfe28d
4b60bf
cf5c53
fd84c5
345c84
b39075
3e12d2
ef0b52
db0435
484e5b
b87e3f
233446
12eb56
c062bb
4c9096
cccc65
0044d4
330c5a
b350a2
4042b3
ec4b55
dd4453
47be2e
b6ee66
25c436
107b46
c1d2e0
4d1068
caac82
0324d5
30dc3d
b3b0cd
41c28a
e98b5f
dfc466
46ae09
b61e92
28441f
0d6b40
c3d304
4d203e
c8cca4
0604cc
2e2c26
b4b0fb
42b262
e72b78
e2b46c
44cde3
b63ebc
2a23fc
0abb4a
c61319
4be014
c7ccce
0844b8
2b7c23
b6611d
42c234
e56b97
e5a465
424dd0
b70ee7
2b13d6
083b5d
c8c324
4a9ff0
c7ccf9
0a549b
28ec21
b8b136
42320c
e41bbb
e7f453
3fedc0
b89f0c
2b73ad
062b76
cb6324
488fd6
c80d24
0b8474
269c31
bb3144
40f1e8
e3bbe8
e9e43d
3d6dc0
ba8f25
2b0386
053b97
cdd313
463fcb
c95d42
0bd44c
249c4c
bd8142
3f21d2
e40c0a
eae41c
3b6dcf
bc9f32
29a365
04dbbc
cf52ff
43dfc7
cb0d5e
0b842d
235c69
bf8134
3ce1c5
e52c29
eb43fa
398de6
bebf33
28334f
04fbdd
d0a2e1
41efd2
ccfd65
0ab40e
232c88
c13121
3af1c2
e6cc40
eaf3d7
38ae00
c0af26
264342
063bf8
d0a2c2
406fe7
cedd69
0913f8
236ca8
c22105
3941cd
e89c49
ea03be
381e1f
c23f10
246345
07bc0d
d092a3
3f8004
d08d5c
0723f1
249cc5
c240e7
37b1e2
ea6c43
e883af
38ae3b
c2fef8
22a350
096c14
cf7288
3f7021
d21d46
0553f3
261cd5
c1a0c9
36f1fd
ec2c36
e6b3ab
3a0e55
c2ced7
21736a
0b4c13
cd8277
40003c
d2bd26
0383ff
281cda
c060b0
370220
ed5c23
e4b3aa
3bae62
c23ebb
20a385
0d0bff
cba276
417058
d2bd07
02741e
2a0cd2
bea0a4
37b23c
ee3c03
e2f3be
3dbe6a
c10ea3
20d3a6
0e6be7
c9a27a
433066
d1fceb
01943e
2bccc2
bcc09e
391256
ee2bde
e173d9
3f8e62
befe90
2163c5
0eebc8
c7e28b
45706d
d07ccd
01745e
2d1ca7
ba40a6
3af267
ed5bbc
e0e3fb
41ce4d
bcbe8c
2323e3
0efba0
c632ab
478066
ce7cba
027480
2e2c81
b860b4
3da271
ebeba3
e08421
435e33
ba2e8d
24f3fa
0e3b7b
c562cd
49e054
cbecb2
03e4a3
2e4c5b
b6a0d1
3fc26b
e9bb89
e17447
447e0e
b81ea3
27a403
0ceb58
c512f5
4b9037
c96cb4
05f4bb
2dac36
b570f7
42225b
e76b7d
e2946c
44dde5
b62ebf
2a2401
0afb43
c5b31d
4cc014
c74cc5
0874c9
2c5c0e
b51120
442243
e4eb7e
e4b482
444dbd
b4aee0
2ca3f3
087b31
c6b344
4d6fed
c50cdc
0b04cc
2a4bf3
b54149
45c21f
e22b89
e6f498
435d98
b43f06
2ea3dc
05cb2c
c8e360
4d3fc1
c38cfe
0d74bf
281be1
b6616f
4611f6
e00b9f
e9e49b
419d77
b41f30
3063ba
035b38
cad374
4c4f9c
c2bd26
0fa4a9
259bd8
b8418f
4671d2
de7bbd
ec3492
3f1d66
b53f59
310396
012b4b
cd337c
4acf7b
c29d4f
11448f
233be5
ba51a4
45e1a9
dd8be2
ee3484
3ced59
b69f76
31236f
ff4b67
cfd377
489f68
c33d71
12746d
20ebf0
bc81ab
444189
dd4c06
f00466
3a7d60
b88f8c
30a34a
fe7b89
d1d366
468f5b
c4ed93
12b444
1f2c0d
bee1ad
426172
ddec2b
f11446
386d6e
baef98
2f632e
fe3baf
d3834e
441f60
c64da6
120421
1e3c2c
c1019e
404169
defc4a
f15421
36ad84
bcef99
2d8317
feabcf
d4a330
421f6b
c88db2
110403
1dec4c
c27184
3e216b
e0bc5e
f0f3ff
35cda5
beff8a
2ba30a
ffbbed
d4f30e
407f84
ca9db0
0f23ef
1e6c6d
c39168
3c1178
e29c6b
efd3e2
358dc6
c09f71
29630d
017c01
d4a2ed
3f7fa2
cc9da3
0d33e5
1f7c8b
c3b145
3a618e
e51c6a
edf3d0
35cde5
c1af51
277319
038c0b
d372ce
3f2fc2
ce1d8a
0b13e5
212ca0
c37124
3991ac
e6ec5c
ec13c2
372e03
c1ef34
262331
05ac0d
d192bd
3fafe4
cf2d6d
0933f6
233ca9
c21108
3921cb
e85c44
e9f3c7
38ce19
c13f10
25134e
07abfc
cf92ae
40e002
cf7d4b
07740b
257caa
c070f1
39d1ef
e9ac26
e7f3cf
3aae23
c02ef3
248370
097be6
cd62b2
429015
ceed29
06842a
279c9b
be50e8
3ad20f
e9ac01
e623eb
3cfe22
be4edb
250394
0a3bc6
cb52bc
44c022
cdfd0b
06144c
291c86
bc00e5
3c7226
e95bdf
e4f409
3f3e13
bc6ecf
2623b6
0adba3
c972d4
46f024
cc4cf1
06b474
2a3c65
ba00f5
3eb232
e84bbd
e4c42f
40fdff
b9fecd
27d3cf
0a5b7e
c852f3
491017
ca1ce5
077491
2afc43
b83107
40f233
e6bba4
e4e451
426de4
b7ced8
2a03dc
09bb5d
c7a317
4ad005
c79ce4
0924aa
2acc1e
b6c123
43422c
e47b95
e5b471
42edbd
b5feee
2c23e1
07cb45
c8033d
4c9fe6
c59ceb
0b24bd
29dbfc
b5f149
451219
e23b92
e7648f
42bd9a
b46f0a
2e93d9
05cb30
c8d361
4d2fc1
c36cfe
0d84c3
285be0
b6516e
46c1fe
e01b9a
e9649f
41ed77
b3bf2d
3083c9
039b2a
ca2378
4d4f9e
c22d1b
0fd4bc
265bcc
b6d192
4771d8
dddbac
eb94a8
40bd5c
b3bf50
31e3a9
012b30
cc238c
4c8f7b
c13d3a
11d4ac
240bc7
b841b0
4791b3
dcabc6
ede4a2
3ead45
b45f74
331388
ff4b40
ce4397
4aef61
c12d61
134490
21fbc9
ba41c4
46f191
db9be8
efe493
3c6d3e
b57f90
331367
fdbb57
d0a393
495f4a
c1dd85
14546f
1fcbd8
bc81cb
457174
db5c0c
f19479
3a1d43
b7afa4
324344
fcdb7a
d29381
471f40
c2fd9f
14744a
1e2bf2
be91c8
43d161
dc0c2e
f27459
386d50
b9cfaf
314325
fc9ba0
d4336a
44ef43
c4edb8
13f427
1d4c12
c0a1b9
41a157
dd2c4d
f30433
365d6a
bbefaf
2f530f
fd1bc3
d5534a
428f53
c6fdc0
12b40b
1cdc38
c2619f
3f3156
df1c61
f2140e
356d8c
be5f9f
2d5304
fe0be1
d5a323
40ef66
c95dc2
10c3f7
1d2c5e
c37181
3cf164
e13c6f
f103f2
34edae
bfdf86
2ad304
001bf9
d542ff
3fef89
cbbdb2
0ea3e5
1e6c7b
c3c15a
3b417a
e3ac71
ef23d3
357dd4
c12f68
289312
024c09
d432de
3f4fb2
cd5d9e
0c43e7
202c99
c37134
39d19d
e5fc65
ed33ca
367dfa
c1af43
26a324
04bc0f
d292c2
3f5fd4
cefd80
09f3ee
228ca7
c2a114
3941c1
e7fc50
ead3c6
37ee14
c1bf1b
255345
072c04
d062b4
405ff9
cf8d58
07c3ff
24dcac
c130f5
3921e7
e95c2f
e863cc
3a2e26
c0aef7
243368
091bf1
cdb2ac
420014
cf9d32
068420
273ca4
bf30e5
3a320b
ea2c0e
e673dd
3c7e2b
bf1eda
24738e
0acbd4
cbb2b2
44102b
cefd0e
05443e
293c96
bcd0d9
3b7229
ea7bea
e4a3f7
3ece29
bd6ec5
24d3b3
0babb4
c992c0
461038
cd7cef
054465
2adc79
ba70da
3d523e
e9fbc3
e3941b
40fe1b
bb1ebb
2613cf
0beb8b
c7b2d7
485034
cbacdb
05b48a
2bcc5e
b850ea
3f9248
e88ba8
e3643d
428e03
b8eebc
27e3e5
0b8b6a
c6d2f8
4a6025
c9accd
06e4a4
2c6c39
b6e0fe
41c24a
e73b90
e4045c
43ade5
b6feca
29d3f3
0a5b4e
c66319
4bd011
c7bcce
0874be
2bfc19
b5811b
43923b
e51b86
e4c479
43cdc2
b56edb
2c23f0
08bb3a
c6b338
4d2ff4
c5ccdc
0a74c7
2aebfa
b5513f
452229
e33b82
e6648d
438da6
b45ef8
2df3e7
06eb2d
c7b354
4d6fd2
c43cee
0c84c8
294bea
b5c15c
46320c
e13b90
e8349c
42bd8c
b41f1a
2f53d2
051b2f
c94367
4cdfb6
c33d0a
0e24bc
277bdc
b6e177
4661f0
dfbba4
ea4499
40ed75
b47f38
3033b3
033b3a
cb2373
4bcf99
c30d2b
0fe4a7
257bde
b8518c
45f1ce
deabc2
ec248d
3f3d6e
b5cf53
308393
017b4f
cd6372
4a6f85
c34d4b
10a487
238bed
ba4195
44a1b2
de5be2
eda476
3d0d6c
b73f67
303373
00ab6e
cf5362
486f7b
c4ad68
110461
21cc03
bc7194
43419a
dedc04
ee8457
3b1d7a
b96f73
2ee355
006b93
d0c34b
460f7b
c66d7c
109443
20bc23
be8187
40e192
e03c24
eef435
38fd96
bb9f73
2d433c
009bb5
d1e32a
43cf8a
c8bd89
0f4423
207c49
c0616e
3ec193
e20c3e
eeb410
37edb5
be0f69
2ad32f
01ebdc
d2a306
41efa1
cafd8b
0da40a
20bc71
c1b14d
3c219b
e43c4e
ed63e8
373dd8
bfff4d
28532c
03ebf5
d272da
407fc1
cd6d81
0b33f7
21cc96
c28122
39f1b1
e6ac52
ebb3cc
376e06
c1bf30
25b336
05cc0b
d162b7
3fbfe7
cf8d6c
08a3ee
235cb4
c290fd
3851d1
e96c4b
e993b6
383e2c
c2af07
23b348
088c13
cff294
3f4011
d18d4f
0603f5
258ccc
c1d0d2
3741f8
ebfc3e
e6d3a7
39ce4f
c2dedb
21c366
0b2c12
cdd27d
3ff03f
d2ad29
03c403
280cda
c090ad
36a220
eddc20
e473a8
3bae6b
c28eb4
203388
0d9c01
cb726b
413061
d35d02
01941d
2accdd
bed090
371249
ef3bff
e203b0
3dfe79
c19e90
1f83ac
0fabed
c8f265
42d07f
d32cd8
00043b
2d1cd6
bc9084
384271
f00bdb
df93c8
406e80
bfee72
1f93d7
112bcf
c6926b
450093
d27cb5
ff145d
2f2cc2
ba4077
39628f
effbb5
de53e6
42be7f
bdde5f
2023fb
123baf
c4527d
47209c
d0fc98
ff1483
30cca9
b8107d
3b42a1
efab92
dd4406
448e6e
bbce52
215419
126b8c
c2f296
496099
cf2c80
ff74a4
31ac8b
b5e088
3d22a9
ee3b74
dcf426
463e56
b98e54
22f42a
11fb6b
c202b2
4b108d
cd6c7a
0084bb
31cc6c
b480a1
3f22a8
eccb61
dd8443
470e3b
b7fe63
250433
10eb54
c1d2d0
4c9077
cb8c7f
0204cc
318c4d
b3c0bd
40f29b
eb0b5c
de645b
470e20
b6ce77
26942c
0f7b41
c242eb
4d205c
c9ec88
03c4d5
305c39
b3b0d4
41e285
e96b60
e0346c
46ce02
b62e91
285421
0dcb3d
c36301
4d2042
c8ec9f
0594d0
2eec2a
b460f0
42926c
e7bb6f
e1c46e
456def
b63eab
293409
0bfb43
c5130e
4c6025
c87cb7
0744c0
2d1c26
b59105
42724e
e68b88
e3a468
43dde5
b70ec7
29b3ef
0a6b55
c7130f
4b2013
c8bcda
0824a7
2b2c31
b77110
419231
e64ba4
e52454
41cddf
b86edd
2973ce
094b71
c8c306
493004
c98cf7
086484
29ac43
b96113
40121b
e68bc6
e64437
3fbde8
ba7eea
2893af
08cb93
cac2f3
471002
cb3d0f
085464
283c62
bba10a
3df20f
e7abe7
e6e411
3dbdff
bcbeee
271393
08fbb6
cbf2d4
44d00d
cd2d1f
075440
279c89
bdc0f3
3b7209
e90c06
e6c3e9
3c6e21
bf4eea
249381
09fbdf
ccd2aa
42a021
cfdd22
05d41e
278cb1
bf60d4
38f20d
eb6c1b
e5f3c2
3b5e49
c13ed1
22137a
0b8c01
cd0284
40a040
d26d22
038408
286cd9
c090ac
367221
ee0c24
e493a0
3ade74
c38eb4
1f537a
0dac17
cc625c
3f606a
d4fd10
00c3f9
29ad01
c13082
34723d
f0cc26
e26382
3b7e9f
c4ee8d
1cd38a
102c2d
cb322f
3ea092
d76cf7
fe03f4
2b9d21
c0e053
32c265
f38c1a
dfd369
3c8ec7
c5de66
1a63a1
130c33
c9520d
3ec0c0
d93cd6
fb53fc
2e1d39
bfe02a
31a28d
f61c08
dd2364
3e2eea
c61e34
1823c0
15bc31
c6e1f3
3f50ea
da4cad
f8b40f
30bd43
be6007
3162b7
f81be9
da3364
403f07
c59e0d
1713e9
185c1f
c461e4
40a10e
daac81
f6942b
337d46
bc6fec
31d2de
f97bc7
d80370
42cf16
c44de7
16840e
1a6c08
c221e3
42912c
da8c5b
f56448
35cd39
ba3fd7
32f307
fa1ba0
d5d386
453f1a
c29dca
168433
1babe8
bf61e7
44b140
d98c36
f4946f
37cd25
b7efd2
344322
fa3b7e
d493a1
475f16
c0bdba
177457
1c8bc9
bdc1fc
46d145
d87c1d
f48490
392d0f
b5dfd4
360332
f98b5c
d393be
494f07
beddb0
18a46e
1c9ba8
bc7212
48e140
d6cc0b
f4f4ae
39dcf2
b41fe5
37c33a
f87b44
d393dd
4a5ef5
bd0db7
19f47e
1c2b8c
bbc22e
4a6134
d4fc08
f614c1
39fcd7
b30000
395334
f6cb39
d453f8
4aded5
bb7dc3
1bf481
1b1b78
bbc249
4b511c
d36c0b
f7a4cf
391cbe
b2a013
3ac327
f54b33
d56408
4acec0
bacddb
1d547a
198b70
bc9260
4ba103
d21c1e
f944d0
380cac
b2f02b
3b730e
f3cb3d
d6f411
4a0ea6
ba5df5
1e6468
17db72
bde26a
4b10e9
d16c36
fac4c6
366ca6
b3f042
3bd2f6
f29b50
d89411
488e94
bafe0d
1f5450
161b7e
bfa274
4a40d4
d12c52
fbf4ac
349cab
b57054
3b92da
f1cb6b
da4404
46be8e
bc1e28
1f542d
14eb94
c19271
4870c3
d1ec70
fcd493
32ccb7
b7705c
39f2bd
f1cb8e
db83e9
446e98
bdee3a
1e8411
146bb2
c36261
4640ba
d33c8a
fd046f
316cd2
b99056
3812aa
f25baf
dc93c8
42aea7
c03e42
1d23f1
140bd9
c52244
43f0bd
d53c9f
fc4448
302cf5
bbc044
35d29e
f3abd4
dcc39e
40aec1
c2ae40
1b33d7
147c01
c64222
41a0cb
d79caf
fae425
2fad1e
bdf02b
32f29c
f5cbec
dc9374
3f5ee5
c54e34
18c3c8
15dc26
c6f1fa
3f90e8
da3cb3
f8f406
300d4c
bf6007
3072ab
f82c03
db434d
3e3f11
c79e1b
1613c1
179c4c
c6c1cd
3da10a
dd2caa
f693ee
30dd74
c0afdb
2e02bf
fb1c0c
d97327
3e4f3f
c97df8
1333c8
1a2c63
c631a0
3c8133
dfdc96
f3e3e1
328d9e
c0cfad
2ba2df
fdfc08
d7330c
3ebf6b
cafdd2
1063da
1cac72
c4d176
3bf15f
e20c7a
f0c3e0
34adbb
c08f81
2a2307
00abfc
d4b2f9
400f95
cb9da6
0e13f1
1f6c79
c2b152
3c118e
e3ac57
ee23eb
372dd1
bf8f56
29532e
032be4
d1e2f2
41dfb8
cbcd7b
0c6413
222c71
c0913d
3ce1b9
e4dc31
ebc3ff
39bdda
bdcf35
29035a
04fbc9
cf52f4
442fca
cafd4f
0b1438
24bc5e
be3133
3e61dd
e51c07
e9a417
3c1dd9
bbff1c
29b380
063ba7
cd1303
465fd9
c9ed2f
0ab45c
268c48
bb7130
3ff1f5
e4ebe0
e8743a
3e8dcc
b99f0c
2a839f
06cb80
cb531b
48bfde
c82d17
0af481
279c2c
b9913c
420203
e3ebc1
e8345d
406db9
b79f0a
2c23ba
068b60
c9f332
4a8fd7
c67d07
0bc49c
282c0d
b7c14c
43f205
e28bab
e8447a
416d9f
b5cf15
2dd3c7
058b41
c99351
4c2fc4
c46d06
0d04b3
281bef
b6d164
4591fc
e0eba1
e92495
41ed84
b47f23
2f53c9
047b2f
c9b36d
4cffaf
c2fd0d
0ea4be
273bd6
b6b182
46f1ec
df3b9d
ea54a4
416d6b
b39f3b
3133be
02db27
caa380
4cff94
c1dd20
1064be
25fbc8
b6f19a
47c1d6
dd9bac
ebd4aa
408d59
b3cf54
3203ac
014b2f
cc1390
4c9f7c
c13d3b
1174ad
245bc4
b801ae
47c1bb
dcebc0
ed74a5
3f2d49
b41f6d
32d395
ffbb3c
cdd393
4b9f68
c11d55
12c493
22bbcb
b991ba
4721a0
dc1bda
ef2498
3d4d46
b57f83
32b373
fecb52
cf938a
49cf5b
c22d71
13347c
20fbdc
bb91ba
45a18b
dc5bf8
f03478
3b5d50
b71f8e
31c354
fe4b74
d13379
47df56
c38d8a
12d45b
1febf6
bd81ae
43517c
dd5c1c
f0a45a
398d63
b9af94
2ff33b
fe4b98
d2a35b
457f63
c5dd97
121437
1f3c1d
bf719f
415177
dedc35
f0c437
37fd7f
bbdf8d
2e232b
ff5bbe
d36337
435f74
c7fd9e
105419
1f2c41
c12181
3eb179
e10c4d
efa40a
371daa
be4f78
2b7322
00ebdd
d3830c
415f95
ca8d9b
0e7400
1fcc6d
c2a15a
3c418e
e38c56
ee53e7
36ddd5
c02f5a
28d322
030bf7
d302e1
402fb8
cd2d8c
0bd3f0
212c91
c2e12e
3a21ab
e69c58
ec63cc
370e01
c1bf34
26132f
056c09
d1d2ba
3f7fe4
cf6d72
0913ed
22fcb2
c29101
3861cd
e94c50
e9f3b8
381e29
c28f0d
23a342
086c10
d00299
3f5010
d14d50
0653f6
259ccb
c1c0d7
3761f7
eb8c3b
e733ab
39de4c
c2cede
21c367
0b1c0d
cda27d
40203c
d29d26
03a404
27fcd9
c070b0
36f225
edac1b
e423ac
3bce68
c21eb3
20738b
0dabff
cb3270
419061
d33cff
01b41f
2afcd9
be8093
37424b
ef0bfb
e1b3b7
3e4e7a
c10e8c
1fc3b4
0fdbe7
c8a269
43507e
d31cd5
000444
2d6cce
bc2083
382275
efebd3
dfa3cc
40de7f
bf6e6d
1fc3db
115bc7
c62273
457093
d21cac
ff4468
2f7cbd
b9b079
39e28e
f00bab
de13e9
42ee7a
bd6e5a
208400
122ba4
c41281
479099
d0ac92
ff248c
30cca7
b7707e
3bb2a5
ef5b8c
dd4409
44fe67
bb4e55
21a41a
120b84
c2b299
498097
cedc80
ffb4ab
31cc88
b5908f
3d82a9
ee2b6e
dd342d
465e51
b94e56
23842c
11db64
c1f2b9
4b7089
cd2c7d
00c4c2
31bc68
b440a3
3f82a7
ec4b62
ddb447
472e38
b79e68
251433
109b4e
c1d2d4
4c8071
cb6c7b
0274cf
316c4d
b3b0bd
41129a
eaeb5d
dec45d
472e19
b68e79
27242b
0f2b40
c252ed
4d5059
c9bc8a
0424d6
300c33
b3d0da
421284
e90b62
e0346a
468dff
b65e98
28641d
0d4b3d
c3b303
4cf03b
c8dca3
05f4ce
2e9c29
b470f4
42b265
e78b71
e2146b
451dec
b65eb1
299407
0b7b44
c5430e
4c3023
c87cc0
0734ba
2c9c2a
b5e107
42524b
e69b8d
e3f460
438de4
b76ecb
29d3ea
0a1b5b
c76310
4a900e
c89cdc
0864a1
2afc32
b7e114
41522d
e63bad
e5744d
417de2
b8cee1
2943c8
08eb79
c97302
48c006
c9bcfd
08b47f
290c47
b9b114
3fb219
e68bcd
e6642f
3f5ded
badeef
2863a8
086b98
cae2f0
46a001
cb6d16
08645e
27ec67
bc1108
3d9207
e78bec
e7340c
3d6e01
bd2ef1
26e38d
08ebbc
cc72cf
44300b
cd7d26
076439
273c89
be20f6
3b2205
e91c0c
e713e6
3c0e23
bf7eed
24d37a
09bbe3
cd02ad
42001f
cfed2a
05e41e
274cb5
bff0d7
38e20a
eb5c21
e633bf
3afe45
c1ced6
222372
0b5c02
cd527f
40703a
d24d28
039403
27ecdb
c0f0ae
36721c
edec2a
e4a39c
3abe6e
c3aeb9
1f7379
0d5c1d
ccb25a
3f4064
d4ed16
0123f7
297cfd
c13085
34823a
f08c28
e2b383
3b4e9a
c4ce95
1cf385
0fac2c
cb7236
3ee08a
d6ecfb
fe83f8
2b7d1b
c0f05b
33325b
f2cc1b
e04373
3c7ebc
c55e6b
1b339e
125c2f
c9a219
3f10b4
d84cdc
fc2402
2ddd2b
bfc039
323280
f51c08
ddb36c
3e3edb
c59e44
1983c0
14dc26
c75203
3fe0d8
d91cb6
f9f416
300d34
bdf01c
3242ad
f6bbea
db6372
405ef3
c48e1e
1883e1
173c11
c4f1fc
4160f9
d96c8e
f8542f
329d2d
bc3002
32f2d3
f7abc7
d93386
42aefa
c34dff
183407
18dbf8
c281ff
43510e
d8bc66
f73452
34ad1f
b9cffb
3442ef
f7fba2
d7839d
44cef8
c14dec
18d42b
19cbda
c09211
457118
d76c48
f6e477
363d07
b79ff7
362303
f78b7d
d653be
46deea
bf3ddf
19f44c
19ebb5
bee223
479119
d5ec35
f75499
373ce6
b59006
384310
f68b5d
d613de
488ed5
bd3ddd
1bb45d
199b93
bdc242
49810d
d3cc2a
f884b8
37dcc6
b4201f
3a130f
f4fb4b
d673fd
49ceb8
bb5dea
1da46d
187b76
bd7262
4b30f6
d1dc29
fa34c9
373ca8
b3303b
3c5302
f2eb3f
d7741a
4a0e98
b9cdff
1f946b
171b62
bdd286
4c40de
cfcc34
fbf4d8
364c89
b2a05a
3d92ed
f10b42
d90430
497e77
b8ce1e
21945f
151b5b
bef29e
4c60ba
ce6c4b
fe24d5
348c77
b34079
3e62d3
eedb4b
db1439
485e5b
b87e3b
232447
132b5a
c062b3
4c109c
cd6c66
ffd4c6
32ac6e
b4609a
3ee2b0
ed6b64
dd243a
46ce47
b8ce5e
242429
110b63
c2a2bc
4b007b
cd0c8b
0184b0
304c6d
b630ab
3ea28c
ec3b81
df242e
44ae3b
ba0e7e
247408
0f8b7d
c4c2bc
496065
cd9cad
029490
2e5c7b
b800b6
3d9272
ebcba6
e0f413
428e3d
bbae96
2463e4
0e2b97
c6e2b3
474059
cecccc
03046e
2cac90
ba30b7
3bc25a
ec0bc7
e253fa
406e46
bdbea0
22f3c4
0dabbd
c8929f
44e056
d01ce5
02c44c
2b6cac
bc60af
39a248
ed4bea
e2c3d5
3e7e59
c00ea6
2163ab
0ddbe5
ca1281
42d05e
d20cf3
020427
2aecd3
be209e
377243
eecc06
e2a3b3
3d2e78
c24e9e
1f6398
0ecc05
caa25a
40b071
d4acfa
008410
2abcf4
bfb080
354248
f0dc12
e1d390
3c6e98
c42e8a
1d3392
100c22
cab236
3f608e
d6dcf8
fe93fb
2b7d18
c0905d
33025c
f2dc19
e08373
3c1ebf
c5be6f
1ae394
122c33
ca0216
3e60af
d8cce3
fc63f6
2cfd34
c0b036
31a276
f52c16
de835d
3cdee0
c69e4f
18f3a3
142c40
c891f6
3e20d6
da3ccc
fa43f8
2ecd49
c01015
309295
f73c09
dc7353
3deeff
c6de2c
1743be
169c3b
c6e1e4
3eb0f9
db5cad
f7f405
30fd51
befff9
3062ba
f8dbf3
da3357
3fdf13
c66e0a
1613df
18ac2e
c4d1db
400113
db8c87
f6541d
330d4f
bd0fe3
30a2dd
f9ebd1
d81365
422f1e
c52de9
15f403
1a2c16
c291d7
41c12b
db2c65
f5443d
353d44
bb1fd8
31f2f8
fa4bb0
d67379
442f1e
c37dd2
165427
1b5bf5
c0b1e7
43f136
da0c45
f5145f
36cd30
b8ffd6
33e310
f9bb8d
d52398
464f13
c11dc6
179443
1b9bd1
bee1fe
462138
d83c2f
f5a486
37fd0a
b69fe5
35e31f
f8ab6b
d4d3be
47eefb
bf0dc9
19445d
1b3bad
bdb21d
480126
d63c21
f674a2
388ce7
b50ffb
382323
f6eb55
d523e4
496edc
bcddd0
1b546e
1a4b8b
bd0241
4a4116
d3ec1f
f814c1
384cc4
b3901d
3aa316
f4cb43
d61405
4a1eb7
badde8
1dd46d
189b70
bd4268
4b80f5
d18c27
fa44cd
371ca0
b2e041
3c52ff
f27b3e
d7e422
49fe8e
b93e05
203463
168b5b
be228a
4c40cf
cf4c3a
fc84d6
35cc83
b2e066
3e12e5
f00b45
d9f435
491e6b
b86e28
225453
140b5a
bfd2aa
4c80a7
cdfc59
ff14d2
33bc70
b37089
3f12c1
edeb54
dc443e
47be4c
b84e54
23f436
11cb57
c1a2c2
4bd082
cc8c7f
0154bf
313c63
b500af
3f7297
ec0b73
dea439
459e34
b8de7a
253417
0f7b6b
c402cc
4a7062
cc6ca3
0314a4
2f0c64
b710c5
3ec272
ea9b95
e12431
436e23
b9ee9b
2593f0
0d7b82
c642cf
48b049
ccccca
04848a
2c8c70
b900d6
3de250
ea5bb6
e3041b
410e23
bbeeb7
2543c8
0c6b9e
c882c5
46a037
cd7cec
04f463
2a9c84
bb20d8
3c4237
ea7bdc
e403fe
3ebe2b
bdfec4
2473ab
0babc3
ca92b1
446036
cf2d04
04d440
297c9f
bd60d2
3a2225
eb4bfc
e4f3dc
3d2e3d
bfeeca
230392
0b9be5
cbd297
42503b
d0bd15
043420
28dcbf
bf50c0
385221
ecac15
e4f3b7
3bee58
c20ec2
214382
0c4c02
cca279
40604c
d2cd1b
02f408
289ce1
c090a7
367226
ee8c25
e4639f
3b1e78
c39eb7
1f837e
0d5c1b
cc625b
3f9062
d4dd15
0143f7
295cfc
c1108a
34f237
f02c2a
e32388
3b4e90
c49ea0
1db37f
0f5c27
cbb240
3ef07e
d65d03
ff83f3
2aad0b
c0d06b
33b24b
f1ec25
e17379
3bfeae
c52e83
1c3390
110c2c
ca922c
3f009b
d74cee
fda3fd
2c5d1d
c04055
33226a
f35c0d
df9377
3d2ec2
c51e64
1af3ad
12ac22
c8e21f
3ff0b3
d7dcd1
fc440f
2e3d1f
bec042
339284
f46bf7
ddd382
3efecc
c3ee48
1ab3c8
143c0c
c6c21d
4120ca
d78cb0
fb442c
301d13
bce036
3482a4
f4dbd9
dc5397
411ecc
c24e32
1b23e9
153bf2
c4f229
4330d5
d64c95
fb344c
31acfe
bab033
3612b9
f44bb6
db23b5
433ebe
c06e2a
1c4407
15bbcf
c34242
45a0d2
d49c80
fb546f
329cda
b8a03e
3842c6
f33b95
dac3d9
44cea6
be1e25
1df421
154bab
c1f261
4800cb
d25c6f
fc5491
333cb7
b6b056
3aa2c7
f14b7c
dae402
465e87
bbbe35
20342f
141b84
c16288
49f0b1
cfec6b
fe14af
332c90
b52078
3d52be
eeeb68
dc0426
471e5d
b97e47
22e439
128b66
c162b2
4bd08e
cd4c72
0084c7
323c64
b410a1
3fc2a6
ec4b5b
ddb44a
475e33
b75e6b
25a431
0feb4d
c212df
4cb069
ca7c84
0334d3
308c40
b3d0cf
41d286
e96b5e
e01465
46ae09
b60e91
286421
0d6b3c
c3b30a
4d703b
c87ca4
0634d4
2e7c1f
b440fd
434262
e6bb6e
e2947b
454ddc
b55ec0
2ad405
0a7b37
c5d328
4d200d
c6bcca
0924c6
2bcc0a
b5412a
444237
e43b87
e57480
438db8
b54eea
2cb3e5
078b3d
c8033f
4c4fe0
c58cf2
0b84b3
291c03
b7314d
44520a
e24ba8
e8747e
413d9d
b60f18
2dd3b8
052b52
cab34c
4adfb6
c52d22
0dd496
261c01
b8e168
43f1de
e0fbce
ead470
3ead8e
b77f3e
2e538f
02db6c
cd834e
48df9c
c5ad4c
0f2474
23bc0d
bb617b
42d1b7
e01bf3
ed0455
3c2d8b
b91f5e
2e3369
018b8b
cfe343
466f8a
c65d6d
0fd44d
219c20
be1180
413198
e04c1d
eea43a
39bd8c
bb4f71
2da344
00abaf
d1f337
447f84
c7cd8c
102429
1fec39
c0017a
3f5187
e0ec3f
ef741a
37dd9e
bd4f78
2c5329
006bcf
d3631d
427f83
c96d9f
0fb409
1f4c58
c2016f
3d5181
e1bc58
efe3fb
366db3
bf1f76
2ac313
00cbe9
d42303
40bf92
cb3da5
0e73f2
1f1c73
c3315c
3bd180
e36c67
ef43df
35bdca
c06f6b
292311
01bc00
d452e7
3f8fa6
ccada0
0d43e5
1f9c89
c3c147
3ab18a
e4bc6c
ee63cf
35ede2
c16f5a
27c315
031c0a
d3a2d3
3f5fb9
cdad93
0be3e4
206c9a
c3a12f
39e19e
e5dc62
ed43c8
366df9
c1bf46
26e322
045c08
d2a2c7
3f7fcc
ce4d83
0a93f0
221c9f
c2c11f
39d1b3
e6ec56
ebc3cd
377e00
c13f33
264339
05abfe
d162c6
409fe0
ce4d6d
09c3fe
234c9a
c17116
3a71cb
e76c3c
ea93dc
391e02
c00f1f
269351
066be9
cfa2cf
421fe6
cd7d55
09541a
24ac8a
bfb115
3ba1de
e6dc1e
e993f2
3aedfa
be6f15
27636b
06abcc
ce52e4
43efe8
cc1d40
09a43b
259c6e
bde122
3dc1e6
e61c07
e95413
3c5de2
bc2f15
293384
066bab
cd0300
460fdd
c9fd32
0af45b
263c4b
bbf139
4021e9
e46be8
e9743a
3dadc1
b9cf21
2b838f
055b84
cc5324
482fc4
c75d2e
0cc476
25dc20
bac157
42a1de
e1cbd6
eaa462
3e8d9a
b79f38
2df39a
036b62
cc9353
49ffa1
c4bd37
0f248f
250bf5
b98183
4511cc
deebcb
ec6485
3eed6a
b56f55
30f395
010b49
cd637f
4b5f78
c1fd48
12249f
236bcd
b8f1b3
4781a9
dbebcd
ee94a7
3e3d3c
b3df84
341382
fe2b36
ceb3af
4bff44
bf4d6a
15549f
210ba5
b931e8
49417e
d8cbdd
f1a4bd
3d0d08
b2dfb7
36d365
fabb2f
d0f3d6
4bef0f
bccd92
188498
1e3b8c
ba521c
4ab14b
d5dbf6
f504cd
3b1cdb
b2afec
394341
f78b2f
d3d3f6
4b3eda
bb9dc0
1ba482
1adb79
bbe24b
4b4118
d32c14
f874cd
387cb8
b3101f
3b2314
f42b41
d6b40b
499ead
ba7df7
1e7464
179b72
be4271
4b00e3
d0fc3f
fb84c1
358c9e
b42053
3c32e3
f16b59
d9e415
47be82
ba8e2a
20c43e
148b79
c0f28f
4a60b2
cf9c6c
feb4ac
32ac91
b5d07c
3cc2b2
eefb7b
dd241b
455e62
baee5c
226418
116b86
c3c2a1
48e083
cf0c9d
00e48f
2f8c8b
b7f09f
3c7281
ed2ba0
dff40d
42de4e
bc2e86
2313e7
0efba1
c692a8
46e062
ceecc8
02c470
2d0c95
ba20bb
3bd257
ec2bc7
e243fa
404e41
bd8ea6
2353c3
0d5bbc
c902a5
45204d
cf6ceb
03d44c
2aac9e
bc60c2
3a9239
ebdbef
e403e4
3dfe43
bf5ebf
23339c
0c2bdb
cb2299
43303f
d06d0c
042429
28ecb7
be60c5
391221
ebec0b
e4f3c8
3c4e4c
c10eca
223383
0b7bf6
cc528b
41703c
d1bd1f
043410
27eccb
c010bd
378216
ecbc23
e553ae
3ade58
c29ecb
212370
0bcc0e
cd6275
3fe042
d2fd28
0373ff
27dce1
c140b0
36421b
ed8c31
e5639b
3a4e6b
c3aec6
20336e
0c3c1b
cd7266
3f504e
d3ed25
02a3f9
282cee
c170a1
35821f
ee8c31
e4a395
3a7e78
c3eeb9
1f6373
0d3c20
cd225a
3ef060
d49d1c
01c3f7
28ecf5
c15094
35122d
ef5c27
e3a394
3b0e81
c3eea9
1ed380
0e4c19
cbf258
3fc068
d4ad0c
013405
2a0cf2
c04090
35a23e
ef8c17
e2b399
3c4e84
c30e9d
1ef395
0eec09
cae25f
40f073
d3fcf6
00b419
2b1ce3
bec08a
36c252
ef7bff
e223b0
3dbe7b
c19e96
1fd3a9
0f1bec
c97270
42d071
d2bce4
010437
2c1ccb
bcd097
389257
ee9be5
e173d0
3fae68
bf7e90
2153c3
0f1bcc
c82289
44e065
d0acd5
020456
2c9ca7
baf0a7
3b025c
ecfbc8
e1a3f6
40de49
bd5e99
2363d5
0e1ba8
c762ae
472054
cdfcce
03b477
2cac7e
b910c9
3d6259
ea8baf
e2741f
422e21
ba9eaf
2643df
0c5b7e
c6f2dd
493033
cb2cd1
05f495
2c1c4d
b7d0f3
405246
e7cba0
e3f449
42bded
b82ece
2993e0
0a0b5f
c79310
4af00a
c83ce1
0914aa
2a7c1f
b6e128
43222a
e46b9a
e66473
42adb8
b61ef6
2c93d8
073b43
c8a345
4c5fd5
c50cf9
0c54b5
287bf1
b67160
45b201
e0bb9d
e93497
419d7f
b45f2c
2fe3c3
038b2f
ca6377
4cef9c
c21d20
1014b8
25fbcc
b7319b
47c1ce
dd4bb0
ec94ae
3fed48
b35f60
3343a2
000b28
cce3a4
4ccf5d
bfcd4c
13c4a7
22bbad
b871d2
491198
da2bc7
f014bd
3dfd1b
b2ffa1
35c377
fc2b2d
cff3c7
4c0f27
be0d83
171496
1f2b97
ba3207
49b15c
d6ebf2
f3e4be
3b2cf3
b35fdc
380347
f8ab3d
d343e2
4a7ef0
bcddbd
1a847a
1b8b90
bcc232
49b121
d4ac1f
f754b1
381cd5
b47011
394310
f56b59
d6d3f1
488ec5
bc8df1
1cf453
17db90
bf7254
48f0ea
d2fc4b
fab4a3
34dcc0
b5f040
3a02dd
f2ab73
da43ef
460e9d
bd0e25
1ee425
149ba1
c2526c
47c0bc
d20c7f
fd7489
31acb7
b85065
39e2aa
f0bb9a
dd03e8
436e83
bdee56
1fe3fa
121bb8
c52276
462097
d1ccab
ff9467
2f0cb8
ba6082
39727e
ef8bc3
dfd3d7
40ee75
bf3e7d
2093ce
100bce
c7d276
44407b
d23cd5
00e444
2c9cc8
bcb095
38625d
eebbea
e193c5
3e9e6d
c0be98
2063ab
0eabee
c9b272
428067
d2bcf4
019427
2accd4
be8098
373243
ee9c06
e2f3b1
3cae73
c20ea8
20038f
0dec01
cb5266
40d063
d39d09
01c40d
29ace7
c00097
361233
eeec1e
e3b39b
3b7e7b
c37ead
1f2381
0dcc15
cc3259
3fb063
d4bd12
0153ff
292cf8
c0d092
35222e
ef7c29
e3838d
3b0e85
c43eaa
1ea379
0dfc22
cc824f
3ee06b
d52d12
00f3f5
296cff
c13085
349235
f03c2a
e35386
3afe8f
c4bea1
1e0380
0eac24
cbf249
3f1073
d56d0b
0063fc
29ed00
c0f081
34d243
f07c20
e2838e
3bae91
c40e99
1e038b
0f5c1c
cb324c
3fe076
d55d00
004408
2abcf8
bff07e
35624a
f08c11
e1f39b
3cce8a
c34e90
1e539d
0f6c08
ca6253
414079
d44cee
00441c
2bace7
be6084
36b256
ef7bfa
e163b2
3e3e7f
c16e8d
1f93ae
0f8bec
c9226e
42f077
d29ce1
00e43a
2c6cc8
bca094
38b25f
ee7be0
e163d5
3fae67
bf4e93
2173c5
0ecbcc
c7f28a
450064
d07cd6
02245d
2c9ca2
baf0b0
3b225b
ec7bc7
e203fa
40fe41
bcce9f
2413d3
0d8ba2
c7a2b8
474048
cd8cd4
04647a
2c3c74
b970d7
3e124e
e9bbb3
e31429
41de0f
ba3eb9
26f3db
0bab7e
c792ea
493024
ca6cdc
071495
2b2c44
b80104
410239
e69ba5
e4e455
422dde
b7aedb
2a63d7
08cb59
c8531c
4b1ff4
c6fcf1
0a64a9
294c14
b74139
43e212
e2eba0
e7947c
41bda3
b58f11
2e23c9
059b3e
c9a357
4c4fb9
c3ed0c
0e04b2
273be4
b75178
4651e6
df2baa
eaa49d
40dd69
b3ff47
3183b0
01db2f
cbc38d
4ccf7e
c0dd36
1204b3
241bbc
b7b1ba
4871b3
db8bbc
ee64b6
3efd31
b31f85
34b387
fd9b2a
ceb3b9
4c7f3b
bead6b
15f4a7
206b9d
b901f3
49d174
d81bdb
f264c2
3c5cfc
b2bfc6
37935a
f9bb34
d203de
4b9efc
bc9da6
19a48c
1cbb87
bb4229
4a7134
d4ec04
f684c3
398cd0
b33003
39e326
f5eb42
d563fc
49fec2
bbade0
1d2468
18db7f
bdd25a
4a80f9
d24c39
fa54ba
363cb0
b4603f
3b32ef
f27b5c
d9140c
47be94
bb3e1d
1fb443
153b82
c0a27e
49a0bc
d06c68
fdd4a6
32cc9e
b64072
3c02b3
efab80
dce40c
453e6a
bb8e55
21c413
11eb8f
c3f299
486088
cfac9e
00948b
2f7c94
b8809a
3c027d
ed8ba8
dff406
423e4f
bc7e89
2333e3
0eeba5
c702a5
46b05e
cf1ccd
02f469
2c6c95
bae0bb
3b9252
ebfbd0
e2c3f9
3fbe3d
bd9eb1
2383b9
0c8bc0
c9d2ac
44c041
cf3cfc
049445
29fc9c
bd00d2
3aa227
eb1bf6
e4f3e6
3d3e36
bf1ed1
23c390
0afbdc
cc12a8
42e02b
cfbd1b
058428
27ccaa
bef0d8
39920e
eaec17
e673d0
3b6e36
c0aee5
238376
0a2bf7
cd929b
416021
d08d32
05d40d
265cbb
c0b0d7
387200
eb1c2f
e743b8
39fe3c
c22eed
22f361
09bc0a
ce9290
3fe01e
d18d41
05b3fa
25fcc9
c190d5
37b1f6
eb3c3b
e7a3ab
395e46
c2feeb
22635a
09ec15
cf2289
3f6021
d20d45
0573ef
25ccd1
c1f0d2
3721f5
ebbc40
e753a8
390e4b
c32ee8
221357
0a4c16
cef280
3f6027
d20d43
0543f5
263cd3
c1b0c9
3711fc
ec0c3a
e723ab
39ae4d
c2dee4
21f363
0a7c0f
ce7287
402029
d1ed37
04e401
26bcca
c0e0c9
37a204
ebac2c
e683b6
3abe45
c1eedc
22a371
0aabfc
cda295
41402c
d0bd2c
05a416
274cb9
bfa0d8
39320e
eafc17
e653cf
3bbe36
c03ede
23e382
0a4bde
cc82ae
42d022
cf3d1f
05e431
27fc9a
be10e6
3b320d
e98c01
e673f1
3cfe1e
be1ee4
260392
096bc1
cbd2cb
44e010
cced1c
07944c
27dc75
bc7106
3d720a
e76bea
e73416
3dfdf5
bbbef7
28739d
080ba1
cb92f6
46cfee
c9fd1e
09d468
274c46
bb112b
4051fa
e4abdc
e8d441
3ebdc4
b93f16
2b839f
05ab7b
cc1329
48cfc8
c6dd28
0cd47d
264c16
b9f15e
4361e0
e19bd1
eac46b
3ecd8b
b6bf3e
2ec399
02eb5a
ccb361
4a2f95
c3cd3f
104490
242be5
b96194
4601b9
ddbbd3
ed9493
3e3d56
b4ef71
328386
ff5b46
ce8397
4b2f59
c0bd5e
140495
219bb7
b971d6
487189
d9bbdb
f0c4b3
3ced18
b38faa
36036b
fb8b35
d0c3c9
4bbf1b
bdbd8f
180494
1e6b92
ba7216
4a6150
d63bf2
f4d4c7
3b0ce0
b29fec
39333f
f77b31
d3d3fb
4b4ed5
bb6dc4
1c0483
1a9b75
bc324f
4b9111
d25c15
f8c4d2
382cab
b2802e
3c2310
f30b39
d7341a
49fe99
b9ae02
1fa468
16ab5f
be6287
4c10cf
cf8c42
fd04d2
351c83
b34071
3e12d5
ef6b4f
db4436
484e5f
b8ce40
232443
129b5e
c132b7
4c108b
ccec77
00c4c2
317c67
b480ac
3f929b
ebab6c
def441
45de2c
b82e81
261412
0e8b64
c452dc
4af04f
cb1cab
0464ac
2dec51
b6b0e2
404260
e8db93
e2a446
42ee00
b8eebe
27f3e7
0b2b70
c7a2f5
49801b
ca2ce7
07a48d
2a7c46
b9010b
401225
e6bbbf
e6443e
401de4
b9aeef
2953b2
07eb87
cb0303
47bfee
c9ad19
09c46c
272c49
bb912a
3fb1f4
e4dbe9
e9242c
3d2dd4
bb5f18
2a0383
059ba4
cde307
459fcd
c9ed46
0bc444
245c51
be0140
3ec1cc
e3dc13
eb7413
3a6dcc
bccf38
2a2355
03dbc3
d06304
437fbb
ca9d68
0cb422
228c64
c03149
3d31ab
e42c38
ed43fe
386dcd
be8f51
29d339
02fbe0
d222f8
41cfac
cb5d88
0d3404
20cc72
c1e14e
3c319a
e3fc53
edf3ec
36cdd5
c00f5d
29031e
025bf6
d362ec
405fa9
cc3d98
0d33ed
1ffc87
c3214b
3b018e
e45c66
eea3d9
35ddd9
c0ef5f
28a315
026c04
d402e2
3f6fab
cd1da0
0cf3e2
1fac92
c3e145
3a518c
e4dc6a
ee83cd
35ade2
c16f5e
28130f
029c0a
d3f2db
3f1faf
cd5d9f
0cb3e2
1fcc90
c3b13e
3a4192
e50c69
ee13cc
35cde6
c13f5b
282316
02dc08
d3a2de
3f6fb4
cd1d95
0ca3eb
204c8d
c3513f
3ac198
e4bc61
edd3da
368dde
c07f55
28a322
02ebf8
d312e8
409fb0
cc7d90
0cf3fb
20bc7b
c20148
3bd198
e3fc4d
edb3ee
375dce
beff57
299329
028be2
d252fc
41ffa8
caed85
0db412
20ec64
c0f158
3dc19c
e2bc3c
edf40b
389db6
bd4f62
2b633b
01dbc4
d1c31e
43af91
c87d83
0ef42b
20ec3e
bf8177
3ff195
e09c27
eed42f
395d92
bb5f71
2df344
004ba5
d1c345
45af76
c63d86
113445
205c16
be419e
429184
de2c19
f03453
39ed66
b8ff8e
30f345
fdfb82
d1e372
475f4f
c32d93
14245a
1f1be7
bd61cc
45416a
daec13
f2247e
39ed2f
b6cfb9
34133d
fb3b68
d2e3a8
488f1b
c01dab
174465
1d1bb9
bd1204
47a142
d77c15
f514a2
392cf6
b4ffed
378329
f7bb52
d4a3db
496ee4
bd2dd0
1b046a
1a6b8f
bd423f
49e112
d3cc24
f894be
37bcbd
b3c024
3b030a
f3db49
d7440b
499ea3
ba6dfe
1f1463
171b6c
be527f
4bc0d6
d02c40
fc74ce
358c8b
b31067
3e12df
efeb4a
da4437
48ee66
b82e32
22d44e
134b51
c032b9
4cd099
cc8c62
0064d6
32dc59
b370a7
4092ab
ebcb51
ddd459
479e24
b6de74
26a430
0f4b41
c292ef
4d4054
c97c93
0484d2
2f6c31
b420e5
429270
e82b6d
e1b46f
456ded
b5ceb0
2a1406
0b1b41
c5731a
4cd014
c73cc9
08d4c3
2bcc14
b5b123
43e235
e46b8f
e5a47d
42edb6
b5fef5
2ca3d8
074b44
c8b33e
4b8fd7
c5ad00
0c54aa
27dc02
b7f158
4471f6
e16bb6
e9847c
400d93
b68f31
2e73a6
038b59
cc8355
4a2fa3
c49d3b
0f2486
246bfa
baa182
4441be
df4be4
ed146d
3cfd76
b7bf63
2fc373
008b76
cfb363
481f75
c47d6f
11a45e
212bfc
bd01a5
436189
ddec13
f01457
39cd67
b96f91
30733d
fdfb96
d2a363
459f53
c4eda5
135437
1e3c0b
bfa1b6
42115e
dd0c3f
f27441
36dd60
bb2fb5
304312
fc4bb5
d5735d
434f3f
c58dc9
145411
1b9c1e
c241c1
40c13e
dcbc65
f45426
34bd62
bd2fc7
2fe2ef
fb7bd4
d76350
41af35
c6cde9
1493f1
1a4c34
c421bf
3f3128
dcfc85
f5740e
32dd6c
bebfd5
2f22d4
faebf0
d90340
3faf30
c7fdf9
1463d9
193c47
c5c1bc
3e111e
dd6c9b
f583f9
319d75
bfcfdb
2e62c6
facc06
d99333
3eaf36
c8ce02
1443c8
190c54
c671b6
3d411d
ddfca5
f5c3eb
312d80
c08fd5
2da2c0
fb1c0d
d9c32b
3e0f38
c94e02
13f3c3
193c5f
c691ad
3ce11c
de9ca7
f583e8
315d83
c09fd4
2d72c4
fb5c0b
d9732b
3e3f3d
c94dfb
13b3c5
197c5a
c631ae
3cf126
de8c9a
f533ee
31ed84
c00fcd
2d92cd
fb9bfe
d90331
3f4f3f
c8adf5
13d3d6
19dc4e
c531b4
3e0129
ddfc8c
f503fe
32dd75
beffca
2ea2d8
fb3bee
d84342
406f37
c74dee
1473ea
1a3c3a
c411c0
3f7129
dc9c7f
f52418
33ad60
bd6fd4
3032e3
fa7bd4
d7f35e
41ef25
c55de7
15c3fe
19ec1a
c2f1d9
418125
dadc6b
f5d43a
349d41
bb8fe7
3262ec
f8fbb9
d7c382
439f0d
c33ded
17c417
197bf2
c1c1ff
440114
d89c5f
f7645d
34dd15
b95001
3512ec
f73b9a
d803ad
44fee4
c02dfb
1a542a
185bc8
c0d22b
4660fd
d58c5b
f96483
34cce4
b76026
3832e4
f45b81
d913db
465eb4
bd6e12
1da434
162b9d
c0a25f
48e0d5
d21c5f
fbf4a0
33fcae
b5c058
3b92d3
f13b6e
dae411
46fe7d
bace36
213438
13bb76
c1529c
4a80a3
ce9c6f
ff34ba
329c77
b49091
3ea2af
ed4b64
dd443b
46ee3f
b84e62
25042e
105b56
c272d2
4c506b
cb1c85
02f4ca
305c45
b450cd
41d286
e93b67
e06465
463e02
b63e9b
28c419
0cab3d
c3f30a
4d402d
c7dcac
0724ce
2d8c17
b48111
43e250
e5ab75
e41481
44bdc4
b4ded7
2c03f9
08bb31
c6b33f
4d7fed
c51ce3
0b24ca
29fbf3
b57152
45b218
e18b91
e7c496
42ad8d
b43f18
2f63cf
04cb32
c9c369
4ccfad
c2dd13
0f14b5
266bda
b74188
46b1d8
de5bb1
eba49e
3fed5e
b44f58
31f39e
00eb3b
cd138d
4bcf6f
c15d4d
12a49a
22abcb
b9a1bb
475198
db9bdf
efb49a
3cfd3a
b53f91
33a36b
fd5b52
d0b3a0
49bf38
c0dd88
157476
1f2bc5
bc31e3
46c15f
d98c0d
f3248a
399d1f
b66fca
34a334
fa1b6e
d423a8
478f10
c09dbe
17c44d
1babce
bf31ff
45b12d
d83c40
f61473
365d15
b84ff3
3532fd
f81b93
d733a8
450ef0
c13def
194420
189bde
c1d212
445103
d76c6d
f87459
339d0e
ba3014
34e2d4
f65bb5
da039b
42aee1
c24e1a
1a03fc
167bf3
c4521a
42d0e5
d7ac94
fa343a
313d16
bc6025
3422aa
f56bd7
dc138d
408ed6
c37e35
1a63d6
14fc0a
c68217
4110d1
d81cb6
fae41f
2f5d21
be4032
334293
f52bf4
dd637a
3ebed7
c4ee46
1a13bc
142c23
c80213
3f90c7
d8dcca
fb5409
2e2d31
bfc034
323284
f52c0c
de0368
3d6eda
c60e50
1963ac
13dc35
c91205
3e80c6
d98cd1
fb63f8
2d8d3b
c0902f
31627f
f59c15
de635e
3ccee2
c67e50
1913a2
141c40
c931fa
3e40cc
d9ecd3
fb13f4
2dad41
c09026
312282
f5fc16
dde357
3d1eea
c6de4a
18b3a7
146c40
c8b1f6
3e60d1
da1cce
fa63f5
2e4d42
c04021
31328d
f65c0c
dd535c
3daeed
c62e40
1893b6
14bc32
c7f1fa
3f30d5
d97cc0
fa3406
2f2d38
bf4021
321298
f60bfa
dca36b
3eeee8
c50e39
1953c8
154c1b
c6e207
4080d9
d89cb0
fa541c
302d24
bda027
3352a3
f5abe7
dbf386
406ed8
c35e34
1a43dd
152c02
c5b21f
4270d5
d71ca1
faf43b
30dd07
bbb036
3592ab
f44bc3
dc03a9
421ec1
c13e35
1c73f3
14ebdb
c4b241
4490c7
d4bc95
fc4460
314ce0
b9b050
37d2ad
f24baa
dc73d4
436e98
bebe42
1e9404
138bb4
c3b26b
4720ac
d1dc8e
fe5481
312cae
b7e075
3ae2a5
ef6b95
dd6400
447e6b
bbce5a
21c410
119b8c
c3a2a0
492087
ce9c92
00d49f
303c7d
b680a9
3df290
ec6b81
df642e
451e37
b93e7e
255410
0eeb69
c432d6
4b1059
cb3ca2
0464b9
2ebc4c
b590dc
41126c
e8bb7a
e1845c
450dfc
b71eab
28f403
0bcb46
c55310
4c9021
c7dcbf
07c4c3
2cac18
b5411b
43d246
e4fb7f
e4b485
440dc2
b4fee3
2ca3f1
082b33
c74345
4d6fe3
c4dce5
0b94c5
29abec
b5a154
46120d
e13b93
e82498
427d88
b3ff21
3003cb
041b2d
c9f375
4d5fa1
c24d15
0fc4bb
265bcc
b6f194
47d1d4
ddbbac
ec34aa
404d51
b38f5d
32d3a2
002b2e
cce39b
4c6f66
c01d4b
1354a8
22abb5
b8b1c8
48319a
da8bd1
f034b4
3d9d24
b39f9d
356370
fc8b3b
d063b9
4aff2d
befd88
16a487
1edba9
bb41fb
48815c
d80bff
f3e4a7
3a4d04
b4afd6
36c33a
f92b54
d3d3c7
48cefb
be7dc2
196462
1b6bac
be021d
47c125
d64c30
f6f497
374cee
b65006
376302
f65b79
d763ce
46ced5
beadf6
1b7439
17fbb7
c0f237
4690f2
d52c5e
f9f479
33fce5
b8302d
3772d1
f43b9a
da43c6
440eb8
bfae26
1ca40b
155bcd
c38246
4510cd
d4cc90
fbd45c
311ce7
bac04c
3722a7
f2dbc0
dd23b8
419ea8
c0be4c
1d33e3
132be5
c61248
4340b0
d4dcb5
fda43d
2ebcf0
bcc05c
361282
f1fbe3
ded3a8
3f7ea2
c22e66
1d23bf
11dbfe
c85243
41709d
d54cd4
fe0422
2d0cfd
be7062
34f26c
f21bff
e05391
3dbea6
c37e75
1cc3a5
112c15
c99238
400098
d65cea
fe9408
2c3d0e
c00063
33e25f
f26c13
e0b380
3c7eb0
c4fe78
1c1394
111c29
ca822c
3f309c
d74cf1
fe43fd
2bad1c
c0905a
32f25d
f2ec1e
e08373
3bfeb8
c57e77
1b7394
115c32
ca8222
3ec0a3
d7fcef
fd73f5
2bcd24
c0b053
329261
f37c1d
e0036f
3c2ec2
c5ce6e
1ae399
121c31
ca221a
3ed0aa
d80ce2
fcd3fc
2c6d25
c0304c
32c26c
f3cc10
df8372
3d0ec4
c53e64
1af3a9
128c27
c93221
3f90b3
d7dcd9
fcb40a
2d9d1c
bf3048
33827c
f3dbfe
de9384
3e4ec1
c3fe5d
1b83bc
12fc13
c7f22a
4130b5
d69cc5
fca424
2e5d08
bdb04f
353289
f2fbe4
de439e
401eb1
c24e53
1ca3d4
12fbf1
c68242
4320af
d4dcb2
fd9442
2f3ce8
bbe05b
37728f
f1bbcb
de03c1
416e98
bf9e5b
1ec3e7
124bcc
c59266
4550a1
d27ca7
fe9464
2facbf
b9d07a
39e28f
efcbaf
de73eb
42ee70
bd6e66
2163f9
114ba6
c4f291
47a085
cfaca7
00c486
2f9c8d
b8109d
3cc284
eceb96
df7418
440e3f
baae7f
246402
0f3b7c
c4e2c5
49f05b
cc6cae
03c4a1
2e9c5d
b6a0cf
3fe26c
e9db8a
e1b445
442e09
b80ea6
27e3ff
0c5b59
c5b2fb
4b702e
c8fcc0
06d4b8
2c8c2d
b5e109
428249
e61b86
e41471
440dd1
b60ed6
2b53ee
092b3c
c6f334
4caff6
c5bcdd
0ab4c1
2a6bfa
b5a144
45321f
e27b8d
e76490
42fd93
b45f0e
2ed3d4
053b2e
c8f366
4d1fb9
c31d07
0e64c0
275bd6
b68181
4731e9
decba4
eaf4a9
411d61
b35f49
31f3b0
017b29
cbc393
4cff79
c0cd39
1244b2
23ebba
b7d1be
4891ac
db5bc1
eea4b4
3e8d2e
b36f8a
34a383
fdcb33
cf23b3
4c0f3d
bf1d72
15c498
203ba5
ba01ed
49116d
d89bea
f294b2
3bad07
b40fc3
36934f
f9eb42
d2b3cc
4a4f09
be0dad
18e476
1c6ba2
bcb218
48c136
d65c1b
f634a5
387cee
b53ffb
37c31b
f70b61
d613d8
47fedb
bdfde4
1b444e
193ba9
bf823a
47b100
d4bc4a
f90490
353cde
b71027
3852e5
f48b84
d923d6
458eba
be6e16
1cf421
15fbba
c2824b
4670d4
d44c7a
fbb472
325cdb
b93049
3822b5
f2ebaa
dc23cc
42eea5
bfbe41
1dc3f4
13abcf
c4f252
4490b2
d3cca5
fd5451
2f8ce1
bb505e
37528f
f1abd0
de63b7
409e9c
c13e63
1da3ce
11ebe9
c7924d
42c09d
d49cca
fe8432
2daceb
bd506c
362270
f16bef
e023a6
3e5e9c
c28e74
1db3ae
10cc04
c96248
411090
d54ce5
ff0418
2c2cfe
bf406f
35025a
f19c09
e0e391
3d1ea1
c3fe7e
1cf39c
108c1b
ca423c
3fc090
d65cf3
fed403
2b8d0f
c05068
33b258
f21c19
e11379
3c0ead
c51e80
1bf390
10ac2c
cad22e
3ed096
d73cf6
fe13f6
2b8d1a
c0f05a
330259
f2dc22
e0c371
3bdeb8
c57e78
1b6393
116c2f
caa221
3eb09f
d7bcec
fda3f5
2bed24
c0b053
32e264
f35c19
dff373
3caec0
c55e6d
1b039c
122c2d
c9b21c
3f10a9
d7fce2
fd0404
2ced1f
bfe04d
333272
f3bc0e
df237b
3d8ec0
c4be5f
1b43b2
12cc1e
c88222
4070b1
d73ccd
fcb417
2ded10
be8048
345283
f36bf3
de8390
3f1eb9
c2de57
1c03c6
12ec03
c74237
4220b4
d5ccbc
fcd433
2f0cf7
bc7054
36128f
f26bd8
de33b1
409ea6
c10e56
1d83df
12bbdd
c5e254
4460a7
d3ccad
fe2455
2f8cd3
bab068
387291
f0dbb7
de13d7
426e83
beae5c
1fe3f2
11fbb8
c52279
469092
d14ca3
ff6478
2f8ca9
b8c08b
3b428b
ee8b9f
ded405
439e5a
bbde74
22c3ff
105b8f
c4a2ab
48f073
ce0ca5
020497
2f4c75
b710b9
3e827b
eb5b8d
e04430
444e24
b92e93
260405
0deb6b
c502df
4ae04b
cadcb1
0514ad
2dcc42
b5f0e8
41625f
e7fb81
e2945e
441dee
b6eebb
29a3fa
0b0b4b
c60314
4c6013
c74cca
08b4c0
2bac12
b5b125
440236
e45b86
e59483
43bdb3
b50ef0
2d23e6
075b33
c7d34c
4cffda
c45cef
0c74c1
290be7
b5e163
464205
e09b94
e8d49f
422d7b
b38f29
3083c5
038b2c
ca537e
4d5f9b
c1ad1e
1074ba
25ebc5
b7019f
47f1cc
dd2bae
ecc4b0
3fdd49
b37f68
33739b
ff7b2e
cd73a6
4c4f5b
bfed57
1404a9
222bb1
b901d2
48b190
d9fbd6
f0a4b3
3d4d1d
b3efa5
357367
fc0b3b
d0c3be
4b1f24
bead8e
171487
1e8ba8
bb61fd
48a154
d79c02
f474aa
3a2cff
b4efde
36e335
f8bb55
d453cf
490ef4
be5dc4
1a1460
1afba9
be2225
47f11d
d5cc33
f78496
36bce8
b6600d
3782fc
f5fb75
d7c3d1
465ece
beadfd
1ba432
17abb6
c1223b
4680ee
d4dc62
fa047c
33bce7
b87036
3792ca
f40b9e
dab3c6
43feb6
bf9e28
1cd408
150bcc
c3e246
44e0c7
d4ec91
fc145c
30dce7
ba904a
36c2a4
f2ebc4
dd23b7
415ea9
c10e4e
1d13de
131be8
c68245
42f0ae
d51cb8
fd5437
2ebcf3
bcd05a
35e283
f24be7
df03a4
3f4ea8
c29e63
1ce3be
121c05
c8823c
4130a1
d60cd7
fdf41c
2d0d07
bea05c
34926c
f27c00
dff388
3d8eae
c42e6f
1c33a6
118c1a
c9a22f
3fb0a0
d73ce7
fde406
2c6d17
c03059
337266
f2dc18
e03379
3caeb9
c54e71
1b7399
119c2b
ca1222
3ee0a5
d7cce9
fd63f7
2c4d27
c0a04f
327264
f3dc1c
dfc36c
3c6ec7
c5fe69
1a9396
125c39
ca0213
3e80af
d89ce8
fcb3f4
2c8d30
c0a03d
32326e
f49c18
df336a
3cced1
c60e5f
1a03a1
12fc32
c9220e
3ee0ba
d89cd8
fbe3ff
2d7d30
bfe037
32727c
f4bc0b
de4371
3dced3
c53e52
1a13b5
13fc26
c7f213
3fd0c5
d84cc3
fb7410
2ecd21
beb035
33728f
f4dbf5
dd8384
3f4ecf
c3fe46
1ad3cb
144c0a
c6b222
4170c9
d71cb3
fb942d
2fbd08
bcc03e
34f29f
f3fbd7
dce3a0
40eebb
c1ee42
1c43e8
142be8
c5923d
43b0c2
d50ca1
fc944f
307ce7
ba9052
3772a2
f27bba
dcc3c7
428e9e
bf6e4b
1e63fc
137bc1
c46263
4640ad
d28c96
fe0473
30bcbc
b8c06d
3a52a2
f01b9c
dd73f3
442e75
bc5e58
21240b
11fb96
c3e295
48908b
cf5c94
007497
307c8b
b6e09b
3d4292
ed4b88
ded423
44fe43
b9de78
24a40e
0f7b72
c402c6
4ab064
cc1ca0
0354b1
2f1c53
b5c0d1
405276
e9cb7a
e10451
44fe09
b75ea0
28140a
0cab50
c4d301
4c402f
c89cb9
06e4c1
2d4c23
b52109
433250
e5fb7c
e3d477
447dce
b58ed4
2b83f7
08fb37
c6c338
4d3ff3
c56cd9
0a84c6
2a9bf8
b57146
456220
e23b8b
e75496
42ed94
b40f0e
2ef3da
054b2a
c9236a
4d4fb4
c2ed09
0eb4c1
274bd4
b69182
4701e9
decba4
eaf4a6
40dd5e
b37f4b
31e3ad
018b2e
cc3390
4caf75
c0cd3e
1244aa
237bbe
b831bd
4831ac
db6bc9
eed4aa
3e3d35
b3df8b
34337b
fdbb3d
cf73af
4b3f41
bfdd7a
15648e
200bb2
bab1e6
48316d
d8ebf6
f2b4a4
3afd15
b4efc1
35e348
fa6b54
d313b9
494f0e
bf3db5
182463
1c7bb7
bd720c
478134
d74c28
f5a492
37dd00
b68ff5
366311
f7ab75
d653c0
46ceec
bf9de6
19f439
192bc3
c07223
461105
d66c5a
f86474
34ccf6
b8a018
3672e0
f5bb9b
d973b7
444ed1
c0be12
1b440e
168bd8
c34230
4480de
d61c86
fa8454
31dcfe
bad030
35b2b8
f47bc4
dbf3a8
41bec5
c1ee34
1b93e7
14abf2
c5c22e
4290cb
d6aca9
fbd435
2ffd07
bd003f
349294
f41be4
dd9390
3f8ec1
c38e4d
1b13c5
139c0f
c7a222
40a0bc
d74cc7
fc3417
2e1d1b
bed043
334284
f42c04
de837c
3dfecb
c51e58
1a93af
130c25
c8c213
3f60ba
d86cd5
fbe402
2d8d2d
c0203b
322276
f4cc11
dec365
3d0ed7
c61e59
1993a4
13ac37
c95207
3e70bf
d97cda
fb83f5
2d8d3d
c0c032
31427e
f58c19
de7359
3cfee3
c6de52
18e3a5
141c3e
c901f8
3e40cd
d9fcd3
fab3f3
2dfd44
c09025
30e285
f62c11
dd935a
3d5ef0
c6ae41
1863b0
14bc3a
c821f8
3eb0d9
da3cc3
fa2401
2f0d41
bf901b
316299
f6ac00
dca361
3e9ef0
c5de34
1883c4
157c29
c701fd
3fe0e4
d9acb1
f9a414
304d32
be1019
3282aa
f6abe6
dbc378
405ee7
c44e28
1943dc
162c0f
c5920d
41a0e5
d82c99
f9c433
315d18
bc2021
3482b7
f5abcb
db2399
41ded3
c23e26
1ad3f7
15fbea
c4322b
43f0db
d5fc88
fab45b
321cf2
b9e039
36e2bc
f3eba8
db43c1
43aeb4
bf8e2e
1d240b
153bbf
c31253
46a0c9
d36c7d
fc747d
323cc7
b80059
39e2ba
f18b92
dbd3f3
452e86
bcbe3f
20241c
135b93
c28288
48f0a2
cfec80
fef4a2
31cc92
b63085
3cd2a9
ee3b7a
dd6421
45ae54
b9de5e
239421
10fb6b
c2f2bd
4b1074
cc9c8e
0224ba
308c5b
b520bb
40228b
ea9b71
dfd450
45ee17
b74e8b
274419
0dcb49
c3f2f9
4c8041
c92ca7
05b4c9
2e4c29
b470fa
42e262
e6fb73
e2f474
450dd8
b55ec3
2af405
0a2b36
c5c32e
4d5003
c63ccc
09b4cc
2b6c01
b52139
45022f
e2fb84
e66491
438da1
b46efd
2e43e2
062b2b
c8835e
4d4fc3
c37cfc
0db4bf
27fbdd
b67173
46a1f1
df8b9f
ea34a1
412d70
b3ff3f
3123b7
023b31
cba382
4c7f85
c1cd38
1134ac
244bc9
b821aa
4761b7
dc6bc8
ee149f
3e9d44
b44f7c
332384
feeb3e
ced39c
4aef51
c09d6e
14748a
20abc1
bab1d7
475178
da5bf3
f1b494
3b3d25
b5bfb1
345349
fb5b5e
d273a9
489f23
c04da9
170460
1d2bc6
bda1f6
466143
d88c27
f4c482
37ed17
b75fe0
352317
f8cb80
d603a8
462f00
c0fddb
18a432
1a0bd8
c08208
44e115
d7fc54
f77466
34ed13
b99002
34b2e5
f73ba8
d8d39c
43cee9
c21e03
197407
17abf2
c36211
4330f7
d80c83
f8d444
326d18
bbd017
33f2bf
f65bcf
dae388
412ee4
c3ae21
1973e3
163c09
c5b20d
4130e1
d88ca5
f9d423
305d2a
bdd01c
32b2a5
f62bf1
dc6373
3f1ee7
c50e35
18f3c6
154c26
c77202
3fa0db
d97cbb
fa140b
2f3d3a
bf7020
317296
f66c06
dd2360
3dceee
c68e3b
1853b4
152c3c
c841f1
3e60de
dabcc6
f9c3f8
2ecd4f
c09016
306294
f75c14
dce34d
3d3ef9
c75e36
1753b0
15bc47
c861e3
3da0e5
dbacc3
f903f1
2f2d57
c0a009
2ff29c
f80c13
dc5345
3d9f0a
c7be2d
16a3ba
16bc48
c791d9
3dc0f5
dbecb8
f853f6
2fcd5f
c02ffa
2fb2aa
f8bc05
db734a
3e7f11
c73e1e
1643c8
173c3d
c681d9
3ed103
dbaca4
f79406
314d56
befff4
3072bb
f8cbec
da5355
400f10
c61e0f
16c3e2
181c28
c541e5
404109
da9c8e
f78422
325d3e
bceffd
3202cb
f83bd0
d99375
41cf02
c42e04
17f3f6
184c04
c361fa
428105
d91c7b
f80448
337d1e
bb0005
3442da
f6fbb1
d8f39e
438ee6
c19e01
19f414
17dbdc
c1f220
44e0f7
d65c69
f9546c
342cf7
b8a023
3702dc
f4eb91
d963cc
454ec1
bebe11
1c9429
169bb3
c16250
47b0dd
d36c5f
fb848d
33ecc5
b6904c
3a42d3
f22b79
da73fe
467e8f
bbfe2d
1fd435
148b84
c17286
4a00b5
cfdc69
fe34b3
332c8d
b5007c
3d92bd
eebb67
dc642d
46ce57
b8fe53
239432
11cb62
c212c0
4c1081
cc5c7c
0184c5
314c58
b430b9
407297
eadb63
df1455
46be1a
b6ee83
275422
0e3b45
c342f8
4d2049
c93c9f
05a4d1
2f0c27
b450f8
433267
e6db6a
e2947c
456dde
b53ebd
2b2408
0a4b35
c5732c
4d9008
c61ccb
0994cc
2b7bfd
b50135
45022f
e35b80
e6448e
439da6
b47efd
2de3e1
069b30
c89359
4d0fc8
c41cfe
0d84bb
27ebe5
b6c16f
4621f3
dffba5
ea3495
40cd76
b4bf3a
3093b1
02bb3d
cbe37a
4bef8e
c28d37
10a49f
247bd9
b9019f
4631b7
dd6bd0
ede491
3ddd53
b56f76
32037a
ff1b54
cf6388
49df5d
c21d70
137479
20bbd8
bbe1c5
45b180
db8c05
f1247f
3a7d3c
b71fa7
32f344
fc5b75
d2c38b
475f32
c23da8
15844f
1d7be5
bea1dd
44814e
da9c33
f3e466
377d37
b91fcd
32f312
fa5b98
d5c387
44cf1d
c2fdd3
169426
1aebfc
c171e8
42e128
da4c5b
f5e445
34bd3a
bb3fe6
3212ec
f94bc2
d81374
427f10
c49df5
16e3fa
192c14
c3f1e4
40d112
dadc81
f6f422
32bd48
bd7ff2
3122cc
f8ebe1
d9b35f
404f14
c61e0a
1693da
17dc30
c5a1d9
3f3108
dbbc9e
f75405
314d5a
bf2ff3
2fc2bb
f90bfb
daa347
3edf1a
c78e15
1593c7
17dc49
c681ce
3e0109
dcacac
f6f3f6
30dd6f
c05fe9
2ed2b5
f9dc0a
da9334
3e1f26
c8ae0f
14d3c3
185c56
c701bc
3d3111
ddacae
f663e9
30fd79
c0cfdc
2da2be
fadc0a
d9f32e
3e1f34
c90e05
13f3c3
194c5a
c681b3
3ce120
de9ca0
f573ed
319d7f
c05fcd
2db2c9
fb9c01
d8d32c
3eff42
c8ddf6
1353d3
1a1c52
c561ae
3da12c
de3c8f
f493fd
331d7e
bf3fc3
2e42df
fc0bee
d7d33b
405f40
c7cde3
13e3ea
1b0c3d
c401b4
3f5137
ddac75
f42417
345d6d
bd4fc4
2fa2f3
fb9bd2
d6f355
425f36
c5ddd9
149408
1b8c1e
c231c6
41513d
dbfc5c
f4c438
35ad4f
bb1fce
31b2ff
faabb2
d63378
445f22
c36dd4
168425
1b2bf5
c0a1eb
43e134
d9fc49
f56463
368d25
b8dfe7
346305
f8cb8c
d653a7
461efd
c0add9
18f43d
1a4bc9
bfb218
46911c
d69c41
f74488
369cf2
b6a006
37a303
f61b6f
d723d8
478ecf
bd9df1
1c244c
186b9a
bf024b
4900f7
d34c40
fa14ab
361cbd
b4c03a
3ae2f0
f2cb5c
d8b408
484e94
bace14
1fc44f
15db74
bf6287
4b60c3
cfac4f
fd34c4
34ac84
b3b071
3e32d0
ef4b53
db7436
483e59
b85e43
239444
128b53
c0e2c0
4ca08f
cc1c6d
0124d5
321c54
b3a0b1
40d2a2
eb5b58
de545b
476e1b
b6ae79
27442f
0efb41
c2d2f7
4d5050
c92c90
0534d2
2f0c2a
b410ec
42e26e
e76b6d
e1f475
45ade8
b56eb7
2a640b
0afb3d
c56324
4d300f
c6fcc6
08e4c4
2bdc0e
b58128
445235
e42b89
e5b47e
434db6
b58ef3
2cd3dd
071b42
c88344
4c2fd4
c55d00
0c64ab
281bff
b7a159
44a1f8
e18bb6
e9647b
405d92
b64f2c
2e83a7
03db57
cc1356
4a4fa3
c49d35
0f2489
249bfc
ba1182
4431c0
dfabe0
ecc46d
3d1d79
b7cf5f
2f9373
00cb73
cf535e
482f7b
c4bd6b
11045f
218c07
bd019a
42f190
de7c0d
ef9454
3a3d74
b98f84
2fa344
fecb99
d24357
456f61
c5cd96
124434
1eec1b
bfb1a6
41516e
de3c3e
f16434
375d77
bbcf9e
2f031c
fdcbbf
d4a346
432f58
c70db9
12740e
1d0c32
c1f1a4
3f8154
de9c5f
f28415
357d81
bdcfa7
2db2fe
fd8bde
d61330
410f56
c8bdcc
1203f1
1c1c51
c3d199
3d914b
dfdc79
f2d3f9
33fd92
bf9faa
2c92ee
fdabfa
d71318
3f8f63
ca3dd3
1143da
1bec65
c4e185
3c7150
e0ec83
f243e3
338da6
c0cf9e
2b42ea
fe9c07
d6e308
3e9f71
cb0dd0
1043d8
1cbc77
c50177
3b915b
e1cc86
f173db
33cdb6
c13f8f
2a72f1
ff7c0a
d632fd
3eff7f
cbcdc1
0f43dd
1d8c7b
c4816a
3b716c
e29c76
f093de
34bdc2
c08f81
2a0301
008bfe
d4e2fd
3fdf8c
cb7dae
0ea3e9
1e9c73
c32164
3c217f
e29c62
ef93f1
362dbc
bf4f73
2aa319
011beb
d38306
415f95
ca6d98
0ea409
1fbc5c
c1a167
3db18a
e1fc49
eef409
37cdac
bd6f70
2be330
011bc9
d2931e
438f8c
c88d8e
0fb425
207c3d
bfb17b
40018d
e08c2a
ef0430
390d8f
bb3f77
2df343
001ba2
d1a346
459f78
c61d84
114446
208c13
bde199
42a18a
de5c17
f01454
3a2d65
b8ef8b
30a34e
fe9b7e
d17374
47bf53
c32d8a
136460
1fabe6
bc91c7
456176
db3c06
f19482
3acd37
b67faa
33b34c
fbcb62
d223a7
491f28
c02d99
16d474
1e2bb8
bc01fb
481154
d7ec0a
f3f4a5
3a4d02
b48fd9
37233c
f8eb47
d363dc
4a1ef2
bd3db8
1a247a
1beb8e
bc3233
4a3127
d46c12
f744c0
38ecc8
b3300f
3a9322
f53b3f
d5d406
4a5ebb
ba9de8
1dc474
18ab69
bd326b
4be0f0
d10c28
faa4d5
36cc96
b2b04b
3d32f6
f16b3e
d8c42c
498e7e
b8ae1a
21945f
152b57
bf12a0
4c90b5
ce1c52
fea4d3
342c70
b35088
3f42c5
edbb4f
dc3444
47fe45
b7be55
24843b
116b51
c182cd
4c9078
cbdc80
0234cd
311c52
b490bf
40a28b
eaab6d
dfe452
45ae16
b7ae8d
270411
0ddb56
c4b2f0
4b5044
ca3cb2
0584b3
2d7c40
b670ef
40e254
e81b92
e3244f
430df4
b84ec4
28a3e0
0a8b6c
c7e300
49c011
c9bce8
086493
2a0c42
b90110
407223
e62bbd
e6743f
402de0
b9cef2
2953b0
07cb8b
cad305
479fed
c9bd16
09e468
272c4b
bbb129
3f71f3
e54bed
e8f426
3d2dda
bbcf15
298384
064bac
cd92fb
451fd8
cacd42
0ae444
24ec62
be1132
3dc1d7
e52c10
ea840a
3abddd
bd8f29
28f35f
052bcd
cf72ea
433fd1
cc1d5c
0ae41d
235c79
c0412a
3be1c7
e60c32
eb33e6
38fdf0
bf8f2f
276346
051bed
d102d3
412fd7
cddd6c
0a5400
22bc94
c1d11e
3a21c0
e72c4a
eb23d3
37ce06
c14f28
26033b
05dc05
d142be
3fffe6
cf2d70
0923f2
22fcac
c27109
38f1c9
e87c50
eab3ba
37de1c
c26f1d
24833e
06fc11
d0e2a8
3f6ff6
d08d66
0803ee
23fcb9
c2a0f5
3821d5
e9bc4b
e963b8
386e2c
c25f07
23a349
082c0d
d0029d
3fe00a
d0bd55
06a3f6
252cc0
c1b0e5
3811e9
ea4c38
e813bb
399e34
c1bef4
23835f
093c00
ce829b
40c019
d05d3c
062411
26bcb4
bff0de
391202
ea9c1e
e6d3ce
3b6e32
c06ee5
24037c
0a0be5
cca2a9
42c01f
cf6d21
05f42c
27ec9d
be10e1
3ab212
ea1c01
e5f3eb
3d5e22
be4edd
251393
0a3bc1
cb82c3
45001f
cd9d0a
06a450
28dc7d
bc20f2
3d221e
e8cbe2
e5f414
3efe07
bbbee2
2773ac
097b9b
ca42ea
47500b
caed04
084472
291c51
ba0110
3fb218
e61bc6
e6943f
3ffddf
b91ef3
2a33bc
07db74
c9e319
499fec
c7fd06
0aa490
285c22
b8913c
42f205
e34bb5
e8246a
40ddac
b6bf13
2d43bc
059b4f
ca6348
4b5fc3
c4ed14
0d84a8
270bf1
b7d171
4551ea
e01bb0
ea6490
40ad79
b4bf3e
30a3b0
028b38
cba37d
4c6f8c
c1dd2f
10d4af
24ebc7
b7c1a6
47d1c0
dcabb8
ed44ae
3f9d41
b37f6f
33e398
ff3b2d
cd93ab
4caf52
bf6d56
1454a9
224ba5
b8b1da
496191
d94bcd
f0a4bd
3dbd12
b2dfab
366373
fb9b2c
d053ce
4c2f1b
bd9d86
17b497
1ebb93
ba120f
4a2154
d69bf1
f454c0
3afce9
b35fe0
384341
f85b3b
d373e3
4a9eec
bcbdbc
1a8477
1b5b8b
bc7236
49e121
d45c1b
f774b7
381cd3
b46014
396312
f55b55
d6c3f0
48aec2
bc9df0
1cc451
180b91
bf2254
4900ed
d31c4c
fa94a0
34ecc5
b6103d
39a2df
f34b77
d9d3ed
462ea5
bd2e25
1e3427
154ba7
c23263
4740c7
d2ec7a
fc847d
324cc7
b89058
3932b3
f1dba2
dc93d9
435e96
beae4a
1eb3f9
12cbc0
c50260
4520ab
d35ca4
fdf45c
2f5cd4
baf069
37d28d
f14bcb
dea3be
40ae94
c0ae63
1e43d4
11fbe6
c73254
43309b
d49cc9
fe7436
2d9cec
bd6069
363274
f19bef
df73a3
3ebe9e
c2be71
1d63b7
117c07
c8e23f
41009a
d5ccdc
fe4415
2cbd05
bf205e
34526a
f29c08
e01386
3d4eb4
c43e6d
1bd3a0
11cc24
c9b229
3f10a3
d7ace6
fd53ff
2cbd23
c0304e
32d26d
f3cc16
df536e
3cbecb
c5fe63
1a439f
12cc37
c9920c
3e30bc
d91cdf
fbb3f2
2d4d37
c09033
318279
f56c18
de5359
3d2ee4
c6ee50
18d3a5
145c3f
c901f6
3e40d3
da5ccc
fa33f3
2e9d46
c0401a
30c294
f6dc0b
dcb359
3dfefa
c6be32
17c3ba
15dc38
c7a1eb
3f00eb
daccb1
f8c405
304d4a
bf0006
30e2ad
f7bbf6
db235d
3fbf03
c5ee1c
1783d5
179c25
c591ec
4060ff
da7c93
f7d41f
322d3f
bd0ffd
3222c7
f7fbd6
d98373
41bf01
c42e06
17d3fa
187c08
c3a1f6
424108
d94c78
f78444
33ed28
baf000
33e2df
f7abaf
d8639a
43def1
c1cdfa
193418
18cbe2
c1c213
44c109
d72c5c
f8246b
350d02
b8800b
3662ec
f64b8d
d813be
45ded8
bf6df6
1b3435
184bb6
c05237
4780fb
d4ac4d
f96492
359cd7
b6302c
3922ec
f44b6e
d873ed
472eb2
bc9e09
1df447
170b8c
bfa264
49d0e0
d1ac4e
fba4b3
350ca7
b49050
3c12df
f18b5c
d9c417
482e84
b9fe22
21044c
14bb69
bfc298
4bb0b8
ceac58
fe24cc
340c79
b3907f
3ea2c9
ee6b52
db9441
482e51
b80e49
241442
122b50
c0e2c8
4cc086
cbec6c
0174d6
31ec50
b360b4
40d2a2
eb2b55
de545d
476e1e
b6ae77
27242f
0efb43
c2c2f1
4d7053
c98c90
0474d4
2f8c30
b410e6
42a274
e84b69
e1546c
45bdf3
b62eaa
29540e
0bcb43
c4e312
4cb022
c7ecbe
0774c2
2c9c1d
b5a111
432246
e58b8a
e4a46f
436dd0
b67edb
2b03e2
08fb4e
c7e329
4b5ff7
c71ced
0a14a7
29cc1b
b7b133
42d214
e41bae
e77465
40bdbc
b78f06
2bd3b9
069b68
cac32b
499fd3
c76d16
0c0480
26fc23
ba1149
41c1ea
e34bd9
e9a44e
3e1db3
b94f26
2bf38b
049b8a
cd5323
473fbd
c84d44
0c945a
248c39
bcc151
4031cd
e31c04
eba42f
3b5dbb
bb7f3b
2b3366
03fbaf
cfa312
44afb8
c9dd60
0cb432
230c57
bf1149
3df1b7
e3dc24
ec4408
396dce
bddf45
298347
03dbd4
d0f2f4
429fbb
cbdd72
0c1411
225c77
c11138
3bd1b2
e55c40
ebf3e7
382deb
c01f3c
27a338
047bf5
d192d1
40afd1
cddd78
0a73fb
226c98
c2311f
39c1ba
e71c4c
eb63c9
37be08
c19f29
25a33a
060c0a
d152b5
3fbfe9
cf9d70
08b3f2
232cb3
c2b0ff
3871cd
e91c4e
e9d3b7
382e22
c26f0d
241344
07ec11
d0629b
3f6009
d13d57
06d3ef
24ecc5
c210e3
37a1eb
eb0c41
e823ae
393e3c
c29eee
22d35a
09dc0f
ceb289
3ff027
d1cd39
051404
26bcca
c0c0c9
37c209
ec0c29
e613b7
3afe4e
c1ded1
21e379
0b8bfe
cca286
416040
d18d1b
04141c
28fcc4
bef0bb
38a227
ecec07
e443c9
3d2e52
c06eba
22239a
0cbbe2
ca7292
43404a
d09cfc
03743d
2aacad
bcb0b9
3a4243
ec5be4
e313e6
3f5e48
be1eae
2343bd
0d4bb9
c892a8
45e052
ceecdf
039464
2c1c90
ba40c6
3c7251
eb5bbe
e2340b
413e30
bbdeab
2503d9
0d2b94
c732ca
482045
ccccce
04f486
2ccc65
b830dc
3ed255
e97ba2
e28435
42fe0c
b95eae
27b3ea
0c1b6c
c662f2
4a902a
c9acc7
0684a9
2c8c3c
b6b0fc
41924c
e71b8f
e3c45e
43bde5
b6dec8
2a23ee
0a2b4c
c6a31e
4c200d
c72cd1
08f4bc
2b6c12
b5c127
43f236
e43b8c
e57482
437db7
b4eeeb
2ce3e7
078b37
c78345
4d3fe1
c4ece7
0b84c5
29abee
b5a155
460214
e1cb8c
e8049a
42cd8b
b40f18
2f43d5
04db29
c9436c
4d4fb3
c2cd0b
0e54c0
275bd3
b68181
4711e9
deeb9f
ea84a5
412d69
b3bf44
3153b2
025b2e
cb8386
4caf85
c1cd31
1134ae
24cbca
b821a4
4761bd
dcebc1
ed64a0
3f1d4a
b46f6f
32738d
ff8b40
ce3390
4b3f62
c15d5b
132492
21fbcb
b9f1c1
46f193
dbabe3
efc492
3c6d3c
b5ff91
330363
fdcb5d
d0e392
490f49
c1ad83
14646c
1f7bd9
bc81cd
45816f
db6c11
f1d475
39cd43
b7cfad
32b337
fc6b80
d32383
46af3b
c32da8
14e445
1d7bf4
bf21ca
439154
dbcc38
f31453
378d4b
ba1fbb
315316
fbcba9
d5236c
442f39
c4ddbf
146420
1c4c17
c171c1
417145
dd0c59
f3842f
35ad66
bc9fb9
2f6301
fc6bca
d63348
420f48
c71dce
1323fd
1c0c3c
c321a6
3ee14a
decc6e
f30407
348d84
be8faa
2d22f7
fd9bec
d68324
402f5f
c98dce
1173e6
1c8c5f
c43187
3cc155
e0cc7b
f1c3e9
343da9
c03f90
2ad2f5
ff7c00
d602fd
3f4f80
cbcdbf
0f13db
1dfc7b
c46164
3b1172
e32c77
f013d6
34edd1
c12f6f
28f308
01bc0c
d4a2e4
3f2fa7
cd3da7
0cf3e0
1f9c95
c3e13d
3a4193
e50c67
eda3ce
363ded
c15f4c
279321
03cc06
d2e2d0
3fbfca
ce1d82
0ac3f4
21fc98
c27120
3a01b8
e6bc4e
eb53d2
385dff
c0bf28
269342
063bf6
d082c9
413fe7
ce0d5e
09540f
245c93
c0810e
3af1dd
e7ac26
e963e3
3a7e09
bf1f0a
26536b
07cbd8
ce02cc
436ff9
cd5d36
085434
266c82
be0104
3c81fa
e7ac00
e7c404
3d0e01
bd0ef7
27438e
08abb3
cbc2df
45d001
cbbd19
08945a
27fc62
bba110
3e820f
e6ebdd
e6d425
3efdf0
baceee
28b3af
08ab8f
ca52ff
484ffc
c98d08
09047e
290c40
b9711e
40e217
e58bbb
e6b44b
40bdce
b82ef5
2ae3c2
07fb69
c96320
4a3fea
c74cfe
0ac49c
28fc15
b8113d
435212
e36ba9
e78472
41ddad
b63f07
2d33ca
064b47
c93348
4c0fc9
c4ad01
0ca4b4
285bf3
b6e15f
4581ff
e0fba1
e9048e
41cd88
b49f25
2f83c6
043b30
ca0371
4cdfa9
c2ad15
0f44b9
269bd6
b6b18a
4701e1
de9ba7
eac4a7
40ed5f
b35f4b
31e3b5
01cb29
cb538d
4cbf84
c11d30
1174b8
24abbf
b771ac
4831bc
dc8bb7
ed44b2
3f8d41
b32f6e
33a398
ff8b2e
cda3a3
4c6f5a
c02d52
1384a5
226bb4
b8d1ca
483197
daabd2
efd4ab
3dbd2c
b41f96
346376
fd4b41
cfe3ac
4b0f3f
bffd78
154487
1ffbb9
baf1de
479175
d9bbf4
f1e49c
3b3d22
b59fb4
34934b
fbbb60
d233a6
48df26
c0bda1
164466
1dfbcf
bd41e6
45f156
d9cc1b
f3847d
38bd27
b79fc3
33b329
fadb7f
d45392
466f21
c24dbc
16243e
1c5beb
bf91e3
442143
da9c43
f4745a
36dd3b
ba0fcc
31f309
faeba8
d5f376
441f29
c49dd0
15741c
1bbc0d
c1e1cf
41913c
dc2c60
f49432
354d5b
bc7fc8
3002fa
fbabcd
d6d354
420f3c
c6ddd7
13e3fc
1b7c37
c381af
3f1141
de5c70
f3a40b
343d82
bebfb2
2d72f0
fd6bec
d6a327
403f5c
c93dd1
11a3e4
1c6c5b
c4618d
3ce156
e0ec7b
f1f3eb
344daa
c06f93
2b02f4
ff8c01
d5f302
3f6f80
cb8dbc
0f23df
1dec7d
c45160
3b1175
e39c76
efb3d3
34ddd2
c13f6e
28b308
021c0b
d462de
3f0faa
cd5d9d
0c63e3
200c94
c38139
3a2198
e5dc62
ed33ca
367df4
c13f44
26c327
048c06
d242c7
3fbfd3
ce6d77
09f3f7
22aca1
c21115
39c1c3
e79c46
eaa3cf
389e0b
c0ff1a
25a34c
06fbf7
cfa2bb
414ff9
cebd50
085412
252c9a
c010f9
3a81ef
e8fc22
e823df
3b0e1c
bf7ef7
257376
090bd9
cd32bd
435011
ce2d26
071435
27ac8e
bda0ee
3bc212
e92bf8
e663f9
3dde17
bd7edc
25f39e
0a5bb3
cab2cd
45e01c
cd0d06
06c45e
29cc75
bb20ef
3dd22a
e8abd0
e5041d
400e0b
bb1ece
2763bf
0aeb90
c8f2e4
48501e
cb1ce8
06e485
2acc52
b8b0fa
3fd238
e78bae
e49441
41ddf5
b8ced0
28f3dd
0a6b69
c7c305
4a5011
c90cdd
0824a3
2b4c2c
b71117
420235
e5fb94
e51465
434dd4
b6dedb
2af3e7
091b4c
c72329
4c3ff9
c6acde
09c4bb
2aec0a
b5e131
443229
e3cb90
e60484
436db1
b51ef2
2d23e5
076b38
c7d349
4d5fdd
c49cea
0bd4c5
29cbee
b5b152
45d215
e1cb8d
e7b498
431d90
b43f0f
2f13d7
055b2c
c8d367
4d6fb9
c34d03
0db4c0
282bdd
b64176
4691f8
dfbb9c
e9d49e
41bd76
b3df35
3053bf
035b33
cae379
4ccf99
c27d20
0fb4b2
261bd5
b7818f
46f1d3
de8bb4
ebc49a
3fdd65
b4af50
31239f
019b42
cc7381
4b6f80
c27d40
10e497
23cbdb
b9619f
45f1b2
ddebd4
ed948c
3dcd5f
b63f6a
31237a
002b60
cec374
495f70
c38d62
11c474
21fbf1
bb91a0
446198
de0bf9
eef46b
3b8d6c
b84f7a
30235a
ffbb84
d0f35e
470f71
c52d7f
11844f
20bc12
bdf198
42218e
defc1e
ef9444
397d7f
baaf7e
2e5340
ffeba8
d23340
449f7b
c76d90
10642c
1ffc36
c0017f
3f9187
e0cc38
ef6418
381da3
bd2f74
2c032d
00fbce
d2e319
426f91
c9ed94
0e940a
201c60
c1a15a
3d0190
e32c4f
ee63f3
374dc9
bf7f5c
294328
02ebef
d2e2e9
40bfb2
ccbd8b
0c43f7
214c89
c29134
3a91a6
e5fc56
ec93d2
371df7
c11f3c
26732f
051c04
d1f2bf
3fafde
cf3d75
0973ed
22bcad
c2c106
38d1cb
e8bc50
ea33b9
37fe23
c27f0d
23d342
080c10
d03299
3f500b
d13d54
0673f1
253ccb
c1e0d9
3751f3
eb6c3d
e753a9
398e48
c30ee0
21f363
0acc12
ce027e
401039
d29d2c
03a401
284cda
c080b0
36c21f
edcc20
e423ab
3bbe68
c27eb4
203389
0dbc00
cb226b
416061
d35d00
01741d
2b0cdc
be6092
37224d
ef4bfc
e1c3b5
3e4e79
c13e88
1fb3b5
0febe7
c88268
432082
d2ecd3
000442
2d8cd3
bbf07d
385276
effbce
df83cf
40fe81
bf6e69
1fd3df
11abc7
c61271
458096
d20caa
ff0469
2facbb
b97076
3a2293
efeba7
de03eb
435e78
bd2e5a
207404
126ba1
c3d286
47d09c
d09c91
ff048f
313c9e
b75080
3bf2a7
ef1b84
dcf410
454e69
bade52
21d421
127b80
c252a0
4a3095
cebc7c
ffe4b2
31fc7d
b54090
3e32b0
edcb6b
dd1432
46de4d
b8ee55
23b435
11ab5c
c1d2c0
4bf085
ccac75
00f4c9
31dc5c
b420a9
4012a7
ec0b5c
de044e
474e2e
b77e69
25b433
104b47
c1f2dd
4cd06c
cadc80
02c4d4
310c41
b390c8
419293
ea4b5d
df3464
46fe13
b65e82
27942c
0e8b3e
c2e2f5
4d4050
c97c94
04c4d4
2f9c32
b440e6
42127a
e88b66
e1046b
45ddfc
b61e9e
28d415
0c9b46
c46307
4cb034
c89cb0
0654c4
2dec2c
b520fd
42525b
e74b7d
e2f467
445dea
b71ebb
2963f9
0b2b53
c6230c
4b901d
c8eccd
0784ad
2bdc34
b6f10a
41b242
e6bb9e
e47451
427de7
b86ed1
2903d8
09fb6c
c85302
49a00f
c9ccee
07e48e
2a3c47
b9410b
3fd225
e71bc1
e5b438
401df3
ba7ee2
27f3b5
093b92
ca22eb
47200d
cb6d07
07d466
28dc68
bb60fe
3db218
e80be2
e6540f
3e0e0a
bceee3
26339a
098bb7
cbb2cb
44a019
cd9d17
06c441
282c8f
bdc0ec
3ae211
e9cc01
e613e2
3c8e2b
bf9ed9
240386
0aebe1
cc629f
42502f
d09d1f
04941c
282cbc
bf70c4
38421c
ec6c18
e533b9
3bae55
c1fec5
21237e
0c7c05
cc626f
405051
d34d19
021409
292ce9
c0a098
359232
ef3c25
e34392
3b7e8a
c43ea2
1e1382
0eec20
cbb243
3f207b
d63d02
ff53f7
2aad10
c11069
334255
f26c20
e0e375
3bfeb9
c5ae74
1b3393
11fc32
ca321c
3e80ae
d88ce3
fc33f4
2d2d31
c09036
31b27c
f56c13
de2361
3d4ee4
c67e48
18a3b1
14fc37
c7f1f6
3ed0df
da6cbc
f95404
2fed47
bf500c
30e2aa
f7ebf8
db035b
3f3f08
c65e15
16d3d6
17fc2f
c551e0
3f910d
db8c8f
f6d41a
32dd53
bdafe4
30b2d7
f9dbd5
d8535f
41cf23
c55dec
15c401
1a7c16
c2a1d4
41a132
dbac64
f4c439
358d4c
bb3fce
31a305
fafbaf
d5d371
447f2c
c40dc7
15242e
1c4bfe
c011d4
43814a
dafc3d
f3a45e
37bd3d
b8afc2
32c326
fb8b86
d3d38f
46df2c
c1fdaf
15c451
1d9bdb
bdb1e2
45c158
d9fc1a
f32481
39ad25
b66fc2
34933c
fb0b63
d2c3ac
491f22
c01da0
16e46f
1debb8
bc11fa
481156
d83c01
f354a3
3a9d0a
b49fca
36934b
f9eb47
d263c8
4aaf0c
bdfda2
188487
1d9b97
bb1213
49b149
d67bfc
f494be
3aeceb
b34fe0
385347
f8ab37
d2d3e8
4b3ef1
bc3db0
1a648e
1c9b83
baf230
4b0139
d4cbff
f614cb
3a7ccf
b2aff6
39e33b
f6db33
d403fd
4b1ed3
bb5dc3
1be483
1b0b77
bbb24a
4b711f
d39c0f
f7c4d0
390cc0
b2d012
3ad324
f53b3b
d58403
4a4ebf
bafddf
1d0473
198b79
bd3256
4ae101
d2ac27
f944c0
376cb7
b3e02a
3ab305
f41b4f
d77402
48feb2
bbadfb
1dc453
179b84
bef263
49c0ea
d29c49
fa74ad
356cbf
b58039
3a12e8
f34b6f
d923ef
46ceaa
bd2e10
1d8435
166b9f
c11257
47d0da
d35c65
fb3489
33acd2
b7903d
3852ce
f36b94
da63d6
44aeb5
bf3e24
1ce414
159bc4
c31244
4580d4
d4fc81
fb1462
322cee
ba2037
3662ba
f45bb4
db53b1
428ec6
c1be2b
1b33f2
15ebf0
c4c222
42e0dc
d73c96
fa7439
314d17
bc8023
33d2b2
f61bda
db6383
407ee7
c45e27
18b3dc
168c17
c5c1fa
4040f0
d9eca4
f87418
30dd45
be9001
30f2b6
f86bf5
dac354
3f2f11
c70e10
1603cd
181c42
c651c8
3e2110
dd4ca3
f653f7
317d75
c04fd7
2e22c8
fb5c05
d9432c
3e8f45
c98df3
12f3cc
1a5c62
c5f197
3c513a
e01c91
f363e4
32fda1
c0ffa7
2b22e2
fe6c09
d72304
3edf74
cb7dcc
0fc3d9
1cfc7a
c4c16b
3b516c
e29c79
f043dc
34cdc8
c0ef76
293306
017c03
d472ec
3fbfa3
cc4d9c
0d33ed
203c84
c2d144
3b119a
e4ec59
ed53dd
376de5
c00f47
27f337
044bf0
d192dd
415fcd
cced71
0ae40e
231c84
c09129
3ba1ca
e66c2e
ea93ee
3a0df2
beaf1f
279361
067bd4
ce82da
438fe7
cc8d3f
094433
25fc77
bdf113
3d01f0
e6fc03
e83408
3cedf7
bcbeff
27b38e
07fbb0
cbe2e8
45effd
cb6d1b
08a45b
27ec5e
bb6111
3ec212
e6fbd9
e6c42a
3f4ded
ba8eeb
28a3b4
08eb87
c9c2fe
488003
c9bcfd
08a483
29bc43
b93118
40d21f
e62bb4
e5c44d
417dda
b83ee8
2a43d1
08cb65
c89318
4a8ffd
c7cce9
0964a2
2a6c20
b7312b
42d226
e4bb9b
e6046e
429dc0
b61eed
2be3df
080b49
c7e334
4c4fe9
c61ce9
0ac4bb
2a3c00
b5e142
44b21f
e30b90
e6e488
433da6
b49efe
2dc3dd
06db35
c83350
4d1fd1
c45cf1
0c44c2
294bee
b5b15b
46220d
e14b90
e80499
42cd8c
b3ef15
2f43d4
055b2c
c8e366
4d4fb9
c35d01
0e14c3
27fbda
b62175
46a1f4
dfdb9b
e9a49f
41ad74
b41f31
3033bf
034b2f
ca8376
4cdf9f
c2bd1c
0f84b4
265bd9
b78188
46a1d7
dedbb3
eb5496
404d6b
b4cf48
30b3a5
021b43
cc5375
4b4f8a
c2ed38
10449a
247be5
b93190
45a1be
deabd1
ecc482
3ddd6d
b66f5a
303386
012b5f
ce0369
494f81
c42d56
109474
22cbf9
bb3190
43f1ab
defbf4
edf464
3c0d79
b87f6a
2f2365
00fb84
cfd350
471f87
c5dd6e
104452
21bc1b
bd9182
41a1a1
e01c13
ee4440
3a4d94
bacf68
2d234e
015ba9
d12330
44cf91
c81d79
0ef432
212c43
bfc169
3ef1a1
e20c31
edd414
38edb5
bd5f5a
2ab33f
028bcd
d19304
429fad
cafd7b
0d0413
21bc6c
c12143
3c41ac
e4ac43
eca3ea
380de5
bf9f3e
27f33c
049bf3
d172d9
40efd2
cdbd71
0a53fb
22cc9a
c2111b
39c1c3
e79c4e
eab3c7
380e13
c19f1b
24f345
070c0a
d0a2a8
3fbffe
d05d59
0763f2
247cc0
c230ea
37c1e5
eabc43
e843ab
38ce3d
c2deee
223355
09fc18
cef27e
3f402e
d2cd3d
0463f4
271cdd
c1a0b6
36320f
edac34
e5439b
3a7e6a
c35ebf
1ff377
0d1c17
cc9260
3fc05e
d43d13
017403
29ecef
c0208a
357240
effc16
e25397
3c7e8e
c33e90
1e339a
0ffc0e
c9e24a
41008b
d52ce5
ff041a
2c9cfa
be2068
356270
f1cbf1
df83a1
3f2ea1
c22e67
1d53c6
127bf7
c75240
42a0a9
d50cb8
fd243c
2f3cf3
bbb053
365297
f29bc9
dd23b6
41aeab
c0ce46
1d23f1
144bdc
c4b24a
4500c3
d48c93
fc1465
31cce0
b98048
3822ba
f2eba0
db43ce
443ea9
be9e2b
1da416
154bb4
c2625a
4750ce
d31c6f
fbd487
336cc5
b7404a
39d2d1
f29b7d
da33f4
467e9c
bc9e21
1ec433
158b90
c0c26e
4960cc
d17c5b
fc34ac
347ca8
b53058
3bb2dc
f18b64
da2414
479e85
ba7e24
205447
14fb70
bfe28d
4b20c2
cfac55
fd34c2
345c87
b3d06c
3db2d7
efbb51
da9430
488e68
b8be31
22444f
13cb5a
bfa2a9
4c90a8
cdbc58
fef4d5
33dc6b
b33089
3f22c7
edfb4a
dbb446
487e4c
b74e49
24244a
126b4d
c062c4
4cb08e
cc3c66
00e4d9
32ec54
b380a8
4022ad
ec4b55
dd7450
47be34
b76e64
257437
109b4a
c1c2dc
4cd06c
cb3c84
0284cc
30ec4c
b450bd
407293
eaeb68
df044d
462e20
b7ae81
26741e
0edb55
c3a2e1
4b8056
cb1ca0
03e4b5
2f3c50
b600d2
400274
e9db84
e12443
443e19
b8fe9c
2663fb
0d4b71
c5a2de
49f047
cb9cc2
04c498
2d0c5f
b7f0d9
3ee258
ea0ba8
e2942a
421e1d
baaeaf
25d3db
0c9b92
c7b2cb
47903d
cd2cdc
04d472
2b6c7b
ba30d4
3cf246
ea8bcb
e3640a
3fee2e
bcfeb7
2483bb
0c5bb4
c952b0
456041
cf1cf2
04244f
2a8ca0
bc90c4
3a4237
ec0bed
e393dd
3e2e49
bf7eb6
2263a2
0cebdf
ca7289
42b053
d19cfd
02d42c
2a4cc8
be70a7
37d23b
ee1c05
e323b6
3cce6e
c23ea6
1fa393
0e5c04
cb1260
40906c
d47d00
00c40d
2a7cf5
c02081
354249
f0bc15
e2038b
3c3e9a
c46e8a
1d0391
105c22
cac234
3f0094
d70cf3
fe13fc
2bcd1c
c0c057
32d262
f38c1e
e00370
3c6ec7
c63e67
1a439a
12dc38
c9c207
3e20c0
d97cdb
fb43f5
2d9d40
c0c02a
312284
f63c15
dd9354
3d6ef2
c70e3b
17e3b0
158c3f
c7e1e5
3e20eb
db7cb8
f8a3f8
2fed55
bfeffd
2fd2af
f8bc01
daf34a
3f2f19
c75e10
15e3cf
185c3f
c5b1ce
3ee114
dc8c91
f6240c
327d64
be6fda
2f82db
fabbe6
d8434c
412f32
c69de4
1483f6
1b4c30
c2f1bd
403139
dd0c68
f3f427
353d65
bc3fbe
2fd303
fc4bbf
d5835a
436f3f
c58dc1
13f41e
1cec11
c091bf
422154
dcbc42
f2c448
37ad59
b9efaf
311324
fc8b9a
d3b373
460f43
c3ada8
147443
1e4bf5
be41c9
445163
db8c20
f2246d
397d42
b78fab
330342
fc8b72
d27391
483f38
c18d98
158466
1ecbd0
bc91df
467169
d9fc06
f28492
3abd22
b58fb4
34d34d
fb6b55
d1b3b4
49df22
bf5d96
16d47c
1e9bac
bb41fb
48915c
d80bfa
f354b0
3b0cff
b3ffcb
36f34e
f9cb3d
d223d1
4adf08
bd7da3
18d489
1d6b91
baf219
4a3146
d5dbfa
f4d4c7
3adce3
b2dfe5
38f345
f7fb34
d333ee
4b5ee6
bbedb9
1b048a
1c2b7d
bb823a
4b312b
d3fc04
f6f4ce
398cc8
b28007
3a732e
f60b32
d4d402
4aeec8
babdd5
1cb47a
1a0b75
bc4258
4b4109
d28c1b
f8e4cb
384cb2
b32026
3b2312
f41b40
d6c40c
49eeab
baedf2
1e2463
17fb76
be4267
4ac0ec
d1bc3d
faf4bf
360cab
b4403f
3b42f0
f26b59
d8d407
47ee99
bb5e15
1ed443
161b88
c08270
49a0d0
d19c5d
fc74a3
33dcb2
b63055
3ac2ce
f1fb7c
dae3f9
45ee92
bcee33
1f3420
145b9f
c2626d
4780b9
d22c7e
fd3485
31dcc2
b8705f
3942b0
f1aba1
dc73dc
436e94
bece46
1e63fd
13abc3
c4a25d
4540b3
d3bc9c
fd445b
303cdd
bad05b
37529b
f25bc4
dd73b8
412ea8
c0ee4c
1d13df
133be7
c6823f
4300b7
d5ccb6
fcd438
2f4cff
bd1049
34e291
f3dbe5
ddb393
3f6ec3
c36e4d
1b23c9
13fc10
c7621b
40a0c4
d7ecc3
fb6413
2edd28
bed02f
326292
f59bfd
dd3369
3e7ee8
c5ee3b
18a3b9
150c35
c7b1f3
3ea0e3
da6cc0
f963fb
2f3d51
c0300b
3002a0
f7ec0e
dc0348
3ddf10
c7fe23
1633b9
174c4f
c781cc
3d7102
dd1cb2
f6e3ec
306d72
c0cfe6
2e12b7
fa9c0b
da132a
3e2f36
c93e00
13b3c4
197c5d
c671a8
3cb12b
df1c9b
f453e9
325d8f
c07fb9
2cc2dc
fcfc04
d7d31b
3f3f5a
c9ddd8
11d3db
1bfc63
c4918b
3d0151
e0dc74
f213f0
349da3
bf6f97
2be300
fefbf0
d51315
40ef77
c9cdb4
1023fc
1e5c5a
c26178
3dc176
e15c51
f00408
370da9
bdff7a
2c0327
009bcd
d30320
431f8a
c8ed8d
0f4423
207c44
bfd171
3f6194
e13c2e
ee8426
397da0
bbaf64
2ce34a
014baa
d0d332
457f90
c74d74
0f8447
220c26
bda17c
4181a7
e05c09
ed9449
3b7d8a
b94f61
2e7369
016b87
cf634f
47df88
c52d5f
104469
22dc03
bb918f
43e1ac
defbee
eda46e
3ced6e
b6ff68
30a379
009b5f
ce8371
49af75
c31d5b
11a486
22cbde
ba21ab
4601a7
dcebdb
ee6492
3d9d4a
b51f7a
32a37d
ff2b48
ceb398
4b6f5b
c0cd60
13d497
21ebbb
b971cd
48218f
da8bd4
f004af
3dbd26
b3af99
35137b
fcfb32
cf63bc
4c1f36
bead73
16149e
208ba0
b941f1
499176
d83bdd
f1f4bf
3cfd01
b2bfb9
373367
facb2b
d0f3da
4bff0f
bd1d8f
184498
1e6b8e
ba2217
4a7153
d65bec
f464c8
3b5ce8
b2bfdf
38a34a
f89b35
d2f3e8
4b3eec
bc3db2
1a4487
1c1b84
bb9234
4a812d
d4cc0b
f6c4c1
398cd3
b3a001
398326
f65b44
d523f3
49aed0
bbfdd8
1c346a
19cb8a
bd8245
49c107
d3ac2c
f8e4b2
370cce
b4f020
39a300
f4cb60
d793ef
47feba
bcfdfd
1cf445
17cb9c
bff24d
4870ec
d36c53
fa9496
34bccd
b6e034
3902dc
f3cb82
d9d3e0
45aeae
be1e1c
1d5422
160bb6
c2524e
4650d5
d44c77
fb6473
326cde
b94040
37c2be
f36ba7
db83c3
431eb4
c06e34
1ca3fe
14ebd9
c4923e
4420cb
d57c97
fb944c
30dcf5
bb703d
35f2a7
f40bcf
dc93a2
40fec4
c27e3b
1b43de
148bfd
c61228
4210cb
d73cae
fb542a
2fad19
bd9033
33a29d
f50beb
dcc37c
3f6edb
c49e39
1993c7
14fc22
c74204
3fc0db
d98cbb
fa0409
2f9d3d
bf601a
31429c
f6fc01
dc635d
3e2efb
c6ce2e
1743bb
160c40
c7b1e1
3e50ef
dbacba
f843f3
2fcd5c
c04ff9
2f32a8
f90c0e
db533d
3ddf1b
c87e19
1513be
17dc56
c721bf
3d110f
dd8cab
f633eb
311d7a
c0afd8
2d92c1
fb4c0b
d99329
3e8f40
c99df7
1323c8
1a2c5d
c5e1a4
3ce133
df2c95
f3f3ec
32ed93
c03fb6
2cb2de
fd3bfa
d7931d
3f7f5b
c9bdd5
1193e1
1c2c5b
c4418c
3d4154
e05c74
f203f8
350d98
bf1f98
2c6303
fefbe4
d5231f
416f6f
c93db4
10b401
1e1c4e
c23184
3e6171
e07c53
f07412
370d9b
bd6f82
2cd325
ffcbc5
d3432e
437f79
c7ed98
106423
1fec34
bfd184
406188
dfcc2f
ef8434
392d89
bb2f7b
2e4343
fffba3
d1a347
45bf77
c5ed83
11244a
20bc16
bde198
42a18d
de8c10
ef7458
3abd6e
b8ef7e
301356
ff6b7f
d0836b
47cf68
c3cd76
127468
20fbef
bc11b1
44f18e
dcdbf8
efc47f
3bfd4e
b67f89
328364
fdeb5d
d03393
49af4e
c13d7a
144482
207bc6
bab1d5
47417e
da5bec
f134a0
3c3d20
b4bfab
354362
fc0b43
d103bb
4aff27
beed89
16f48c
1efba2
ba81fe
496167
d7bbee
f314ba
3b9cfd
b32fcc
37b352
f96b34
d223de
4b6f01
bcbda4
199491
1d3b89
bac228
4af13d
d54bf9
f594c9
3a8cd7
b29ff7
39933b
f6cb30
d423fc
4b1ed2
bb2dc7
1be484
1abb75
bc024f
4b6112
d2ec14
f854cc
389cb5
b2b023
3b6318
f42b3c
d6740f
4a2eab
ba3df0
1e746c
17fb70
bde26e
4b50e8
d13c36
faf4c9
364ca0
b3c04c
3c32ee
f1db51
d93418
485e89
ba3e1b
20444c
155b76
c00285
4aa0c1
d01c5c
fd64b3
339c96
b5706d
3c52c4
effb71
dbd415
462e70
bb0e43
214425
130b85
c2b290
4910a0
cfec86
ff4496
310c97
b77086
3bd29b
eeeb93
de0400
43ee66
bc5e65
2183fd
111ba4
c4f290
470087
d07cac
008475
2eeca9
b9b094
3aa27c
ee8bb8
e023eb
411e69
be5e7e
2113d8
0fdbc3
c76282
44f077
d19ccc
00c450
2cfcbe
bc1095
38f260
eedbe0
e143cb
3f2e70
c07e8e
2003b8
0f4be4
c8f26c
42b078
d33ce7
00a42b
2bbcdb
be1087
36c258
efcc01
e1c3a8
3d7e86
c26e8f
1e93a5
0fcc09
ca124e
40d083
d50cf0
ff940f
2b6cfd
bfb071
349256
f17c12
e1538a
3c9ea0
c44e82
1cc395
10bc23
ca7233
3f2095
d70cee
fe23fd
2bcd1a
c0705a
33025e
f31c1d
e05370
3c4ec1
c5be70
1ac39a
120c35
ca0215
3e70af
d8cce4
fc83f1
2ccd31
c0a03d
31c276
f4fc18
deb363
3cdedd
c65e55
1943a6
141c3a
c901ff
3e70cc
d9fcd1
faa3fa
2e6d41
c02021
312291
f66c09
dd035d
3deef2
c62e38
1843bb
15bc34
c761f0
3f30e5
da5cb3
f9140a
302d45
bee00a
3152ac
f78bf3
db1363
3fceff
c59e1c
1793db
174c24
c551ee
4060fd
da1c95
f82423
322d3d
bcd000
3252cc
f81bd1
d98377
41df01
c40e04
17e3fc
187c02
c351f8
42a109
d95c76
f75446
33ad28
ba9ffd
3412e3
f79baf
d87396
43fef5
c1edf7
19141c
190be3
c1b211
44e10d
d76c5d
f7d46c
351d07
b8a00a
3622ef
f6cb8c
d7b3bd
45dedd
bf7df5
1ae436
188bb8
c01230
475100
d4fc4b
f8f491
359cdd
b68021
38a2f3
f4db6e
d7f3e7
477ebd
bcae02
1d4449
179b95
bf725a
4990e8
d24c47
fac4b1
358cb1
b4b042
3b72ea
f25b59
d92411
483e8d
ba7e17
20044f
159b71
bf828a
4b80c4
cf8c4f
fd64c8
34bc84
b3b072
3e32d2
ef6b4d
dab434
487e62
b88e39
22f44b
132b54
c052b9
4c9098
ccdc62
0034d5
330c5e
b370a0
4042b0
ec6b52
dd3452
47ee31
b6fe66
25a439
104b46
c1a2e3
4d206a
ca7c81
0324d6
309c3d
b3c0d1
41d28a
e97b62
dff464
468e06
b63e95
28441c
0d4b3e
c3c301
4cf037
c8dca9
0634c9
2ddc2a
b4f0fe
42a25c
e71b7e
e2f468
446de4
b66ec3
29f3f7
0a5b4b
c6831c
4c000d
c7dcd5
08c4b3
2adc1c
b6d121
42d22c
e4db9e
e5e466
41edcb
b71eed
2b53cb
079b60
c95324
4a6fe6
c78d04
0ae490
284c20
b9113c
4241fe
e39bc6
e8b453
3f3dbb
b89f16
2bb3a3
058b7c
cc0327
482fc7
c7ed2d
0c246d
259c32
bbb14a
40d1db
e31bee
ea743b
3cbdba
bacf33
2b6379
044b9f
ce631c
45cfba
c90d52
0cc449
23dc49
bdd14e
3f11be
e36c13
ec041b
3aadc2
bc8f43
2a6355
03bbc0
d06308
439fb7
caad6c
0cc420
227c63
c00149
3d41b1
e43c35
eca3fc
38bdd4
beaf49
28e340
03dbe1
d1c2ea
419fc0
cc5d78
0be405
21fc84
c1a137
3b61b0
e5ac4e
ec93de
379de9
c08f3d
276331
045bfc
d202d2
405fd0
ce0d7d
0ac3f6
220c9c
c2c120
39b1b5
e6fc55
eb93c5
375e08
c1bf31
260333
05ac0b
d1b2b6
3f5fe4
cf8d70
0913e8
22dcb2
c2d109
3891c6
e88c53
ea73b9
37ae1d
c23f18
24733c
071c0f
d0d2a4
3f7ffc
d07d62
07a3f2
242cbb
c200f5
3861df
e9cc46
e903b8
38ae2c
c21efe
23a352
089c07
cf629d
405013
d09d48
069402
25ccbb
c130e0
3881f5
ea7c30
e763c1
3a5e36
c12eeb
238368
099bf5
cd92a2
41901f
d05d2e
06041e
277cae
bf10df
39b20c
ea9c0f
e643d9
3c4e30
bf9edb
244387
0a7bd7
cc02b1
43a028
cedd15
05d43b
287c96
bd20e1
3bd21e
e9dbf0
e583f9
3e0e20
bd8ed7
25a3a3
0a6bb3
ca62cc
45f022
cd1d06
06b45c
296c73
bb40f3
3dc222
e88bd1
e58420
3f9e02
bb4edd
27c3ba
09cb90
c9a2f2
48000c
ca7cf8
08547d
29ac47
b94111
407222
e63bbe
e5f447
40bdda
b89ef2
2a53c3
083b6b
c95318
4a2fed
c7bcfd
0a249c
290c1e
b7e13a
43420e
e38bad
e7b472
417dad
b66f0e
2d73c5
05bb4c
c9d34b
4bafc6
c4ad0c
0d74ab
278bee
b7516a
45c1f1
e02ba8
ea2492
40fd7a
b48f35
3053bc
030b38
cae37c
4caf93
c20d27
1084b5
255bcb
b7619e
47a1ca
dd3bb3
ece4ac
3ffd46
b33f66
33539f
ffeb28
cd13a4
4ccf61
bf9d49
13c4ad
22abad
b871d0
493196
da1bc7
efc4bd
3e2d1d
b2df9a
35d37a
fc4b2d
cfa3c6
4c4f29
be0d7c
16f49b
1f5b98
b9d200
4a1164
d77beb
f334c1
3b9cfa
b33fcd
37934e
f94b3a
d283db
4acefa
bd3dae
199480
1c3b92
bc122a
49c131
d56c12
f654b6
38ecde
b47003
38b320
f67b50
d5c3e9
48eed1
bd1de2
1bd456
193b99
be8244
48c100
d45c40
f954a1
35ecd3
b6102c
3922ee
f44b75
d8f3e4
469eb4
bdbe11
1d242f
167ba9
c16255
4770d8
d35c6b
fba485
330ccf
b86048
38d2c4
f2bb9a
db83d6
43fea2
beee36
1df406
144bc4
c42259
4570ba
d3ac98
fd045f
305cd8
ba805b
37a29c
f1fbc2
dda3c1
415e9d
c08e56
1dc3e0
12dbdf
c69250
4370a6
d4acbb
fdd43f
2e5cee
bcc064
36427e
f1fbe6
df13a8
3f2ea5
c26e66
1d13be
11bc00
c83241
4150a2
d5dcd3
fe041e
2d4d03
beb05e
34b270
f28c02
dfc389
3daeb1
c41e6a
1bf3ab
11ec1d
c9522c
3fb0a4
d74ce0
fd5406
2c9d1c
c0004f
33126b
f3ac13
df8373
3ceec4
c5ae65
1aa39c
127c30
c9b214
3ea0b2
d8cce2
fc83f8
2cdd32
c0903e
321274
f4dc1b
dee361
3caed9
c67e58
19639e
138c3c
c95203
3e30c5
d98cd6
fb03f3
2dad40
c0b02a
310283
f5ec17
ddd35b
3d3eea
c6ae48
1843ae
14ac3c
c871f6
3e50da
da5cc6
f9f3fd
2efd43
bfd017
312296
f6fc03
dc635c
3e4ef5
c65e30
1803c2
161c2c
c6c1f1
3f40e8
da3cae
f8f411
306d40
be800e
31e2af
f72be9
db336c
401ef8
c4ce1e
1873dc
16dc15
c531fd
4130f5
d94c97
f8c42d
31cd2a
bc700c
3382c3
f6dbca
da4388
421eec
c2de12
1943f8
176bf8
c37214
4370f5
d77c7d
f90450
330d0b
ba5018
35a2d2
f5bbaa
d9b3ad
440ed3
c0ae0f
1b3414
170bcd
c23233
45a0e8
d52c6a
fa1478
33dce2
b81033
3822d7
f40b8a
d9e3da
459eb1
bdce1c
1da42d
160ba6
c1525c
4840d0
d27c65
fbe49b
33ccb3
b63056
3b12ce
f16b71
dab405
46be82
bb6e31
20a433
140b7e
c0f28e
4a70ae
cf4c6b
feb4b6
331c83
b4b084
3df2bb
ee2b63
dc9433
471e51
b8de54
23d434
116b5a
c1b2c6
4c207f
cc4c7c
01a4ce
316c54
b410b9
408299
eafb5f
ded455
46ee1b
b6ce81
273428
0e7b44
c302f7
4d704b
c93c9a
0534d2
2f1c29
b410ef
42d26f
e77b6d
e20475
45ade5
b55eb4
2a340e
0afb37
c52322
4d7014
c6ccc0
08a4d1
2c3c08
b4d129
44923e
e43b7f
e55487
43edb7
b4ceeb
2d03e7
079b37
c7b345
4ccfdd
c4dcf1
0c44bf
28ebf4
b64158
454204
e17b9e
e8e48e
417d8d
b4ef24
2f43bf
043b42
caf363
4bcfa6
c3cd24
0ef4a2
258be8
b8a182
4571d0
df5bc8
ec3488
3e9d70
b61f57
30738e
014b59
ce1370
49df7e
c38d58
11747f
226bed
bb01a3
44c19e
dd8bf3
ef0473
3bfd5c
b78f82
31235e
fedb77
d0e370
478f60
c3fd88
130456
1fbbfb
bdf1b4
438173
dd0c21
f13456
390d5c
b96f9f
30d333
fd4b99
d36365
452f4a
c4bdae
13d42f
1d7c0f
c051b9
41d154
dcfc47
f3043c
369d63
bbafb7
30230a
fc7bbf
d5d357
42ff43
c65dcc
13f40a
1bdc2a
c291b4
3ff141
dd7c6a
f3e41f
349d6e
bd9fbc
2ec2f2
fc0bdb
d7233f
410f40
c7addc
1373ee
1b1c44
c471ab
3e413a
de8c82
f413fd
336d83
bf3fbc
2da2e1
fcabf8
d7a32b
3f8f51
c93de5
1273d9
1b0c5b
c53198
3cf13e
dfac8e
f3a3eb
330d99
c04fb1
2c62de
fdbc08
d7b315
3ecf5c
ca7ddf
1183d1
1bcc6e
c59188
3c0147
e0dc8c
f2b3e0
333da9
c0ffa3
2b72e3
fe8c0c
d74308
3ebf6f
cb0dd0
1033d5
1c8c78
c53176
3bc159
e1ac83
f193df
341db4
c08f8f
2ab2f2
ff6c02
d60301
3f7f7d
cb1dbf
0fd3e1
1d9c6e
c4116e
3c316c
e1dc70
f0c3eb
351db5
bfaf81
2ae309
002bf2
d4c309
40df86
ca5dac
0f43fa
1ecc5e
c28174
3d717b
e1cc58
eff401
36eda7
be0f7d
2bf321
004bd5
d3831d
427f83
c8ed9a
0fe416
1f7c44
c0a180
3f5183
e08c40
efd423
382d94
bc3f7f
2d8334
ffebb3
d2d33f
44bf76
c6cd93
113435
1fdc1f
bee198
41a182
de8c25
f02449
395d72
b9af8c
2ff343
fe8b90
d21366
46af5b
c42d91
132455
1f8bf6
bd91bd
445175
dc3c15
f16470
3a0d44
b77fa9
32f348
fc8b6d
d21395
486f36
c12d99
15e466
1e3bce
bc71ea
46e159
d93c0d
f38495
3a0d11
b57fce
36033f
f9bb57
d313c4
495f07
be3db2
18e474
1c8b9e
bc721e
493135
d5ac10
f654b4
393ce0
b3eff7
390327
f69b42
d4f3f6
4a0ed0
bbbdd3
1c6471
19cb7c
bd0256
4b3106
d22c21
f974cc
37dcae
b2f033
3be309
f2fb3e
d7741d
49fe97
b98e00
1fe467
169b5f
be328a
4c60d0
cf5c3c
fcf4d5
359c7f
b3106c
3e82dd
ef7b45
daa43b
48ee5f
b80e39
233451
133b50
c002bc
4cd095
ccac66
0084d4
32ac59
b390a4
4022ad
ec2b59
ddf450
474e2b
b74e73
26042d
0fbb4a
c2c2e2
4c605b
ca7c98
03f4ca
2f7c40
b4f0dc
414276
e93b78
e1745a
44ee03
b74ea7
282403
0c0b58
c5c2ff
4b5029
c92cc5
06f4ae
2c1c33
b6e103
41723e
e69b9f
e4b457
422ddf
b80ede
29d3d4
090b67
c8b312
49bffc
c8acfb
09848f
28cc33
b92128
41220c
e4fbc7
e7c449
3f6dcc
b96f0a
2ac3a2
068b84
cbb313
478fd8
c8ed28
0b3464
262c41
bbd13e
4031e3
e3ebf4
ea3431
3ccdc4
bb4f29
2aa378
04cba3
cea311
45afc3
c99d4f
0c5441
241c4f
be514a
3ea1c0
e3cc18
ebd412
3a4dc9
bd0f3f
2a2355
039bc4
d06301
436fb7
cabd70
0c941f
225c69
c08145
3ce1ac
e43c39
ecd3f8
387dd6
bf1f4b
293335
035be3
d1e2ed
416fb7
cc2d83
0c2402
217c7d
c23140
3b51a2
e52c52
ed03df
370de2
c0bf4c
280327
037bfd
d2b2d9
402fc0
cd8d88
0b93f0
210c94
c30130
3a41a4
e61c5b
ecc3cc
36bdf6
c1af42
26d324
044c0c
d2e2c7
3f6fcf
ce9d84
0ab3e9
219ca3
c3411f
3981b1
e72c5c
ec33c5
36fe04
c20f36
26132c
056c0f
d232bb
3f7fdb
cf0d78
0993ed
228ca9
c2a112
3901bf
e7ac50
eb13c6
37ce10
c1af25
25b33c
062c03
d132ba
405fe9
cf1d6a
08f3fd
238ca5
c1c10c
39a1d1
e82c3e
ea33d2
38fe0d
c08f19
25f351
06ebf0
cf92c6
419fef
ce5d51
090414
24cc95
c0110c
3b21de
e78c24
e973e7
3aae01
bedf0f
271368
06ebd5
ce82d7
439fef
ccbd40
096432
259c79
be3118
3d11e5
e66c0c
e91408
3c2deb
bcbf12
28d37f
068bb2
cd52f8
457fe0
ca8d37
0aa451
260c51
bc9134
3f81e7
e48bf2
e99433
3d7dca
ba8f1b
2b038a
054b8c
ccf31f
47afc5
c7dd34
0ca46c
25bc27
bb1156
41e1dc
e1ebde
eaf45b
3e3d99
b7ff3a
2dd391
034b6c
cd1351
497f9e
c4ed3e
0f3487
249bf9
b9f185
44c1c4
deebd6
eca481
3e7d6a
b5df5f
31438e
00ab4c
cdc37e
4acf73
c1cd52
12a495
22abcb
b951bb
47319b
db8bd8
ef74a3
3d9d34
b43f8f
34637a
fd7b38
cf83b3
4baf3c
befd73
15f499
203ba3
b9a1f2
498171
d81bdf
f2a4c0
3c8cff
b2dfc6
37835a
f9fb31
d1d3dd
4baf00
bcad9e
197492
1d1b85
baf228
4b013b
d4dbfb
f624cf
3a4ccc
b29ffd
3a2334
f64b34
d4b402
4aeec7
bb1dd6
1d047d
19db70
bc725f
4b8102
d1dc21
f9c4cf
378ca7
b32038
3c1306
f2bb42
d7e41c
497e91
b9fe0b
20145b
160b67
bf228a
4b70c5
cf8c4e
fd64c6
348c88
b4206e
3d72cc
ef8b5c
db6429
477e67
b98e42
22a435
127b6f
c1e2ad
4ad092
cddc7c
0084b0
310c78
b600a1
3e1299
ed0b7d
dec429
44fe42
b9de77
246409
0f7b7a
c4c2bf
49605f
cd2cb1
034493
2e0c72
b830c6
3df267
eafba7
e1d421
424e28
bb3ea7
2563dc
0ceb92
c7a2c8
47a03c
cd1ce0
050471
2adc77
ba40de
3d223b
e9dbd2
e4640b
3f8e1e
bcaece
25b3ae
0acbaf
ca62c8
456026
cd8d0a
06644e
28cc87
bcb0ea
3be218
e99bf8
e653f4
3d0e1b
be4ee5
25338c
098bd1
ccb2bd
435015
ce7d28
06f42b
270c9e
bee0eb
3a7200
e96c15
e773d8
3afe22
c04ef3
24836f
090bec
ce02ac
417015
cfdd3c
06e40d
261cb1
c070e3
3901f2
ea4c2f
e813c1
39ee2f
c19ef6
23835c
092c03
cf029a
404018
d10d48
0643fa
25acc1
c190db
37c1f5
eb3c3c
e7a3af
393e41
c2beed
226358
09ec14
cf5288
3f5025
d22d41
0553f0
25fcd3
c1d0cf
3701fd
ec0c40
e6f3a3
390e50
c33ee3
21835b
0a6c19
ce927d
3f6030
d2bd3a
0493f5
26bcdb
c170be
36b208
ec9c36
e623a3
3a4e56
c2eed4
212369
0b8c10
cd7279
40003c
d2ed28
03f402
27fcd8
c080b6
37421a
ed0c25
e523af
3b5e5b
c23ec5
21637f
0c2c00
cc7282
414047
d21d17
03841a
291cc6
bf10b8
385229
ecdc08
e463c7
3cde50
c07ebd
223399
0c5be6
cb1293
434044
d06d03
03d43b
29ecad
bd50c5
3a3232
ebebef
e413e8
3e7e3e
be5ebb
23c3b0
0c3bc2
c9f2af
458036
ce5cf5
04d459
2a4c88
bb60da
3c7238
ea0bd5
e46409
3fee18
bbfec8
25e3bf
0b0b9c
c922d9
476022
cbccee
06a476
2a4c5f
b970fb
3f522f
e79bc0
e5443a
40cdf0
b96edb
2903c7
095b78
c8c306
499002
c8ecf3
093494
29cc2e
b82127
42221b
e49bb0
e6b462
410dc1
b6eefc
2c33c7
06db58
c97339
4b2fd6
c5ed04
0c54a4
283c00
b7815c
44c1fc
e14ba9
e92487
411d8b
b52f29
2f83b8
03eb3d
cac36d
4c2fa2
c2cd22
0fa4b1
25dbd4
b77191
4721d3
ddbbb1
ec24a8
3fed4f
b3af5c
32a3a1
007b2e
ccc39c
4cbf66
c01d4b
1324af
230bb0
b821cb
48e1a0
da7bc7
efa4b9
3e5d1f
b2cf97
35a37e
fc9b2a
cf43c3
4c7f2e
be1d78
16e49e
1fcb96
b98203
4a016a
d74be5
f334c4
3becf5
b2ffd1
382352
f8fb31
d293e0
4b3ef7
bc9db0
1a2487
1c2b8a
bbb22f
4a512c
d48c0b
f6d4be
38eccf
b3900a
398320
f5bb46
d5e3f4
494ec3
bbcde7
1cb461
18ab84
be3258
49f0f6
d29c3d
fa24b5
35bcb8
b5003c
3ad2eb
f30b64
d96401
474e9c
bbde1d
1f2436
152b8e
c11275
4920c2
d18c6d
fd249c
329caa
b70065
3b12b6
f06b8a
dc63fb
44ce7d
bc9e4c
20a40f
12ab9f
c40283
47709c
d0ec9c
ffa47c
2fbcab
b92088
3a9288
eeebaf
df53ee
421e6a
bdde77
2143e2
103bbc
c6d287
459078
d0dcc8
01545a
2d1cb2
bb6097
399261
ee1bd3
e143da
3fae64
bf4e95
2143b9
0e8bd8
c8c284
437065
d19cea
01f43a
2b2cc4
bd60a4
386248
ee1bfc
e2e3c4
3d9e66
c0fea7
20e39a
0d9bf1
cae273
41c05c
d2bd00
02341a
2a0cd9
bf40a0
372234
ee5c15
e3a3aa
3c1e6f
c29eaf
1fb389
0d9c0e
cc0265
40005f
d3ed13
01d404
293cec
c0809a
35c231
eefc22
e3b398
3b2e7d
c3eeac
1ed37c
0ddc1d
cc7254
3f4066
d4fd17
0143f8
296cfb
c1208d
34c233
f00c2a
e35388
3b1e8c
c49ea5
1e137b
0e8c27
cc3246
3f1073
d5dd0f
0063f7
29ed04
c11081
34723e
f0bc26
e29384
3b5e99
c48e98
1da387
0f6c22
cb7241
3f507e
d5fcfd
ff8401
2acd06
c03076
34a250
f15c18
e1a38b
3c8e9c
c3ce8a
1d739a
103c16
ca4244
40408a
d59cec
ff6413
2becfa
bed073
35925e
f13c00
e0939f
3dde97
c26e7d
1e33b0
10bbff
c8b252
41f08f
d47cda
ff442d
2cece3
bd6077
37026b
f09be6
dfe3bd
3fbe88
c09e79
1f53c7
10cbdd
c7c26b
441084
d25cc7
00144e
2dacc6
bb7086
393275
eefbc7
e003de
412e6b
be5e7b
2163de
0fbbb7
c6a28c
467075
d01cbc
017471
2e1c9e
b990a4
3bb270
ed1bb0
e08407
429e45
bbce8a
2413ec
0ebb91
c5e2ba
48705b
cd4cbc
03a48c
2dac70
b7e0cb
3e9266
ea5b98
e1d434
435e17
b92ea9
26c3f2
0c9b6d
c642ec
4a9030
ca3cc4
0644a8
2c7c3e
b690fb
41a24c
e72b92
e3c45d
439de3
b71ecf
2a73e9
09db4c
c6c320
4be004
c71cda
09a4b7
2adc0f
b61135
446228
e3bb90
e64486
42fda9
b4fefe
2db3dd
066b37
c86353
4cffcd
c45cfa
0d34bf
286be7
b6516a
4641fa
e02b9c
e9a4a2
41ad74
b3df34
30c3bf
02eb2b
caa383
4d1f92
c18d26
10d4b9
254bc3
b721a4
4821c5
dcabb3
ed24b4
3fcd42
b35f6d
33b399
ff3b2a
cd73a9
4caf57
bf6d56
1454a7
220bac
b8c1d8
49118f
d9bbd4
f0a4b9
3d3d17
b34fa6
35836b
fbbb35
d0c3c5
4b4f22
be4d8c
17848c
1e5b9e
baf207
492152
d70bfb
f454b3
3a4cf5
b44fe0
37733a
f85b4a
d403d6
497eee
bdcdc1
1a146b
1b0ba2
bd922e
48d11e
d54c28
f7b4a3
375ce0
b5a011
383304
f59b6a
d763dc
474ecb
bdcdf9
1c2440
177ba9
c06243
4790ec
d45c5c
fa3488
345cd7
b79036
3862d2
f3cb8c
da53d4
44beac
be8e25
1d3417
150bbe
c32256
45d0c6
d3ac89
fc846b
314cd4
b9a054
3802a9
f26bb4
dcf3c9
426e9d
bfde4f
1df3eb
12dbd5
c5b257
4440a7
d40cb0
fdf449
2eece0
bbf066
372284
f14bd9
ded3b2
400e99
c16e69
1df3c8
11cbef
c7f24e
428096
d4bcd2
fe8429
2d1ced
bdf06f
36026a
f18bf7
e033a0
3e1e9d
c2de7c
1db3ac
10dc08
c97246
40c08f
d5ace8
fef410
2c1d03
bf606c
34925c
f1cc0f
e0e38b
3ccea4
c44e81
1cd398
10bc1f
ca7234
3f5091
d6acf3
feb3fd
2b6d14
c08064
33a259
f26c1c
e0f377
3c1eb1
c55e7c
1bd390
112c2d
cab225
3eb099
d77cf4
fdb3f6
2b9d20
c0e057
32e25c
f30c1e
e07370
3c2ebe
c59e73
1b2395
11ac32
ca721c
3ec0a6
d7dce8
fd03f6
2c5d27
c0804b
32c26c
f3ec1a
df936d
3ceec5
c59e67
1ae3a1
127c28
c9821d
3f40ad
d81cdd
fc9403
2d3d20
bfb045
330278
f3ec06
dec37a
3e0ec8
c49e5b
1af3b5
130c1d
c81223
4050b9
d78cc9
fca41a
2e1d16
be3045
344286
f3abef
de438d
3f5ebe
c33e52
1be3ca
139bfe
c6f230
41f0b9
d60cb5
fc8437
2f2cf9
bc9051
35f293
f2dbd4
dd83b1
40feaa
c10e4f
1d33e2
133be1
c5924b
4460b1
d3fca7
fdb452
2ffcdc
ba9061
38429a
f15bb6
dd83d6
426e8c
be9e55
1f73f4
127bb9
c4e275
46809b
d15c9d
ff4478
301cae
b8807d
3b0293
ef0b9d
de4403
43be63
bc2e64
223403
110b91
c452a2
48f07c
ce7c9f
016494
2f7c7d
b710ac
3de283
ec5b8b
dfb42c
445e36
b97e86
257408
0e7b6a
c4a2d7
4ac055
cb5ca8
0464b0
2e3c4f
b5c0dd
40e26a
e8cb82
e1e459
44cdfb
b73eaf
28f403
0bbb4e
c5930b
4c1022
c84cc2
07b4c2
2c8c1d
b58117
437243
e56b83
e4a47e
441dc4
b56edf
2c73ee
086b37
c71340
4d2fe8
c51ce2
0b54c5
2a0bf0
b5d150
45c214
e1bb8f
e7d496
42cd8d
b3ff16
2f73d4
04bb29
c9736f
4d5fae
c2bd11
0ef4c0
26cbd1
b6c18a
4771de
de2ba5
eb94a9
408d5a
b38f52
3263ac
00eb2b
cc5393
4caf72
c09d3e
12a4ae
239bbb
b871be
4891a7
db0bc9
ef04b2
3e2d2d
b3af90
34b37a
fd5b3a
cf93b5
4b4f39
bf4d7c
15d491
1fdbac
ba71f0
48716e
d89bf2
f294ab
3b0d0a
b47fc6
36234a
f9eb4f
d2d3c7
49cf09
bebdb5
18b46f
1c4ba8
bd3213
482136
d6cc20
f6249a
380cf3
b5cffb
374313
f73b69
d643ce
478edd
be9de6
1ac443
191bb5
bfb22f
470101
d57c4f
f8e488
350ce9
b7c021
3772e3
f4db8b
d933ca
450ec5
bf3e16
1c2419
167bc4
c2a241
45a0d7
d4ec7e
fb3466
324ce7
b9a040
3732b7
f36bb1
dc03bd
428eb1
c06e3e
1cd3f2
141bdd
c53242
43d0ba
d52ca7
fcd44a
2f9cef
bbf052
367292
f2abd4
de23ad
403ead
c1de5c
1cf3cd
12abf7
c7723e
4260a8
d58cc7
fda42a
2dccf8
bdd05a
354277
f27bf5
df7396
3e7eaa
c31e69
1c73b0
11cc10
c90235
4080a0
d67cdd
fdf412
2c9d0c
bf605f
341269
f28c0d
dff382
3d0eb2
c48e73
1c039d
118c23
c9d227
3f109e
d76ced
fdb3ff
2c2d1b
c08053
333260
f31c19
e06374
3c6ebe
c58e74
1b6394
11ac30
ca621c
3eb0a2
d7fceb
fd53f6
2c4d25
c0c051
327263
f39c1d
dff36b
3c4ec5
c5de67
1aa398
124c35
ca1215
3e60b0
d87ce5
fcd3f8
2c8d2d
c0c044
32626f
f42c17
df836d
3ccecb
c5de63
1a73a2
129c2d
c93216
3f40b4
d85cd9
fc6401
2d8d28
bfa03f
32b27a
f45c07
de9377
3deecd
c4ee58
1ab3b4
133c1d
c8321b
4030bc
d78cc9
fc3416
2e5d17
be603f
33e28a
f3cbf2
ddf38c
3f6ec2
c34e51
1ba3cb
138c02
c7022f
41f0b9
d61cb8
fc6430
2f5cfe
bc804b
35d293
f30bd6
dda3a9
40deaf
c14e50
1d53de
133be6
c5d249
4410b1
d42ca9
fd7453
2fccdc
bae060
37f298
f17bbd
ddb3d0
422e8e
bf0e57
1f63f3
126bbf
c5226f
464099
d1bca3
fef472
2ffcb0
b8f081
3ab292
eefba5
de73fc
435e67
bc4e69
2243ff
10fb95
c4a2a1
48907f
cedca3
017495
2f6c82
b750aa
3db282
ec3b90
e00429
443e36
b9be88
257401
0e8b70
c4f2d4
4a604e
cb7cb0
0474af
2e2c4f
b650e0
40b263
e8ab88
e24454
444dfa
b77eaf
28d3fe
0bbb51
c5f30e
4bd01e
c83cc5
07e4b9
2c3c1e
b5c118
437240
e50b86
e4a47c
43adc2
b57ee3
2c53eb
082b3a
c75340
4d0fe3
c50ce6
0b84c3
297bf4
b5b155
45d215
e15b93
e84498
426d87
b43f1d
2fa3cd
046b2b
c9c370
4d2fa4
c25d11
0f84c2
268bcb
b69191
47b1d8
ddebaa
ebe4ac
408d51
b36f5a
32b3a9
007b2b
cc839d
4cef66
c01d46
1314af
230bb3
b841c9
48b19f
da4bca
efb4ba
3e0d23
b36f97
354377
fcbb34
cff3bb
4bbf2f
be8d80
16a490
1f5ba2
ba61fc
490162
d7cbf4
f3b4b3
3b1cfd
b3efd5
375345
f90b47
d353d5
49fefb
bdadba
19d46f
1bab9f
bd2226
48d126
d5ac24
f6e4a5
37cce3
b5400c
38430d
f61b64
d6f3dd
47cece
bdcdf3
1be448
181ba5
c00244
4800ef
d3fc52
fa1490
34bcd3
b6f036
38d2db
f37b86
da13dd
453eab
be6e24
1dd419
152bb5
c2e255
4680c4
d36c85
fcc476
318ccf
b9405c
38b2a9
f19ba9
dcf3d4
42be95
befe50
1eb3f0
12abca
c58263
4500a1
d33cb0
feb455
2edcd0
bb3074
382282
f08bd0
df73c6
405e87
c07e75
1f33cc
10abe1
c82265
430087
d37cd4
ffd434
2c9cdc
bd4081
37325f
efdbf0
e133b1
3e3e84
c1fe89
1f23a8
0f8bfd
c9e25c
418079
d40cf2
00941c
2b2ce6
bf2087
36324a
efbc0d
e243a1
3c9e89
c31e98
1ec392
0efc11
cb3254
400070
d4dd03
008408
2a2cf8
c04084
35023d
f03c1d
e2e38e
3b7e8d
c42e9f
1e5386
0ecc22
cbf24a
3f2073
d56d0a
0043f8
29dd04
c10081
34723d
f08c27
e2b381
3b5e94
c4ce9b
1db381
0efc27
cbd243
3ef078
d5ed08
0013f7
2a0d0a
c12079
34323e
f0fc23
e27380
3b7e99
c49e94
1d7386
0f7c28
cb9241
3f4080
d5ecff
ffa3fe
2aad06
c0a076
34824d
f10c1d
e1e38b
3c2e98
c41e8c
1d8393
100c16
caa243
402082
d56cf4
ffa40c
2b5cf6
bf7079
357253
f0ac0a
e1539b
3d4e90
c2ce88
1e73a4
100c02
c99259
417082
d41ce7
fff425
2c0ce3
be1083
36e25a
efbbf4
e123b7
3e9e7d
c10e86
1fc3b7
0f9be4
c8d26f
435074
d21cda
011442
2c9cc5
bc2095
394260
ee3bd7
e143da
3ffe5f
bebe92
21e3c8
0ebbc1
c80293
458064
cfdcd3
028461
2c8c9b
ba80b7
3bb259
ec1bc3
e1e402
412e3b
bc3ea2
2473d3
0d1b9b
c762c1
47c046
cd0cd6
04c47d
2c1c6c
b8f0de
3e5249
e93bb1
e3842f
41ee08
b9bec2
2783d9
0b0b78
c7a2f5
49901e
c9bcdf
07a49a
2afc39
b7e110
41a22f
e60ba5
e5945a
421dd5
b75ee9
2b43d5
082b57
c8932d
4b1fe7
c69cf4
0b44ab
292c0b
b7614a
445209
e23ba2
e86480
418d98
b59f19
2eb3c3
04ab3f
ca1362
4c5fad
c34d1a
0ec4b2
265bda
b77188
46c1dd
de6bae
eb94a4
403d5c
b3bf56
3203a9
00eb30
cc8399
4c9f6e
c07d43
12f4ab
233bb6
b811c1
48e1a3
daabc4
ef64b9
3e7d24
b2ef92
35a37f
fceb28
cf33c3
4c7f30
be0d79
16f4a0
1fab95
b99201
4a0168
d70be2
f3a4c6
3bfcee
b28fd8
383352
f8eb31
d2c3e8
4b3eef
bc3db3
1a9485
1beb81
bba238
4ad127
d41c0d
f754c6
391cc4
b35012
3a7319
f50b41
d64402
498eb4
baedee
1dd466
180b7b
be5268
4aa0e7
d18c40
fb44bd
358ca5
b4a04c
3be2e3
f18b5f
da0412
478e83
bafe2d
20a43c
140b7c
c14290
4a20aa
cfcc74
ff04a8
31ec91
b63085
3cd2a8
ee8b82
dda416
44fe5a
bafe63
22c40b
108b89
c452a6
48c076
ce6ca8
01e48e
2eac83
b840b0
3cf271
ec3ba9
e11412
422e3c
bc0e98
2403db
0ddb9d
c772b9
47204d
ce0cd6
04146b
2b9c86
bac0cf
3c9242
ea9bd3
e3a401
3f9e28
bd2ec4
2523ae
0b8bb9
ca52c0
45102f
ce0d08
05b44b
28fc8b
bcd0e7
3b9217
e9cbf6
e633f0
3cfe1d
beaee2
253388
09cbd0
cc92ba
433015
cebd29
06f42c
26ec9a
bed0f2
3a91fd
e94c17
e7c3dc
3b0e1e
bffef9
24f36b
083be9
ce72b4
41a008
cf4d43
075412
253ca9
c0a0f3
3991e7
e94c33
e883c8
397e22
c11f06
248353
080bfe
cfb2a8
406001
cfed53
07b3fc
245cb4
c1c0f3
38a1dd
e95c44
e963bb
38ae25
c24f0a
243348
07dc0e
d0729f
3f8005
d09d5f
0783f0
245cbd
c260ef
3811dc
e9dc49
e913b1
387e2f
c25f0c
23a346
080c12
d0529c
3f4005
d0bd57
0783ee
245cc0
c250ef
3811da
e9dc49
e923b4
387e2e
c26f06
23c34a
083c0d
cfd29f
3fb008
d09d53
0743f8
24bcb9
c190ee
3881e5
e9ac3a
e8a3bf
395e27
c18f01
245353
082c00
cf52ab
40f003
cfbd4d
07a40a
253cab
c0c0f9
39a1e6
e91c2f
e873d4
3a3e1b
c02f01
256365
07ebe7
cea2bd
423ffb
ce1d46
087420
258c8c
bf1107
3b81ec
e7ac1c
e8d3f1
3b3e02
be4f0b
273370
070bcd
cdf2de
444feb
cc1d3f
09b43b
259c6a
bde120
3db1e4
e5dc07
e98415
3c3dde
bc3f1b
29837a
05fba9
cdc307
45ffd1
c98d3e
0bb455
251c45
bc6146
4041d8
e31bf5
eac43e
3ccdb2
b9ef36
2c7381
03bb87
ce1337
47cfa9
c66d4c
0e5469
241c14
bb9176
4331bf
e02beb
ecd465
3d0d80
b76f5b
2fd379
010b68
cec36b
495f79
c37d60
11f480
225be2
bab1b0
45a19d
dc6bed
ef648d
3cad45
b5af8f
33436b
fddb50
d0339f
4a4f40
c04d80
154488
1fcbb7
bac1eb
48116b
d8bbf4
f294ab
3b7d0b
b3efc5
36c34f
f9cb40
d243d2
4adf04
bd8da8
198484
1c8b8f
bb5228
4a3136
d4fc06
f664c4
399ccf
b2f003
3a232b
f5ab38
d52405
4aaec2
badddd
1d8474
193b6e
bd1265
4bb0f7
d14c23
fa64d3
370c9a
b2a049
3d02fc
f1ab3e
d87429
49ae7e
b8de17
21645c
150b58
bf22a2
4ca0b4
cdec53
fe94d6
33fc6e
b3208e
3f82c2
ed9b4f
dc4449
482e3e
b77e5a
24c43c
10eb4e
c1c2d6
4c9072
cb2c82
02e4cd
308c47
b440cc
417288
e9bb6b
e0645b
45be08
b6ee9c
281412
0ceb4f
c4d2fe
4c102f
c8ecb8
06d4ba
2cdc2e
b60102
42324a
e68b8f
e45461
432dd8
b71edb
2a93dd
08fb57
c8431f
4afff7
c77cf0
0a349b
290c1e
b85136
42a20c
e3cbbb
e80461
402db5
b7df14
2c63ab
058b6d
cba334
48efc2
c6cd2c
0d3479
258c1a
bae15e
4271d2
e1bbe9
eba452
3cfd9e
b92f45
2d7376
02ab86
cee33b
471f98
c6ad60
0f4451
225c1f
bd417b
4171a1
e05c13
ee4441
3a1d88
baaf6f
2e0346
005ba9
d1e33c
44cf7c
c71d8d
10d42e
1fcc2f
bff18d
40717b
df6c3f
f0b428
379d87
bc8f8d
2dd320
feabc4
d47338
42bf66
c7bdb2
11940c
1d7c3f
c21198
3f015b
df5c60
f21412
354d88
bdefa3
2d72fe
fdcbe2
d6232e
40cf5a
c89dcd
1213ee
1c1c4f
c3d19a
3dd147
df5c7c
f2f3fb
33dd8d
bf7faf
2ce2e8
fd2bf6
d7631f
3faf57
c9adde
1233d9
1b5c5f
c53196
3cf13e
dfdc8c
f3a3ed
330d94
c06fb4
2c92de
fd1c06
d8131a
3eaf55
ca1de5
11f3ce
1abc66
c5d193
3c313c
e02c95
f3c3e4
328d9b
c0dfb5
2c12d6
fd2c0d
d81315
3e7f57
ca6de8
11d3ce
1aec6c
c5c192
3c813c
e00c92
f3b3e6
32ad98
c07fb1
2c32dc
fd1c07
d81319
3ecf59
c9ede3
1253d7
1b1c63
c54197
3ce13e
df9c8b
f393ee
331d91
bfbfb0
2ce2e3
fcdbfa
d78326
3fef52
c92ddb
1293e0
1b7c50
c451a0
3df13f
dedc7e
f39402
33fd7f
be9fbb
2e32ec
fc7be6
d71339
411f47
c77ddd
13d3f7
1b3c34
c371b7
3fc13b
dd5c6e
f4441f
348d65
bcffc6
2ff2f6
fb3bc8
d6f35a
42af2c
c54ddb
157409
1aec13
c211d6
41e12e
db0c62
f55442
350d41
baffe0
32b2f9
f98bad
d72385
440f0c
c2bde5
17d420
19fbec
c181fd
445119
d85c56
f73465
353d11
b8d000
3552f2
f6db90
d803b5
459ee0
bffdf6
1ac430
183bc2
c0e22e
46c0f9
d52c58
f97487
34dcda
b7002e
3892e3
f40b7c
d953e7
467eab
bd0e14
1e1439
160b95
c0c26c
4920d0
d18c5e
fc94a7
33bca7
b5b05f
3c12c8
f05b6a
db8415
46de73
ba1e3c
21f433
12fb72
c1b2a4
4b209b
cdbc73
0034bb
31ec6f
b4c09f
3f42a5
ec4b64
ddf446
468e30
b7ce72
25f427
0f6b4f
c2e2df
4c705a
ca5c92
0454ca
2fac3a
b450e2
41e275
e82b6d
e1946b
45adee
b5beae
29b410
0bab3c
c4f31b
4d6018
c72cbc
0874cf
2c7c0a
b4e126
44923e
e41b7d
e5648c
441db0
b49ef0
2d73ed
076b2e
c7c351
4d7fd3
c41cf0
0c94c6
28ebe3
b61167
4671ff
e06b9a
e9349f
41cd79
b3ef31
30a3bd
031b2e
cb037e
4ccf8e
c1cd2d
10a4b2
24fbc8
b7f1a6
4781bf
dccbc0
ed94a7
3eed44
b3ff75
335388
fefb3b
ce73a0
4b6f52
c05d66
145496
20dbbb
ba11dc
47f17e
d9abeb
f194a4
3bcd20
b4efb6
357351
fb2b4d
d263b6
499f19
bf8da7
17d46e
1cfbb3
bce204
476140
d75c1c
f59496
385d02
b65fec
368319
f7bb6e
d5d3c2
471eee
bf2de1
1a3443
19abb9
bfd227
46c107
d5bc51
f8c47f
34fcf0
b8001e
3732e4
f56b92
d933c0
44aec7
bfce16
1bf417
165bcc
c3023b
4580d8
d4ec83
fb6465
320ce9
ba2043
3722b0
f33bb7
dc33bb
422eae
c07e44
1d43ec
139bde
c59248
43d0b2
d4bcad
fd6444
2f2cea
bc205d
36b288
f20bdc
dec3ac
3feea0
c1de66
1da3c5
11abf4
c8124c
423098
d50cd1
fec42a
2cfcf4
bdf06e
35d265
f13bfb
e0b39d
3dde98
c32e80
1de3a5
107c08
c9d249
40b08a
d54ced
ff7412
2bccfd
bfa074
350252
f11c13
e1a38f
3c5e98
c41e8d
1db390
0fcc19
caf243
3f9080
d5ecfc
ff83fe
2aad07
c09077
344249
f10c21
e1f385
3bbe9b
c4de92
1d5388
0f6c2a
cb723e
3ef081
d63d01
ffd3fa
2a5d0c
c12078
33e247
f15c28
e2337e
3b7e9e
c4ee92
1d1383
0f8c29
cb9238
3ef081
d63d03
ffb3f7
2a5d0a
c0f073
345249
f12c25
e20383
3bbe9c
c47e91
1d638b
0fac20
cb3242
3fa082
d5dcfb
ff9403
2add02
c02076
34f24f
f0fc12
e1c38f
3c9e96
c3ae8e
1e139a
0fac0f
ca924d
40b080
d4ccf4
001416
2b6cf0
bee081
362255
f01c06
e183a8
3dbe86
c22e8f
1f43a7
0f6bf7
c99265
423074
d34ce8
00d42e
2becd4
bd508e
380253
eecbeb
e1b3c6
3eee68
c00e90
2113b8
0edbd8
c8c286
444065
d0fce1
02444b
2bfcab
bbd0aa
3a724f
ecabd7
e243ed
400e47
bd9ea5
2393c6
0d6bb3
c852b1
467048
ce2cde
04546a
2bbc80
ba00d5
3d3244
ea1bbe
e3a418
40be18
bafec0
26b3d0
0b2b8c
c872e5
489024
cb1ce6
070484
2a8c4f
b8d104
40522e
e6abb2
e55442
416de0
b87ee4
2a33cb
089b6b
c90318
4a2ff2
c78cf8
0a749c
292c1b
b8113d
43420d
e31bb0
e7f473
413da8
b62f12
2da3bd
052b4d
ca3352
4b9fb8
c47d15
0df4a8
269bea
b7b179
4601e1
df2bb3
eb0496
404d6b
b46f4c
3183a7
018b37
cc438b
4c6f7b
c14d40
1224aa
23bbbd
b811bd
4861a7
db4bc2
eee4b2
3e9d2b
b32f8b
351385
fd6b2e
cef3bd
4c3f38
be4d73
1654a1
203b9a
b951fb
49d16b
d78be2
f2f4c6
3c3cf5
b2afce
380355
f8fb31
d243e7
4baef2
bc5dac
1a748d
1c5b7e
bb4237
4b012b
d41c05
f754cc
395cc3
b2d00e
3a9321
f50b3b
d6040a
4a2eb7
ba8dea
1e346b
182b71
bdd26c
4b40e9
d0ec35
fb44c5
360c9a
b3d053
3c72e7
f11b55
d9e422
481e7d
b9ee28
213444
13fb6e
c0d29a
4aa0a7
cedc6a
ff04b7
323c81
b57089
3df2ab
eddb74
ddb426
45be4f
b9ee66
23f416
106b79
c3e2ba
49c070
cd4ca0
02749e
2edc74
b770bc
3e5272
eb2b9b
e15425
42fe2a
ba5e9e
2593e5
0cfb88
c722cd
48103c
cc7cd4
05547f
2b8c6e
b9b0e3
3df23a
e94bc6
e4741b
3ffe11
bbfed2
26d3b6
0a7ba5
ca42d7
464018
cc6d08
07445b
28ac73
bc10ff
3d4210
e81bf0
e7340a
3d4e01
bcfef7
27238b
084bbe
cd22da
443ff9
ccad33
08c436
262c7b
be8112
3c21ea
e71c16
e913f4
3afdfc
beaf11
273367
06ebda
cf32d2
429fe9
cd4d51
09a417
244c8c
c08116
3b11d1
e74c33
ea73dd
395e00
c02f21
26734f
061bf2
d0a2cb
40ffe3
cdfd69
09b401
231c9b
c1f113
39f1c2
e75c49
eb13ce
37ee06
c14f2b
26033c
05dc01
d172bf
3fefe0
cf0d73
0983f1
22bcab
c2a111
3911bf
e78c56
eb53be
378e0e
c1ff28
256331
05cc0c
d1d2b5
3f4fe7
cf7d72
0953ea
22acaf
c3110c
3901c0
e81c54
eb43bd
377e14
c22f26
255333
065c0e
d1a2b4
3f5fe9
cf8d6f
0913ef
22fcad
c2810b
3941c6
e81c4e
ea93c2
37fe12
c19f1f
259340
065c02
d0d2bb
405fea
cf1d64
0913fc
238ca0
c1910d
39f1ce
e7ac3f
ea53d2
38ee0c
c08f1d
26334b
067bee
d022c7
417fe7
cded5c
097412
240c8a
c07117
3ba1d3
e6ac2a
ea43eb
39edf4
becf1e
27b35d
060bd6
cf32e3
433fda
cbcd51
0ab42d
246c6a
bed12d
3d61d3
e52c14
ea840e
3b4dd6
bc7f2d
29d36e
04dbb6
cea30b
453fc5
c9ad4f
0c7446
23fc45
bd414c
4011c9
e2ec01
eb4436
3c3db2
ba2f40
2c6375
036b91
ce9335
470fa7
c6bd51
0ec462
236c17
bbf17a
42d1b6
e01bf6
ed0460
3c5d7d
b81f61
2f9373
00ab72
cf0366
48df76
c38d61
119476
221beb
bb41ad
458199
dcdbf0
ef8486
3c6d49
b5df8e
32e367
fddb54
d05399
49ff43
c09d7d
154483
1fdbbb
bb11e6
48116f
d91bf0
f274a9
3b9d12
b44fc2
369351
fa3b42
d223d0
4abf09
bdbda2
190482
1d0b93
bb7220
4a013c
d55c02
f5f4c3
39ecd6
b33ffb
399330
f67b39
d4b3fe
4abeca
bb3dd6
1cc47c
19ab75
bc925b
4ba101
d1cc1f
f9d4d2
378ca3
b2b03c
3c7302
f24b3d
d7f420
49de8c
b93e0d
20b467
15eb5d
be7296
4c60c4
ce9c46
fd94d5
34ec75
b3207b
3ec2cf
ee7b4b
db6443
484e4f
b7fe44
241444
11eb4d
c102c5
4c8086
cbec73
01b4cc
316c52
b430b9
409295
eaeb67
df2451
466e1d
b76e86
27041b
0e1b50
c402ee
4c0047
ca2caa
0534bd
2e1c3b
b5c0ee
41725c
e7cb88
e2e456
439df0
b7aec1
2953eb
0a6b5c
c7030c
4ac010
c8bcdf
0894a2
2a3c2f
b8011b
418225
e56bb0
e65452
40cdd3
b87ef8
2ab3ba
074b72
ca7318
48dfe1
c84d15
0b147c
272c30
ba313e
4141ed
e3cbdb
e98445
3dfdbe
b9af26
2b738a
04db8e
cd731f
470fbf
c86d45
0cb457
246c3c
bd1153
4011c7
e2cc07
ebe430
3b2db7
bb6f49
2ba361
02fbae
d0331b
44bfa9
c90d6c
0dd431
220c4c
bf6160
3ec1a6
e2ac2f
edb414
38fdb6
bd7f5a
2b133b
01fbcc
d23310
428f9b
ca1d8c
0e3411
208c5e
c18160
3d718f
e2bc4d
eec3f9
36ddc1
beff67
2a5320
018bea
d3a301
40cf9a
cb4d9e
0e33f8
1f7c73
c31159
3c3185
e35c62
ef33e1
35bdcc
c04f6c
295312
01bbfe
d432ef
3fbfa2
cc6da5
0da3e8
1f3c87
c3d14f
3af184
e3ec6f
eef3d6
355dd9
c10f66
28830d
021c0a
d492e0
3f4fa6
ccfda4
0ce3e1
1f6c90
c43146
3a818b
e4ac6c
ee43cd
359de3
c17f5c
284312
02cc0c
d422db
3f4fb1
cd6d9b
0c73e7
203c8e
c3713d
3a6196
e4ec65
edb3d0
364de7
c0ff51
28131d
036c02
d322dd
3fffbc
ccfd8d
0c33f6
20fc88
c2813a
3af1a3
e50c54
ed23e6
376de2
bfbf4b
289331
038beb
d212ed
417fbb
cc2d7c
0c440c
21bc74
c11141
3cc1ae
e46c3c
ecb3fb
38cdd4
be1f45
29b346
035bcf
d102ff
435fb0
ca8d71
0d0422
228c59
bf7152
3e91b0
e2fc24
eca41b
3a3db9
bc0f4d
2ba356
02bbad
d04322
454fa3
c83d69
0e5441
226c33
bdb16d
4101a9
e10c0f
ed8440
3b4d93
ba1f61
2e4361
013b8e
cfd34a
473f86
c58d69
10b45d
21fc09
bc9196
43919e
de7bfe
eee467
3bcd64
b79f7a
30f366
ff1b6e
d0137a
48cf5d
c29d7a
137470
20dbdd
bb91c2
46217f
db4bf8
f0f491
3bad31
b5afa2
34135a
fc6b54
d123aa
4a0f2f
bfbd8f
16647e
1eebae
bb51f9
48815d
d81bf8
f384ab
3acd00
b40fd2
374343
f94b41
d313df
4aaef5
bcfdb0
19e485
1c2b8d
bbe233
4a812e
d49c0a
f6e4c7
395cc9
b31009
3a5328
f55b39
d56404
4a6ebd
baeddc
1d8475
18fb6a
bcd268
4bd0f8
d14c22
fa44d3
376c9d
b2a044
3cc2fe
f1eb3d
d8542a
49ae87
b91e13
210462
158b5b
be9297
4c60be
ce9c48
fe04d5
347c75
b3207d
3ed2cf
ee7b4f
db8440
485e50
b80e48
240440
11cb54
c132c1
4c4084
cc2c75
0194ca
319c59
b440b3
400299
eb3b69
df044c
462e25
b79e80
262417
0eab58
c3f2e2
4ba051
cacca6
04a4b5
2e4c48
b620e2
40c263
e8eb8c
e2744b
435e02
b87eb6
2803ea
0b8b66
c732fa
49f01f
ca1cda
070495
2b0c43
b85105
403233
e70bb5
e5443f
40ede9
b99ee2
2913be
08cb81
c9f2fe
483ffe
c9ed0c
08f473
280c4c
bae11c
3fa205
e5bbdc
e7f42b
3e2ddf
bb2f06
291394
06fba1
ccb2fc
460fe4
ca8d31
0a444c
25dc5b
bd212a
3e41e4
e58c04
e9c410
3bade3
bccf1f
28e36d
05cbc0
cea2ef
43cfd8
cbdd51
0ac429
242c70
bf912c
3ca1ce
e5ec25
ead3f5
39bde8
beef2d
27e351
053be2
d052df
41ffd7
ccfd65
0a6411
234c89
c10122
3ad1c5
e6bc42
eb33da
38adf8
c07f2d
26b340
05abf7
d142c8
408fde
ce6d72
09b3fb
22cca2
c24114
3991c4
e7cc4b
eaf3c3
37de0f
c19f23
25533b
065c09
d172b2
3fafeb
cfbd6d
08e3ed
239cb3
c2a100
3881ce
e8cc4f
ea23b8
37fe1f
c28f15
243340
075c10
d0c2a2
3f6fff
d09d5e
07d3f0
242cbf
c240f2
3821db
e9dc47
e8e3b4
388e2e
c28f00
23a34b
087c0d
cf9298
3ff00f
d09d4d
0673fe
257cbc
c150e0
3871f2
ea9c35
e7d3bb
3a0e30
c18ef1
237363
097bfd
ce22a0
41301d
d07d38
062412
26fcb4
bfe0de
394204
ea6c1c
e6d3cd
3b8e31
c01ee4
23f37d
0a2be2
ccc2aa
42d023
cf3d1f
05e42f
282c9f
bdf0e0
3ae216
e9abfc
e633ec
3d4e23
be2edd
258397
0a2bc3
cb52c4
450020
cd7d10
06a44f
28bc7e
bc00ef
3d221c
e8abe4
e59410
3eee05
bbbedf
2753ac
09ab9f
ca32e7
47400f
cb2d04
081470
290c55
ba510b
3fc21a
e68bc6
e66439
3fede3
b96eed
29a3ba
084b76
c9c30f
494ff0
c88d02
0a048d
28dc29
b8c130
42320e
e42bb6
e79461
40cdb7
b71f09
2c83bf
065b56
c9e33d
4b2fcd
c5ad0a
0c94a3
27cbfc
b7b161
44f1f5
e10baf
e97488
40fd86
b52f2f
2fa3b8
039b41
cae36e
4c3fa1
c2dd27
0fa4b1
25bbd8
b78193
4741d3
de0bb2
ec04a6
400d56
b3cf59
32a3a3
008b2f
cc939b
4cbf6c
c06d45
12d4af
238bb4
b801c0
48c1a6
db0bc4
ef04b8
3eed29
b2ff8a
353389
fd8b28
cf03ba
4c7f38
be8d6d
1604a3
207b9d
b941f3
49a175
d81bdf
f264bf
3cad03
b2dfbf
37235e
fa4b30
d173d8
4b9f09
bd3d9b
18c48c
1d8b92
bb2219
4a0143
d5dc01
f574bc
39fce4
b3dfef
388332
f76b46
d453e9
49dee0
bccdcb
1b146d
1a6b92
bd8239
499113
d43c2a
f864ad
375cd2
b52019
394302
f50b63
d763e8
47aebd
bd0df9
1c9445
17cb9f
bfd24c
4840e8
d3bc55
fa9493
346ccb
b6e03b
3912d6
f36b84
da43e1
456ea9
be0e24
1dc420
155bb6
c2f253
46a0ca
d39c81
fc2473
31bcd4
b93050
3872b0
f26bb0
dc63cd
430ea1
bfae42
1db3f4
13abcf
c51252
4480b6
d44ca2
fd544e
2fece4
bba059
36d293
f24bce
dde3b4
40cea5
c17e5a
1d33d1
12ebf0
c71244
4290ad
d59cc2
fd4430
2eacfb
bdb056
35427f
f2ebee
dec394
3eceb2
c38e5f
1be3b8
129c0f
c8722c
4090b0
d72cd4
fce412
2d7d17
bf2048
336277
f3dc09
def379
3d8ec9
c53e5b
1a83ac
12ec2c
c90211
3ed0bc
d8ccd6
fbd3fd
2dbd34
c01033
31a280
f55c12
de535e
3d1ee2
c68e4a
18b3a6
145c3e
c8f1f6
3e00d4
da7cd1
fa03f1
2e4d4c
c0a018
30528c
f71c13
dd334e
3d5efc
c75e35
1773af
15ec48
c801e1
3df0ec
db9cbe
f8a3f4
2f7d5d
c04000
2fa2a5
f88c09
dba345
3e6f11
c75e1f
1603c3
179c43
c6a1d0
3e5107
dc6ca6
f733ff
312d61
bf0fe9
2fc2c2
f9cbf6
d9d34e
3fbf22
c71dfc
1583e1
191c35
c4e1cc
3fa11f
dc4c87
f5d41a
334d5a
bd7fdb
3072e0
fa5bd6
d7d35c
41df26
c5ade7
15a3ff
1a5c1d
c2e1d3
41412f
db6c68
f50434
351d4a
bb6fd8
31d2f9
fa8bb3
d69376
43cf1f
c39dd9
164421
1b0bfb
c0e1e4
43a131
d9fc4c
f5245d
365d2d
b95fdb
33c30f
f9bb91
d5b39c
45ff10
c17dce
17c43c
1b4bd5
bf5200
45e12f
d82c38
f5c481
378d0b
b6efec
361316
f83b6e
d5a3c2
47aef4
beedd4
19d453
1a7baa
be2227
48711e
d57c2d
f764a4
37cce1
b53007
38d312
f5eb57
d603e9
48fec8
bc5de1
1c5465
191b8a
bdb251
4a4100
d2fc2d
f954bf
372cb7
b3a030
3b6306
f36b47
d78412
497e9f
ba1dfc
1f0467
173b68
be227c
4ba0dd
d05c37
fbe4ce
361c8d
b2f059
3d92ea
f0bb46
d9742f
495e73
b8ae24
21c458
14db55
bf52a5
4cc0b4
cddc51
fea4d9
341c6f
b3108b
3f42ca
ee1b4d
dbb447
485e4a
b7ce4c
243442
120b4f
c0f2c7
4ce085
cbfc73
0174cd
31cc56
b3e0b2
40629f
eb8b5f
de444e
46be24
b79e79
261427
0f5b52
c322df
4bf05b
cacc99
03d4be
2f7c49
b570d3
40a278
e9bb7c
e1144e
447e0e
b82ea0
2753fd
0ceb5f
c592ef
4a903a
ca9cc2
05e4a4
2cec4c
b750ee
40324f
e87ba4
e38440
424e01
b92ec3
27d3d9
0aeb7f
c822ec
48a01c
cafceb
070482
2a4c58
b9d0fe
3ef22b
e7cbc7
e58429
3fcdff
bb4edb
2783b3
09ab9d
ca72e4
46800f
cbfd0b
07845c
287c6c
bc0101
3d3211
e84bed
e6c407
3d7e0b
bd3eed
269392
091bc1
cc42cc
44400d
cdbd23
072435
273c90
be50f4
3b3206
e94c0c
e723e5
3bde21
bf9eec
24d37a
095be5
cd52b0
421015
cffd30
063419
26bcb1
bff0e0
38c202
eadc23
e6c3c1
3a9e3e
c1aee4
22b36b
0a7c05
cdf289
40502e
d21d2f
04b402
273cd4
c100c0
37020c
ecdc31
e5c3a6
3a5e60
c34ece
208369
0bfc1a
cdb26b
3f604b
d3bd28
02a3fa
282cec
c1709f
355226
eeec2f
e4338e
3a9e81
c44eb1
1ea377
0e1c24
cc824d
3f106c
d56d12
00a3f6
29dd05
c0f07e
346241
f0ec21
e24383
3bce9a
c49e8f
1d1390
102c20
cac236
3fa08f
d66cf1
fe9406
2bdd0d
bfd061
342262
f29c0b
e01385
3d8eb2
c40e6c
1c23ac
123c13
c8922f
40b0ac
d68ccf
fd041b
2e0d0d
be004a
34c286
f36bed
ddd393
3f9ebd
c2ee4d
1bc3d2
13dbfc
c6822f
4280c1
d63cab
fbf43a
304cfe
bbe040
35f2a2
f40bc7
dc43ac
41eebc
c11e35
1c33f3
14fbdd
c4323c
44b0cd
d53c8c
fb8464
31fce6
b9803f
37a2ba
f38ba4
db13cc
444ead
beee2a
1d6415
155bb7
c27256
4700ce
d33c74
fbf485
333cc4
b7604d
39c2c9
f24b83
daa3f1
45ce99
bc7e28
1f342f
14db90
c13276
4940bf
d11c64
fd14a7
33dca3
b59067
3c12cd
f06b67
db0418
471e74
ba3e36
21743c
13eb71
c0c299
4af0ab
ce7c64
fec4c1
337c7b
b44084
3e72c0
ee2b58
dc143c
47fe52
b86e4a
23b441
122b55
c112c4
4c808a
cc5c6b
00f4d2
325c59
b380a8
4022ab
ebfb55
ddd456
47be2a
b6ee69
264435
101b46
c202e4
4d0064
ca4c84
0344d8
308c3c
b3b0d0
42028a
e97b60
dfb464
46de07
b64e92
281422
0d9b42
c3a301
4d303e
c8fca1
05a4cf
2e9c28
b490f5
428269
e7ab74
e2246a
450dec
b63eb6
299404
0b3b48
c5b30f
4c401f
c85cc4
07b4bb
2c3c28
b6210d
427240
e64b90
e47460
42eddb
b71ed9
2a33de
096b5c
c7f313
4a8003
c84ce9
09349c
29fc2f
b83120
41721e
e57bb5
e6a451
407dd2
b8fef2
2a43ba
080b77
ca730e
489fef
c92d12
09c478
281c3f
ba9126
400205
e56bda
e7f430
3e4dde
badf08
293396
072b9d
cc32f9
464fea
ca9d2a
09b451
267c60
bcf11d
3df1f3
e67bfd
e8a40d
3c4df4
bd5f0c
27b37a
070bc2
cda2de
43dff5
cccd3d
08e42f
25dc81
bef10b
3b81e9
e81c19
e8d3ea
3aee0b
bf6f03
258367
081be7
ce92b8
41c005
cf4d42
076413
25bcab
c090ec
3931f1
ea1c31
e7c3c3
3a3e32
c1aeed
23235d
098c07
ce9291
403026
d1bd3e
051400
26acd0
c130c8
371205
ec6c35
e643a4
3a0e5a
c31ecf
20e369
0bec19
cdb26e
3f4048
d3dd29
02d3f8
282cf0
c0f0a0
357223
ef0c2f
e4138d
3a9e80
c43eac
1e9376
0e3c23
cc224a
3f2071
d56d08
0053f8
2a2d07
c0c078
346248
f14c1f
e1b385
3c3ea1
c47e83
1ce394
10cc1f
ca0234
3fe096
d6cce7
fe140b
2c9d11
bf3058
33d26f
f30c04
df4387
3e1ebb
c3fe5f
1b83b8
130c11
c7b22b
4120bb
d6ecbd
fc4423
2f1d0e
bd4043
348295
f43bde
dcf395
40bec6
c29e3d
1b23e0
14cbf6
c5922b
4300d1
d69c99
fb044a
317d03
bb2032
35d2b9
f48bba
db03ae
42eeca
c0be20
1bb406
15ebd5
c30237
4520df
d55c79
fa746c
333ce9
b86032
3772d2
f44b90
d9d3d0
452ebc
beae13
1cc423
168bb0
c1124b
47a0e1
d3bc5e
fa9494
348cc9
b6703d
39e2e1
f30b71
d963f4
470ea6
bc4e13
1e8443
163b8c
bfe26a
49d0d8
d18c51
fbc4b4
352ca5
b4d051
3c02e2
f19b58
d96415
484e82
ba2e21
20844d
153b6c
bf728d
4b80c3
cf6c50
fd54c7
34ac86
b37070
3de2d6
efab4c
daa434
48de63
b88e33
22a44f
13ab55
bfe2b1
4ca0a1
cd4c5c
ff84d4
33bc68
b3208f
3fe2c3
ed7b4f
dc144a
485e43
b75e52
24b444
11cb49
c102cb
4cf084
cbbc71
0174d9
320c50
b3b0b1
40c2a5
eb9b5c
de4454
476e27
b73e6f
25f42e
0fbb4a
c262e0
4c9064
cadc8c
0364c6
302c46
b4b0c9
40c284
ea2b6e
e03454
458e14
b7de90
27340d
0dbb5b
c4a2e9
4b4045
ca8cae
04e4b0
2dec49
b690e2
40525f
e93b92
e22444
438e0e
b91eac
2743eb
0c2b75
c6c2e6
495033
cb6cd2
05c492
2c0c5c
b8c0e7
3ec246
e8fbb2
e3842a
413e10
babec4
2673ca
0b5b92
c8e2d7
472029
cc9cef
05d467
2a4c77
bb10e2
3d1231
e99bda
e4b406
3f0e21
bd5ecc
2503a9
0b1bb7
ca72b7
44a02e
cead06
052442
297c9e
bd30d2
3aa227
eb1bfa
e4f3de
3d4e3a
bfaec8
233392
0b9be2
cb9296
428040
d10d0e
03b423
291cc3
bee0b4
37f22a
ed4c10
e413b7
3c1e63
c20eb5
206388
0d7c06
cbb267
40605d
d3cd0f
019409
295ced
c04094
35a238
efdc22
e2c393
3b6e8d
c43e99
1de386
0f6c20
cbb23f
3f3085
d66cff
fef3fa
2afd13
c0e066
336254
f29c22
e0d373
3c1eb7
c5ae74
1b4397
120c34
ca4217
3e70af
d8cce8
fc53f3
2cfd34
c0803b
31a279
f54c18
de4360
3d4ee3
c66e4c
18d3ac
14bc37
c861f7
3e80da
da5cc1
f9a400
2f7d49
bfb011
30d2a4
f7abff
dbd35c
3edf02
c66e20
1703cf
174c31
c5d1e1
3fa102
db3c98
f75413
321d50
bdefec
30c2ce
f9bbde
d8e361
411f1b
c59df9
15c3f6
19cc1d
c351d6
413124
db7c6d
f58433
349d4e
bb9fd7
3192f9
fa6bbc
d68371
43cf26
c40dd3
15c41e
1b8c01
c0c1db
43413c
daec48
f45457
36cd3c
b95fc8
32e319
fabb91
d4c38b
460f23
c25dbc
165445
1cbbdd
be61ec
45a14c
d9ac28
f3f47b
38dd22
b6efcc
34a32f
fa6b6b
d3d3ad
488f15
bffdb1
177463
1cebbb
bce202
47b146
d7ec11
f4349d
39ed02
b50fda
36b33b
f94b50
d363d0
49ceff
bdedb2
19447b
1c7b9c
bbe21f
49813c
d5cc07
f584b8
39fce1
b3afee
38d337
f78b3d
d3f3ee
4aeee5
bc2dbb
1b1481
1b8b7e
bbd241
4b1125
d3ec09
f724ca
399cc6
b2b00b
3a732a
f5ab35
d52405
4acec2
bacdd8
1cf47c
19cb6d
bc5257
4b8108
d22c1a
f914d5
383cac
b2b02a
3b9312
f3db3c
d6b414
4a1ea7
ba2df1
1ec46e
181b6a
bd8272
4b90e9
d0cc32
faf4cc
365c9d
b39049
3c32f4
f24b4a
d88416
48ae93
ba4e12
1fc44f
160b75
bf827e
4a90ce
d0cc51
fc84b5
349ca1
b4f05d
3b92d1
f15b69
daa40c
46be83
bb5e2e
203430
145b8c
c1a27c
4910b6
d12c73
fdc499
325cac
b71069
3af2b7
f0ab8b
dc33f3
449e87
bd3e44
1fc40e
136bae
c3b270
46d0aa
d23c96
fdd473
30bcc4
b99063
3902a0
f14bb2
dd83d5
424e92
bf4e4f
1e83ec
12fbd1
c5925a
4460ab
d45cae
fd644c
2f8ce8
bbd057
367293
f25bd2
dde3aa
404ead
c1fe52
1c43d2
135bfa
c70233
4200bc
d6bcba
fc2427
2f2d13
bda03e
33b28c
f45bf3
dd9382
3eded2
c49e48
19e3bf
147c20
c78208
3f70d4
d96cbf
fa040a
2f0d3d
bf701a
31329b
f6cc06
dc6355
3e0efc
c72e2e
1703bb
165c43
c781dc
3de0f7
dc3cb7
f7d3ee
303d65
c09fef
2ec2b1
f9dc0c
daa332
3def2e
c8fe07
1423c1
18ec5b
c6b1ad
3cc126
decc9f
f4c3e7
321d8b
c0cfc0
2ca2d1
fccc0b
d81319
3edf58
ca2ddf
1183d4
1bdc68
c53187
3c314f
e0dc7f
f1f3e9
342da7
c02f94
2b32fb
ff8bf5
d56309
405f81
cabdb4
0f63f2
1eac6a
c2b16b
3ce17f
e26c56
ef53f8
36edba
bedf6a
2ac329
01abdb
d2b306
428f9e
ca4d87
0de419
215c5b
c04158
3e01a5
e30c2e
ed1412
395dbb
bcef4c
2ae354
035bb8
cff311
44bfb1
c93d5c
0d3442
237c44
bdb156
3ff1c4
e2dc09
eb8432
3c1db3
ba8f3b
2bc376
041b92
cdf328
473fb2
c7cd41
0d1466
24dc25
bb415a
41e1d6
e1cbe0
eab455
3e2da0
b83f33
2d8395
03fb6d
cc6349
49bfae
c58d30
0e048a
25bc04
b9616f
4461dc
e08bc6
eab47a
3f5d82
b5ff3a
2f53a6
035b4f
cbb364
4b2f9b
c38d29
0f84a2
25cbe1
b8118a
4621d1
deabb7
eb749a
401d67
b46f4b
3193aa
01cb34
cbe384
4c6f86
c18d33
1114b1
24ebc9
b761a5
47f1c4
dccbb4
ecc4ac
3fdd47
b32f64
3313a1
000b2a
ccc39f
4cff66
c01d44
1304af
237bb5
b7d1c3
48b1a6
db1bbe
eeb4b8
3f0d2d
b2ef85
34a38d
fe4b29
ce23af
4c7f4a
bf2d60
14d4a4
21dba9
b911dc
48f18a
da1bd6
f064b5
3d5d20
b3af9e
352371
fc8b39
d043b8
4b3f32
bf2d7f
15c48e
1fbbb0
ba91ed
48116e
d94bf4
f244a5
3b6d1b
b4efb7
351351
fb4b54
d203b1
496f20
c01d9d
16c46c
1dfbc0
bcb1ef
46d156
d95c16
f38487
393d23
b70fc3
343331
fabb72
d3e39e
474f20
c18db8
16844b
1cbbe0
bee1e8
44c144
da0c34
f43466
375d35
b92fc9
328316
faeb9a
d5637d
44ff27
c3ddc7
159424
1bec04
c111d3
421141
dbdc52
f4143c
35dd58
bbdfc4
3072ff
fbdbbd
d62359
427f3e
c65dcd
13b409
1c2c2c
c291b0
3f814a
de3c69
f32417
34ed7d
be0faa
2dc2f9
fd8bdf
d6432a
40ef61
c90dc7
1163ef
1cdc59
c3a187
3d215c
e0ec72
f173ef
34bdaa
bfef8f
2b22fe
ffdbfb
d55301
3fdf88
cb8db5
0ed3e3
1e8c7c
c3c156
3b2180
e3cc6f
ef03d5
358dd8
c12f61
283311
02ac0d
d3d2d9
3effb6
cdbd95
0bc3e4
20bc9d
c3512a
39a1a8
e67c5f
ec73c3
36be00
c1df34
26032f
058c0b
d1b2b9
3f9fe2
cf2d6c
0903f1
23acb0
c22100
3911d4
e8ec44
e9a3be
38fe21
c1af08
246356
08ac01
cf22a1
40a010
d05d41
06940b
265cb3
c040e0
38f1ff
eafc21
e693c9
3b4e38
c09edc
234380
0adbe7
cc629c
42b033
d06d15
04d42d
28fcae
bde0c9
39f228
eb9bf3
e463dd
3e1e41
bedeb8
2303aa
0ccbca
c9a2a3
44b04b
cf7cee
03d456
2b3c9a
bb50be
3b424b
ebebcf
e283fc
407e3d
bccea3
23e3d2
0dcba4
c742b3
471054
ce0cd0
03747a
2d4c7f
b8d0bf
3d4264
eb7bac
e1741b
42de2d
ba8e98
2543f0
0e1b80
c5e2cc
49704f
cc6cb6
04049f
2e0c5f
b6d0d2
3fa26b
e9db8c
e10440
446e15
b88e9b
272404
0d8b5f
c4c2eb
4b6044
ca6cac
0514bc
2e6c3e
b550e7
41826b
e85b78
e1c461
451df6
b6aead
28e40a
0c7b47
c4c30c
4cf02a
c84cb2
06d4ca
2dcc20
b4a104
43625b
e69b71
e2f47a
455dd7
b54ec0
2ab408
0a9b36
c52326
4d700e
c6acc0
08b4cf
2c5c0a
b4e124
44b241
e48b77
e4b487
448dbb
b4bee0
2c73f6
08ab35
c6a33e
4d2ff0
c56cdb
0a94c3
2aabfd
b5913d
44f225
e31b8c
e6a488
430da7
b52efd
2d53d9
06eb3e
c88348
4c5fd5
c54cf8
0c14b2
28abfd
b73152
447204
e21baa
e8647e
410da1
b61f17
2da3bb
058b54
cac345
4abfc1
c59d18
0d0494
26bc0b
b9315c
4351e8
e1cbca
ea2469
3ecda3
b7ff2b
2d039a
046b74
ccb338
488fb7
c70d38
0d046f
252c25
bb9157
4171d4
e28bec
eb0443
3cbdb0
ba2f37
2bc376
042b9c
ce631d
45efbb
c8ed4e
0c844c
23ec46
bdb14c
3f21c9
e3ec10
eb1419
3aedca
bccf34
29e362
04bbbf
cf82fb
43afca
cb3d5d
0b3427
23ac6f
bfa12e
3ca1ca
e5ec2a
eac3f0
39cdf1
bf3f27
275351
063be8
cfe2cc
41afe4
ce0d5a
09140b
243c9a
c0f10a
39f1d9
e82c39
e933ce
393e1a
c17f0c
249353
081c03
cfa2a1
403009
d0cd4f
0683fa
257cc0
c1c0df
37a1f3
eb3c3f
e753ae
395e49
c32ee5
21b35d
0aac17
cea27a
3f6036
d31d35
03e3f5
274ce6
c180ae
360218
ee0c35
e4f398
3a6e73
c3deb7
1f3372
0d5c20
ccb258
3f2060
d4cd14
0113fd
297cfb
c0c087
34d241
f09c1f
e2338d
3c2e93
c40e8d
1d7395
104c1a
ca623e
40308f
d61ceb
fe740e
2c3d06
bf1063
34a26d
f27bff
df9391
3e4eac
c38e66
1c53be
12dc07
c7f234
41a0b2
d65cc1
fc9430
2eed00
bd2048
352294
f39bdb
dd13a0
40cebb
c21e3f
1bf3e4
147bea
c51235
43a0cd
d5dc96
fb3451
317cf5
ba903b
3652ba
f3fbaf
db23ba
435ebf
c03e25
1c340b
15dbcb
c2e242
45e0d6
d4ac72
fae477
334cdc
b83039
3852d3
f3ab89
d9c3dc
45beaf
bdde18
1d5430
164ba3
c0d259
4810dc
d2bc5c
fb449d
347cbe
b60044
3a62df
f2ab6d
d943ff
474e98
bb9e1b
1f1443
15eb81
bfe278
4a40ce
d0ac51
fc74ba
350c9c
b4705e
3ca2df
f0db55
d9d421
485e7c
b9ae22
21044d
14db65
bf6299
4bd0b8
ceac50
fe24cf
348c77
b3607a
3e92d0
eedb49
db043d
48be5b
b81e3a
23444e
132b50
c022bb
4cc09b
ccdc5d
0014d6
334c5e
b3209a
3ff2ba
eceb54
dcc450
47fe3a
b73e5b
253440
112b47
c162d3
4cf079
cb8c78
0204d0
318c4f
b3b0ba
40e29a
eb2b5f
de9454
46de22
b74e7c
268425
0f3b4e
c342e4
4c405c
cabc97
03d4c1
2f7c48
b520d3
40d27a
e9bb79
e0d44f
451e11
b84e9b
270408
0d6b61
c542e9
4ac040
cafcba
0514a6
2d4c4e
b700e3
3fd257
e91b9c
e2c43b
42ce0e
b96eb5
2703e1
0bfb80
c792df
48f031
cbccd9
05b481
2b5c65
b940e9
3e723c
e94bc1
e4241b
405e15
bbbec5
2623bf
0b2ba2
c972cd
462029
cd4cf7
05b45d
2a2c7f
bbf0e2
3c222c
ea2be6
e4c3fa
3e4e29
be4eca
2473a3
0b5bc9
cae2af
440034
cf7d0b
04f439
291cab
bdc0cd
39c226
ebcc01
e4c3ce
3cce4b
c06ec6
22338d
0c4bec
cbd288
41b045
d1ed11
031417
28eccf
bf70aa
372229
ee2c19
e413a6
3bbe71
c2ceb0
1fb384
0dac0e
cbe25f
3fe066
d48d0c
00f400
2a0cf8
c0d087
34c23f
f0ac20
e26388
3bae9a
c4ee90
1cf389
0ffc29
cb5235
3ed08c
d6fcfa
fe63f5
2b6d1b
c0c05d
330259
f33c1e
e0736f
3c5ec1
c5ce6d
1a8399
126c33
c9b210
3e90b7
d8dcdf
fbb3fa
2d6d34
c06032
318281
f5ac0f
ddd362
3daee8
c65e42
1893b4
153c32
c7d1f5
3f00dd
da5cb9
f98406
2fed45
bee00b
3122aa
f7bbf5
db1360
3f9f00
c5de1b
1753d6
177c27
c571ea
402104
dadc91
f77420
327d46
bd3ff2
3152d2
f8fbd3
d8c36c
41ef12
c4cdf6
16d400
198c0d
c2e1e5
41e120
da5c68
f5d440
350d38
baffe0
32b2f5
f97bad
d6d385
446f14
c2dddd
173425
1afbec
c071ee
44512f
d96c47
f55467
36bd24
b85fe2
349310
f93b84
d573a2
46af08
c0ddcb
18144b
1b8bc7
be9206
469131
d7ac2c
f5b48c
380d06
b63fec
36a321
f84b65
d4c3ca
489ef2
be4dc7
19b461
1b7ba6
bd3225
48f125
d56c1d
f684ab
38ace3
b45001
38e324
f6ab4c
d533ec
49ced5
bc2dd3
1bd46f
1a1b84
bcd248
4aa114
d33c1a
f874c4
385cbc
b3201e
3b1316
f4ab3c
d6440e
4a4eb2
ba8de9
1e0471
185b6d
bd026f
4bd0f1
d13c25
fa84d1
376c9d
b2c041
3cb300
f23b3d
d7f426
49ee8d
b95e0a
20146a
167b5e
be228b
4c40ce
cf6c3f
fcd4d2
35bc85
b33067
3de2e2
f05b49
da1430
48ae6f
b90e2c
21d450
142b5c
bfa2a1
4bd0ab
ce5c5d
fec4c7
339c7a
b41084
3e32c0
ee7b60
dc5431
46fe56
b93e4e
22f42f
120b6d
c1f2aa
4a908d
cdfc82
0094b0
314c7a
b5e09c
3dc29d
ed5b82
de8424
44de4e
ba7e6f
23540d
107b86
c462ae
48f073
ce7ca7
01b491
2efc88
b830a9
3cb27a
ecfba5
e0140b
426e4b
bc7e84
2303e6
0f1ba1
c6a2a2
46c067
cfacc6
025469
2d4c9d
ba70a9
3ac261
ed5bcc
e163ed
404e57
beae96
21f3c4
0edbca
c87286
442067
d16ce1
01b441
2becc0
bcb09a
386254
ee7bef
e203c3
3e7e71
c0de95
2043aa
0f1bf1
c9d26b
41f072
d39cea
00b420
2b4ce7
beb083
362252
f04c06
e1739d
3d2e8f
c33e8a
1dc39d
102c13
ca6245
40108d
d62cf0
fe8407
2bad0c
c01064
33e25c
f29c16
e06377
3c8eb7
c53e73
1b7398
11ec2f
ca121c
3ed0ac
d84ce6
fc93f6
2ced30
c0c03d
321275
f4ec1a
deb361
3cbedf
c68e54
1933a2
143c3d
c8f1f8
3e10d0
da8cd0
fa03f2
2e6d48
c07017
308294
f73c10
dc9350
3ddf01
c74e2b
1703ba
168c43
c721dc
3e30f6
dbacb4
f7b3ff
309d5c
bf7ff1
2fe2bb
f95bfa
da134b
3f5f1e
c72e08
1583d6
18dc36
c531c9
3f411f
dc7c8a
f5c40f
330d60
bdffda
2fe2e0
fadbda
d7f353
416f2c
c63de5
1503fe
1adc25
c2a1c7
410139
dc8c64
f4942f
355d57
bbdfc5
310304
fb6bb8
d5d36a
43ff35
c44dc7
14f426
1c5c05
c091d0
430148
db5c42
f3c456
374d43
b93fc2
32931f
fb5b8f
d46389
468f28
c25db9
161447
1cfbdf
be61e5
45614c
d9bc25
f3e47e
38dd21
b6cfcb
34d331
fa5b6c
d3b3ac
485f13
c00db1
17b463
1cebb7
bd1206
47d143
d7cc14
f4b49f
395cfc
b4efe0
36f331
f89b4e
d3e3d1
498ef8
bd9dbb
19c475
1bfb96
bc7229
49c12f
d55c0e
f674b9
394cd7
b36000
39532c
f67b3e
d4b3f5
4a6ecf
bb5dce
1c447b
1a3b78
bc724e
4b310f
d2fc15
f8b4ce
388cb2
b29022
3b8315
f40b38
d65414
4a6ea9
b9fdef
1eb470
180b67
bd6277
4c20eb
d0ac2f
faf4d5
36cc97
b2f04e
3cf2f8
f19b42
d89426
497e86
b91e15
208460
15ab60
bec295
4c20c5
cf2c49
fd84cf
34bc83
b39073
3df2d2
ef7b55
daf42f
47fe65
b94e3a
22843f
134b65
c0f2a8
4b309e
ce4c6e
ffb4ba
324c7a
b50090
3df2aa
edfb72
dd9428
460e50
b9fe61
23341b
112b7c
c352ab
49a07e
ce4c96
01549d
2fbc7e
b730a5
3d3287
ed0b98
df6415
437e48
bb9e7f
2363f5
0f6b98
c5a2ac
47f06b
ceecbc
02147b
2dcc93
b980a8
3bb268
ecfbbe
e143fc
412e4e
bd8e97
22c3d1
0e7bb7
c7f299
457061
d06cd9
026450
2bfcaf
bbd0aa
39c24f
ed8be1
e243d7
3f0e5e
bfee9f
2183b0
0e4bde
c9827d
431066
d26cf1
01b42e
2b1ccf
be0099
37924b
eedbfe
e263b3
3d3e79
c23e9b
1f339e
0edc03
ca925c
40f073
d48cf8
007412
2b1cf7
bfa080
351249
f0cc16
e1d38e
3c5e96
c42e8a
1d3393
100c22
cab237
3f5090
d69cf6
fe63fc
2b8d13
c0a05f
33425f
f30c21
e04373
3c6ec0
c58e71
1ac399
124c32
ca2215
3e60ad
d8bce6
fc63f5
2ccd35
c0b03b
319277
f53c17
dec35e
3cdee0
c69e52
18e3aa
144c3a
c8c1f9
3e70d4
da1cca
fa53f7
2ecd49
c00018
30d296
f71c08
dc7358
3dfefe
c6be29
1793c3
167c38
c6f1e7
3f00f4
db0ca5
f8240b
30dd4d
becffb
30b2be
f89beb
da435e
403f0e
c5ee0a
16c3e4
186c26
c491e1
404110
dafc86
f6d426
331d46
bccfea
3192dd
f92bcd
d8536e
427f12
c47dee
16b407
19fc09
c261e5
427120
da2c62
f5e449
352d31
ba6fe2
3312fb
f97ba4
d6b38b
44ff0c
c25dda
17642e
1abbe6
c031f9
44d12c
d8ac47
f5f46d
36bd18
b80fec
35330d
f89b7f
d5c3b0
46eef9
bfddd5
19144a
1aebbb
be921b
474122
d6dc31
f6e496
378cf2
b5efff
37b314
f6fb60
d623da
487edc
bd8ddd
1b245f
19db98
bdc23f
49a110
d42c2c
f834b3
37bcca
b4301b
3a430d
f48b4d
d6a400
497eb6
bb0dee
1da469
186b77
bda266
4b40ef
d18c2c
fa74c8
36dca4
b31040
3c82f9
f24b44
d81422
49ae8d
b96e0d
207462
162b5d
be628f
4c60c8
cf2c41
fd04d6
354c7f
b3106d
3e52de
ef8b46
da5439
491e63
b82e31
22b451
139b54
bfa2b1
4c70a1
ccfc60
ffc4d6
336c63
b37096
3fb2b7
ed2b57
dce446
476e3f
b7be5b
24e437
10eb54
c1f2cf
4c2074
cbbc84
0234c6
30ec57
b4b0be
40428e
eb3b6f
df6449
45be23
b81e85
264411
0e6b61
c462de
4af051
cb3caa
0444ab
2e3c52
b670d6
3fd266
e99b93
e1e43d
436e12
b94eaa
26d3ec
0c6b7b
c6f2df
491036
cb6cd3
05c489
2bbc5f
b8f0e9
3ec240
e92bba
e40428
40be11
bb2ecb
2693c0
0b0b9b
c932d6
46c022
cc9cf7
069462
298c74
bb30ec
3d2227
e94bdd
e5a405
3e9e17
bd1ed8
2593a1
0a4bba
cb52c5
44601f
ce3d12
06143e
283c93
bda0e5
3b1216
ea2c05
e5f3e3
3c8e2c
bf6edc
242384
0a6be3
ccb2a6
425026
d04d24
05741e
27bcb4
bf70cf
38a210
eb8c1c
e5f3c1
3b1e47
c1aed5
223377
0b3c03
cd4286
40803c
d25d26
03e406
27ccda
c0e0b4
36b21b
ed5c2b
e5339e
3a8e68
c38ebf
201372
0cbc16
cd1261
3f4057
d44d1c
01e3f5
28ccf5
c12095
35122e
ef6c2c
e3938c
3b0e89
c45ea5
1e137f
0ebc23
cc0246
3ef077
d5dd07
ffe3f9
2a3d0a
c0f078
33e24b
f17c23
e1c380
3bdea6
c4ce86
1c7391
10bc24
ca822e
3f609a
d6ccef
fe0405
2c4d14
bfc059
33a268
f33c09
dfa380
3daeb9
c45e63
1b93b1
129c19
c88229
40a0b6
d73cca
fc7419
2e7d14
be2045
34428c
f3fbed
dda38f
3fbec5
c32e48
1b83d4
141c00
c6522b
4240c6
d67cab
fb943b
306d03
bc003c
3572a8
f3fbc5
dc03ab
420ebb
c12e34
1c33f8
154bdd
c4423b
4490d2
d54c8c
fb7461
31ece5
b99040
3792bc
f36ba6
db53cc
43eeae
befe2a
1da415
153bb7
c29256
46f0c9
d32c74
fc4484
32fcc4
b76051
3a02c8
f21b81
db03f3
45ee90
bc4e31
1f842b
149b90
c1927d
4970b7
d0cc68
fd94a8
332c99
b58071
3ca2c2
efcb6d
db941d
471e6b
b9fe42
222439
133b6c
c172a7
4b509f
cdec6f
ffb4c0
329c6f
b42095
3f22b3
ed2b5e
dd1442
475e42
b7de5f
24e438
10eb50
c1b2d3
4ca076
cb5c7d
0264d2
315c4a
b3b0c4
415292
ea7b5d
df2460
471e12
b65e83
278428
0e5b3e
c322fb
4d4047
c91c98
0514d4
2f4c28
b400ee
42c270
e7cb6a
e1b472
45cdec
b59eae
29d40f
0b8b3a
c4e31a
4ce01b
c76cbb
07e4ca
2cac19
b4f11a
43a246
e53b80
e4947b
43fdcd
b5aedf
2b93ea
08eb43
c78331
4c2fef
c69cea
0a74b2
29fc0e
b6b13a
43c21a
e3aba3
e75472
419db3
b69f05
2ca3c1
063b58
ca2339
4a7fce
c66d12
0c2494
273c10
b93151
42f1f2
e25bc8
e99461
3f0da7
b80f29
2ca399
049b73
cc7337
485fbd
c70d38
0d546d
24ec25
bbb15b
4181ce
e22bf2
eb9445
3c5dab
ba3f40
2c3372
037b9b
ced325
460fae
c85d5a
0db446
235c3e
be415a
3fa1b6
e2cc1b
ec9420
3a5db8
bc5f4c
2b0351
031bbf
d0b30b
43afad
ca5d71
0d4424
223c5f
c0014d
3d61ae
e3ec36
ecd3f9
387dd2
beaf49
29433a
039be2
d1c2f0
41bfbd
cc6d7e
0bf405
21cc84
c1b136
3b51ad
e59c4b
ec73e0
37cdef
c0af3f
276334
049bfc
d202cc
406fd0
ce4d76
0a43f2
221ca2
c25117
3971bd
e7ac55
eb53c4
378e0c
c1ef27
253335
067c0e
d162b0
3f6ff2
cffd6b
0893ed
23acb6
c250fa
3831d3
e94c4d
e993b5
385e2c
c2af07
23a349
084c11
cfe296
3fa00f
d10d52
0663f3
255cc5
c1e0e0
37c1f1
eb1c3c
e7b3b3
397e3e
c25ee9
228360
0a1c08
ce228d
405029
d1ad31
04d408
272cc7
c060c7
37e20e
ec3c22
e593bc
3b5e4c
c12ecb
224381
0bbbf6
cc028d
42103f
d13d13
03e423
294cbd
be40bc
39122e
ec8bfe
e433d0
3d8e4b
bfaeb6
2273a2
0cabd6
c9f29a
44404b
d02cf7
03a449
2aeca5
bbf0be
3aa242
ebfbdc
e303f6
3f9e3c
bd7ead
23f3c0
0d2bb0
c882b3
465047
ce3cde
04446b
2bdc82
b9e0cc
3d2250
eabbbc
e29418
41ae24
bb0eb1
25d3da
0c6b89
c762d6
48d03b
cbacd2
05b490
2c5c59
b800e7
3fb24e
e87ba2
e32442
42ddff
b89ebc
2853e7
0b2b67
c6c302
4ae01f
c8ecd0
0774ac
2bcc30
b6910e
426240
e5fb8e
e4646a
439dd6
b64ed8
2b13ea
090b47
c7332a
4c6ff8
c66cdc
0a14be
2a9c02
b5e138
449225
e34b8d
e67485
433da4
b4ceff
2dd3dd
066b32
c85354
4d5fcf
c3ecf5
0d04c4
28abe5
b6016b
4691fe
e04b95
e924a0
423d7b
b3cf2c
3053c9
03bb2a
ca3378
4d3f9c
c23d1d
0fd4bc
261bcc
b6e195
4771d5
ddcbac
ec24aa
405d54
b38f57
3263a3
00eb31
cca393
4c6f71
c0cd46
12a4a7
238bbd
b891bc
47e1a7
dbebcd
eed4a6
3e1d3b
b43f83
33b37c
fe0b42
cf63a2
4aef4b
c08d72
14b48b
207bbf
baa1d6
47417b
da3bf3
f16495
3b4d2a
b5cfac
34534f
fbeb5b
d223a3
489f2a
c0ed9f
163465
1e0bcc
bd71ea
461155
d9ac1f
f3947c
38bd2a
b7afcc
33f327
fa8b80
d4a396
466f1c
c20dc3
16b43c
1bdbe3
c001eb
441136
da0c46
f5145b
364d36
b9efda
32e301
f9eba8
d69382
43ff13
c3ade1
167413
1a5c04
c221e4
421128
dacc6b
f5d436
344d47
bc3fdd
3162e7
f9ebce
d82363
41cf20
c5cdf0
1593f3
19ac2b
c411ce
3fe123
dc7c83
f5b413
32ed65
be5fda
2f22d9
fadbea
d8a342
401f33
c7edf4
1423db
19ec4a
c551b5
3de12b
de2c8f
f4d3f8
328d82
bfffc4
2d82d6
fc1c02
d86324
3eff4c
c9bdeb
1263d2
1abc63
c58196
3c813c
e03c91
f383e2
32dd9f
c0cfa9
2bc2df
fe0c09
d77309
3ecf6a
cb1dd5
1083d1
1c6c77
c52178
3bb157
e1ec81
f1c3dc
341db6
c10f8e
2a32f3
ffac02
d5e2fa
3f4f86
cbcdb8
0ef3dd
1e1c79
c41163
3bb176
e2ec6a
ef73e1
35adc6
c04f6f
29d316
016bf4
d3e2f5
409f9c
cb8d9a
0de3fb
201c6f
c22153
3c8193
e37c50
ee23f3
37adca
bedf5a
29f331
02abda
d1f302
427fa8
ca8d7d
0d441a
21ec5e
c02155
3e01a9
e32c2e
ed1411
397dbe
bcaf4c
2af353
02fbb9
d05315
44dfa9
c90d6a
0d943d
22cc41
bdd15f
4021b5
e21c0a
ec6437
3b5da4
ba6f4d
2ce36b
02db93
cee336
46efa0
c6ad58
0ee45e
236c17
bc0178
42c1b8
e03bf1
ecc45e
3ccd84
b80f57
2f3379
01ab70
ce5362
491f84
c42d57
10c47d
232bf0
ba719b
4531ac
dddbe3
ee1484
3d7d5b
b5df74
32137e
ff8b4e
ceb38c
4acf64
c16d5e
133492
21ebc5
b9d1c2
477192
dafbd9
efd4a9
3d7d2b
b40f95
34d376
fd4b3b
cfc3b6
4b9f34
bf0d78
161498
201ba1
b9a1f3
499170
d81be4
f274bc
3c7cff
b2afc4
37735f
fa1b2f
d193da
4b9f06
bcdd9b
193495
1d9b83
ba9220
4aa145
d55bf6
f564ca
3abcd7
b2afef
39733d
f71b34
d3b3fa
4b5ed6
bb7dc6
1bf480
1abb7a
bc424c
4b0116
d31c17
f844c8
382cb8
b34022
3b4314
f43b40
d6d409
49cead
bafdf3
1e3462
17bb76
be326c
4ab0e5
d15c3d
fb04bd
359ca4
b4704f
3bf2e6
f1fb5e
d9940c
47ae8d
bb0e22
20143f
150b84
c0f27f
4990bc
d0ac6b
fd84a2
32dc9e
b6606f
3b82b6
f00b80
dc9405
454e77
bc2e49
20c416
12ab9a
c3c288
47e098
d09c96
ff3485
306ca9
b8a081
3af28f
ef2ba6
deb3f0
429e70
bdee6d
20e3eb
10dbb7
c63282
459084
d16cbb
00445d
2dfcbb
bb308c
394273
ef2bd0
e043d1
404e71
bfde82
2023c6
0febd9
c84270
43907c
d2ccd9
007437
2c4cd7
bd6086
37625e
efebf3
e123b0
3e4e86
c1ce87
1eb3a9
0fcbfd
c9b256
413082
d4acec
ffd416
2b9cf3
bf3077
353256
f10c0d
e13392
3d0e9c
c3de83
1d4398
109c1a
ca7238
3f8092
d68cf0
fe63ff
2bbd13
c0505d
33825d
f2ec18
e09377
3c4eba
c57e72
1b5393
120c33
ca421b
3e70ab
d83ce8
fce3f7
2c6d2e
c0e042
31d26f
f49c1b
df4363
3cbed5
c64e59
19b3a2
136c38
c97204
3e30c6
d99cd6
fb03f7
2dad41
c04025
311288
f65c0f
dd7358
3daeec
c67e40
1853b8
153c38
c7b1f3
3ed0df
da4cbb
f98405
2fad44
bf200e
3132a7
f76bf9
db9360
3f5efb
c5be20
17c3d5
170c27
c601f0
4040fb
da2c9b
f8241d
31bd3e
bd3002
3212c4
f7ebda
d9b374
413efd
c45e09
17f3f5
185c0b
c3c1f9
426109
d94c79
f7943e
339d28
bb1001
3382de
f7bbb5
d89392
439ef6
c22df7
18f416
18cbe5
c1a20c
44910c
d78c60
f7d469
34dd08
b8c005
35e2f1
f6cb91
d803b8
45bee0
bfadf7
1ac433
187bbd
c0622e
473103
d52c4e
f8d48f
35acde
b6a022
3892f3
f4eb72
d803df
474ec0
bd2dfe
1d4446
17ab93
bfa259
4980e9
d29c46
fab4ac
359cb2
b4b045
3b52ea
f28b5b
d9040f
482e93
ba8e17
1ff450
159b6f
bf7289
4b40c3
cf7c4f
fd44c8
349c87
b3b06f
3df2d6
ef7b51
dad433
488e62
b88e39
23044d
134b56
c032b8
4cb099
ccec66
0024d4
331c60
b3509d
4042b1
ec6b53
dd3454
47fe31
b71e60
25d43a
105b44
c1b2e3
4d3069
caac81
0324d5
30ac3d
b3f0cf
41d289
e98b60
e01467
464e04
b64e94
28241b
0d4b45
c3e302
4cd039
c8bcae
0664c5
2dec2e
b510fd
42825b
e70b7c
e30469
444de2
b66ec6
2a13f6
0a6b4d
c6c319
4ba009
c7ecd6
08d4af
2b0c21
b6e11d
42822e
e53ba0
e61464
41bdcc
b77eef
2b13cb
07ab63
c98322
49dfe8
c7ed04
0ab48e
286c27
b9513b
41e203
e42bcb
e8544d
3f1dc0
b93f14
2b339e
05fb81
cc231f
47bfcd
c85d31
0bc466
25dc3a
bbf143
4051dd
e3ebf2
ea4431
3c9dc4
baff2d
2ad377
04aba5
ce9313
453fc3
c9dd52
0c0442
23ec57
be5143
3e51c5
e43c1a
eb6412
3a5dd0
bd5f36
297355
045bc9
d002f6
42efc6
cb7d65
0b841b
22ec74
c05133
3c61bc
e58c35
ec03eb
38bdea
bf8f39
27c342
04ebe9
d112d9
414fd1
cd8d70
0a8403
22dc93
c1d11f
3a31bf
e6fc49
eb63d0
380e03
c14f2c
25f33c
05fc05
d152b9
3fcfe9
cf6d6d
0913f0
234cad
c27104
38b1cb
e8ec4c
ea03ba
380e21
c26f10
245342
07bc10
d082a1
3f8004
d0bd5c
0753ec
244cc2
c250e7
37c1e5
ea9c43
e853ae
38ce38
c28ef6
22f353
096c10
cf628f
3fb01f
d1ad43
05a3f9
262ccd
c170cf
37a200
ebdc32
e6a3b5
3a2e4a
c22edc
21f36d
0aec04
cd5288
40d034
d1cd25
04640e
27fcc9
bf90bf
38121e
ec8c16
e503c1
3c2e4b
c0fec6
21f38b
0c5bec
cba28f
429043
d0fd06
03d42f
29acb5
bdb0bd
399235
ec7bf1
e393de
3e3e48
beeeb3
22f3ac
0cebca
c992a4
44e049
cf6cf0
03f458
2b3c96
bb70c4
3ba243
eb6bd1
e30402
405e30
bcbeb4
24e3c7
0cbba5
c862c3
47603f
cd2cdd
04f479
2b9c73
b940db
3e2248
e99bb1
e3542b
41ee0b
ba3ebb
2713de
0bab7a
c782ea
498028
ca7cd6
06c49b
2bac44
b790fe
411242
e71b9d
e3f456
42dde7
b77ece
29a3e6
09bb57
c7331a
4b7004
c79cdc
0924b3
2b1c17
b68129
43822a
e43b92
e5f47b
430db8
b58ef4
2d03df
076b3e
c81348
4cbfda
c4ccf3
0c24bd
292bef
b63159
45d209
e12b94
e88498
424d85
b41f22
2fd3cd
047b2c
c9b373
4d2fa9
c29d12
0f44be
26ebce
b6b18c
4781e1
de3ba7
eb64ab
40bd58
b38f51
3223ad
014b2b
cc0394
4cef75
c0cd3d
1254af
23cbba
b7f1bb
4811ae
dbabbf
ee94af
3ead33
b36f81
344386
fe3b35
cee3ac
4bbf47
bfcd6a
14f496
20cbb5
ba01e2
48317c
d98be9
f1a4a6
3c0d1a
b49fb2
35635a
fb7b4a
d1b3b6
49cf1f
bf7d9b
172476
1dbbb4
bc71fb
479151
d83c15
f42493
391d0f
b65fd9
359328
f96b6e
d493b6
479f05
c03dc8
18544b
1b0bc9
bf2209
45e128
d7ec41
f67476
366d13
b83ff6
3502fd
f80b94
d743a3
44fef7
c16def
18e422
194be5
c1e20b
44110c
d86c68
f79452
33fd20
bab003
33c2dd
f78bb8
d9238b
42aef7
c34e07
1873fa
17ec03
c421fc
41a0fe
d96c88
f8242f
323d35
bd0004
3252c3
f7dbda
da436d
409efd
c56e16
1763db
178c25
c5b1e7
3fd0fe
dafc9f
f8040c
311d52
bedffb
3042b6
f8cbf7
dad34e
3eff17
c74e12
15d3c8
17cc44
c671cc
3df109
dccca8
f6f3f4
30ed6e
c04fe5
2e82ba
fa1c09
da2332
3e4f2f
c8de07
1453c4
18fc5a
c6b1b2
3d011d
de6ca6
f573e5
316d86
c0afce
2d12ca
fc0c0e
d9231f
3e6f4b
c9edf0
12a3c9
1a7c64
c5e19b
3c8135
dfbc96
f3c3e8
32bd98
c06fb3
2c42e1
fd6c01
d76319
3f4f5d
ca0dd7
1193db
1c1c60
c4918c
3cf151
e06c78
f203f5
346d9d
bf5f9a
2c42fa
febbeb
d5c31d
40ef6e
c93dbc
10c3f8
1dbc52
c28189
3e3168
e05c5a
f1040a
367d95
bd9f8d
2d131b
ff3bce
d4132e
42df74
c80da5
10f41c
1eec37
c0718f
403178
df6c3c
f0642f
383d83
bb4f88
2e7333
feeba9
d2a34d
453f66
c60d93
12143c
1f8c12
be71a3
42917b
ddac21
f09454
397d62
b8ef95
30e347
fe0b85
d1d376
473f4e
c35d8f
13c45c
1f4be6
bce1cb
453171
db6c0e
f19480
3a6d38
b68fa9
33a349
fc0b62
d203a0
490f2e
c06d98
165475
1e5bbc
bc31f6
47d15b
d87c01
f384a4
3a6d07
b4bfcd
36b344
f9cb4c
d2f3d0
4a5f01
bdcdae
19547e
1c9b94
bb9227
4a0133
d58c08
f634bf
39acd7
b34ffa
39732f
f66b3b
d4e3f8
4acecf
bb7dd2
1c647b
19fb72
bc5257
4b710a
d27c1b
f934cf
37fca9
b2a031
3c030f
f34b3a
d7241c
4a2e99
b98dfd
1fa46c
16eb61
be0283
4c40da
cfbc3b
fc54d4
35ac83
b2d065
3e02e6
f00b45
da0436
48de6a
b89e30
22544d
139b58
c012ac
4c10a3
cd8c63
ff84cb
32ec6c
b42094
3f22b4
ed1b5f
dd743e
46de3f
b8ae63
24742a
108b62
c2c2c8
4b306f
cc4c90
0264b6
2fdc62
b5d0be
3f727f
eb0b81
e0743d
446e23
b91e90
2623fe
0dab72
c5a2d8
49d047
cbdcc1
04b495
2cdc61
b820dd
3ee254
e94bab
e3242c
41ae12
ba8ebd
26c3d4
0bbb8e
c882dc
47c028
cc0ceb
062472
2a4c6b
baa0ed
3db22d
e90bd3
e55411
3eee12
bc9ed9
2673a2
0a0bae
cb22d1
455019
cd1d12
070449
283c83
bd10f1
3c120d
e91bfc
e6b3f1
3cae19
be9eeb
256386
093bd5
ccd2be
42f012
ceed30
06f424
26fc9d
bf40ea
39f1ff
e9ec1e
e763d0
3b0e2c
c0beed
23f36a
096bf5
ce12a2
41201d
d07d39
05f409
267cbd
c0c0d8
3821fa
eb3c31
e733b5
3a0e41
c24ee4
225360
0a4c0d
ce8284
3fa02d
d23d38
04b3f9
268cd8
c190c4
36c208
ecbc37
e6739e
39ae5b
c3aed7
20b365
0b8c19
cdd26d
3f5046
d38d31
0343f6
27cceb
c170aa
35c21b
ee1c32
e4e396
3a7e72
c3eebe
1fa370
0d1c1c
cce25f
3f5059
d47d19
01a3fe
290cee
c0a09a
359233
ef3c1f
e34398
3bce7e
c39ea2
1f038b
0e8c11
cb525b
404070
d46cff
00c413
2abcea
bf3089
36624b
efdc06
e1f3aa
3dbe80
c1fe90
1f13a7
0f9bf6
c95261
42407a
d37ce3
008431
2c6cd5
bd4088
37c261
ef9be5
e0d3c4
3f9e78
c00e83
2043c7
0febd4
c7b279
44807c
d1fcca
00a455
2dacba
baf092
39e271
ee6bc0
e023ea
416e60
bdbe82
21e3e0
0f9bad
c6429a
46f070
cf6cbb
01b47c
2e1c8f
b8d0ad
3cb274
ec5ba4
e09415
431e3f
baee8d
2493f5
0e8b84
c572c6
492055
cc8cb5
03f49f
2e0c61
b720d1
3f6268
e9eb8e
e1a443
43ee10
b86ea3
2753fa
0c9b5f
c592f5
4b6033
c96cbf
0684b3
2d0c30
b5f100
42524c
e6bb86
e3746b
442ddd
b63ecd
2ac3f5
09cb44
c6732a
4cc003
c68cd2
09c4c4
2b1c08
b56135
44c22c
e33b8a
e6448c
437da5
b47efa
2e03e2
06ab2c
c83358
4d2fcb
c3dcf5
0d04c4
28abe2
b6016b
46b1ff
e02b97
e984a0
41cd77
b3af30
30b3c3
035b2e
cad381
4d3f96
c19d22
10a4b8
256bc7
b7419d
47c1c9
dcfbb5
ece4a9
3fad4a
b3cf67
32f399
ffbb33
cd839e
4c1f61
c03d56
1374a0
221bb9
b951c9
481191
dabbdb
f044a6
3cdd29
b46fa0
348369
fcab47
d0d3ab
4a3f2f
bffd8b
15f47b
1eebbe
bbf1ee
47815e
d90c09
f35496
39dd16
b5ffc9
352335
fa3b66
d3f3ad
47bf0f
c05dbb
17d456
1bcbc9
beb200
460133
d84c36
f5d478
36dd13
b7efec
350304
f85b8c
d6a3a5
454efb
c15de8
18b426
199be1
c17208
442111
d83c65
f7b456
346d1e
ba4001
3422df
f78bb6
d90392
42def3
c2fe04
18c3fc
17ebfe
c3e203
4250fb
d8ec8a
f87434
321d2b
bca009
32a2be
f75bd8
da8375
409ef6
c4fe17
1833dd
16cc1c
c5d1f7
4040f4
da3ca3
f8b416
308d44
be9009
3112b1
f7dbf7
db3358
3eff03
c69e22
1703c8
16dc39
c711e1
3e90f9
dbccb0
f803fb
301d5c
c01ffb
2fa2ad
f8fc08
db533f
3e4f19
c7de1c
15a3be
177c4c
c731c8
3d5105
dd0cb0
f703ed
308d71
c0cfe9
2e42b3
fa0c0e
da6331
3e1f2b
c8ee0c
1453c0
188c5a
c6d1b5
3d0118
de1ca4
f5c3eb
319d7e
c06fd0
2dc2c7
fb7c0a
d9332b
3e9f3e
c90df7
13b3cf
1a2c54
c5b1aa
3d512d
de8c90
f483f4
32cd86
bf9fc0
2df2df
fc4bf3
d7d332
402f47
c85de0
1323e8
1b4c48
c411aa
3ea13d
de5c78
f3b410
347d78
bdcfb8
2eb2f3
fc5bdb
d69343
41df46
c6cdd0
138405
1c2c2c
c221b2
408144
dd4c5b
f3442f
360d62
bbcfbb
306309
fbebb5
d57364
443f3d
c4edc3
14b426
1c8c09
c061d1
431149
db6c42
f3d456
371d3f
b95fc7
32b315
fa7b94
d4e38c
460f1f
c23dc1
16c43f
1bfbdd
bf11f4
45913b
d8cc32
f5247e
37bd14
b70fe4
35b318
f88b73
d553bb
47bef6
befdcf
19c454
1acbb1
be3222
48611d
d5ac2b
f794a1
375cdd
b5400b
38e313
f5bb58
d663f0
48dec3
bc5dea
1ce45e
187b84
be225a
4a80f3
d22c33
fa94bf
368caa
b38041
3c12f6
f24b4b
d8641d
48fe8e
b99e13
205459
15ab65
bf0292
4c00c4
cedc4c
fde4d1
34cc79
b3207a
3e92d1
ee7b4b
db6443
489e52
b7ee44
241449
12ab4d
c0b2c7
4d1087
cbdc6e
0174d6
320c51
b370b8
40e2a2
eb1b5c
ded45e
46fe17
b6de7e
27042b
0e9b43
c2d2f3
4cd04a
c98c99
0514cf
2f1c2f
b460eb
42a269
e7db72
e2146c
450dea
b61eb9
29d401
0adb45
c60317
4c5014
c7bccc
0874b8
2b8c1b
b6611e
42f235
e4fb96
e5c46b
425dc1
b6bef1
2bc3ce
07ab57
c9232d
4a8fdf
c6fd06
0b649a
27fc14
b8c148
42c1fb
e2ebc1
e8f461
3f6dae
b7ff24
2cc39d
04eb70
cc6337
48cfb9
c6fd35
0d9472
24dc1b
bb5162
4201ca
e1abf3
ebe449
3c5da2
b98f4b
2d336d
028b92
cf7331
465f9c
c76d62
0ed44b
224c31
be016e
4041a7
e15c1a
ede42d
39ad9f
bbbf65
2c7346
016bb7
d1f327
43ef90
c8bd88
0f3423
203c47
c08170
3eb18c
e18c40
ef4412
37cdad
bdef73
2bb324
00bbd7
d39314
41bf8c
ca1d9e
0f2401
1f4c60
c2616a
3cc17f
e27c5b
efa3f2
35fdba
bfaf74
2a430f
00bbf4
d462fd
402f95
cbadab
0e53ec
1eec79
c39158
3b517e
e36c6c
ef93dc
357dcf
c10f6d
29430a
018c06
d492e8
3f5f9f
cccda5
0d73e0
1f1c8e
c40146
3a5188
e47c6d
ee83ce
357de0
c17f61
27f311
02ac0c
d402db
3f2fb0
cd8d9c
0c63e3
202c95
c3c13f
3a5195
e54c68
ed93d0
364dea
c13f52
27b320
038c03
d2e2d7
3fffbc
cd7d88
0b83f0
211c8f
c2b134
3ad1a9
e59c54
eca3db
374dea
c04f40
27f334
043bf2
d1e2e0
417fc7
cc9d77
0b840b
224c7c
c0e135
3c21b8
e53c39
ec03f2
390ddf
be8f3a
28f34d
045bd2
d012f2
431fbe
cafd67
0c3427
230c60
bf4144
3e41bb
e40c1e
ebe418
3aadc3
bc5f41
2ae35f
039bb0
cf7317
455faf
c8bd5b
0da447
236c39
bd4165
40d1bb
e1bc04
ec943e
3bad9e
b9ef53
2d736d
020b8c
cf1342
477f93
c5bd60
0ff466
22ac08
bbf18b
4361a9
deebf2
ee346a
3c6d6d
b74f70
30a372
ffcb66
cf737a
494f67
c29d6e
12e47c
216bd9
bb01bd
46318b
db9bed
f06492
3c4d34
b51f9b
342364
fcab4e
d0c3ab
4a7f33
bf9d88
165488
1f2bad
bab1f6
48e163
d7cbf3
f364b6
3b1cfd
b38fd4
37734d
f91b3c
d2f3e1
4adef6
bcadb0
1a2485
1c2b87
bb9233
4ab12a
d43c0a
f744cd
396cc7
b2a00c
3aa327
f50b36
d5a40c
4a9eb6
ba6de2
1e2476
18bb6b
bd226d
4c10ef
d0dc2b
faf4d4
36dc94
b2c04e
3d32f7
f15b43
d9042e
495e78
b8ee1d
21b457
14bb5c
bf82a6
4c70b1
ce0c53
ff04d0
339c6b
b3a08f
3f42bc
ed8b56
dcd443
477e41
b80e5f
24a432
109b57
c242cf
4be070
cbec8a
02e4c2
303c51
b520c6
405281
ea3b7a
e0744d
44ce12
b83e9a
26f402
0cfb64
c592ed
4ab036
ca5cc3
0624a3
2c9c49
b760f3
407247
e7cba1
e44442
421df2
b8fed3
28d3ce
09bb78
c8c2fd
48c008
c9bcf8
08b480
293c44
ba011b
400211
e5ebd1
e79436
3eedde
ba6f00
29a39e
072b95
cc1304
46cfe5
ca1d2c
0aa458
260c4d
bc912e
3ef1e6
e4fbfc
e9e41f
3c0dd5
bc3f26
299373
054bb6
ceb2fb
444fce
cacd55
0b9431
23ec63
bf313c
3d71c7
e4cc25
eba402
39add9
be2f38
29234b
043bd7
d0f2ef
426fc1
cbbd71
0bd411
221c7a
c11139
3bf1b0
e55c42
ec93e7
382de2
bfdf41
285332
03fbf3
d242de
40afc4
cd3d82
0ba3f4
217c8c
c29130
3a71a8
e5dc55
ecb3d2
36edf4
c13f40
273328
045c07
d292ce
3f8fc8
ce4d88
0b03ed
217c9f
c36124
39a1a8
e67c5d
ec83cb
36edfc
c1bf3c
265327
049c0d
d242c2
3f5fd3
cecd83
0a63e9
21dca9
c32119
3981b4
e74c59
ec03c4
372e05
c1bf31
261332
057c0b
d1c2c1
3fefdb
cebd77
09e3f2
22aca2
c28116
39e1bc
e73c4a
eb33cf
381e04
c0ef2b
26733f
05dbf9
d0c2c7
411fde
cddd68
09d406
238c8f
c0d11a
3b11c9
e6bc33
eab3e4
397df8
bf4f26
279353
05abdf
cff2df
42cfd8
cc5d59
0a9426
23fc74
bf712b
3ce1cf
e53c1e
eac407
3abdde
bd3f2a
297365
050bbb
cf32fe
44afc7
ca0d51
0be442
243c50
bda149
3f91cc
e33c06
eb9431
3bedb2
ba9f3c
2c3371
034b98
cea32d
46bfa7
c71d52
0e645f
235c1f
bc4171
4281ba
e08bf4
ecd458
3c7d84
b84f5d
2f4373
011b71
cf0360
48bf7c
c40d60
119476
224bed
bb21a7
45419e
dcebee
ef4485
3c6d48
b5ff88
32d36b
fdfb56
d0339a
4a2f46
c09d7b
155485
1ffbbd
bb01e6
47f16e
d94bf3
f284a9
3b6d0c
b41fc2
36a355
fa4b43
d223cf
4acf07
bdada5
192488
1ccb8f
bb4226
4a213b
d51c04
f614c6
39ecd1
b2ffff
39e32e
f60b3a
d4f400
4acec2
baedda
1d2477
194b6e
bcc265
4bd0fb
d14c25
fa44d1
375c9a
b2a044
3cd2fd
f1eb3e
d8542a
49ae7d
b8fe15
21345d
151b56
bef29f
4c90b6
cdfc4f
fe84d2
342c70
b3508e
3f62c4
ed9b53
dc444b
47be42
b79e57
24e438
10eb4c
c1d2d2
4c3072
cb6c85
02b4cc
308c4c
b490cc
40d282
e9db70
e06453
455e0b
b75e9b
27b409
0ccb53
c522fa
4b7031
c96cc2
06b4b2
2c5c36
b6a101
41d245
e6cb9a
e48458
427de1
b7ced8
29f3d6
08fb65
c8a312
49fff9
c86cfa
09d48e
288c2b
b9312f
41820b
e43bc8
e8244d
3f7dc4
b91f10
2b83a1
05cb80
cc3323
47dfc8
c82d31
0c5469
255c30
bbe152
40d1d3
e2abf6
eb7439
3c2db1
ba8f3d
2be36b
038b9f
cf6325
459fa8
c87d64
0e043f
224c3d
be8165
3f81a9
e1bc24
edd420
396daa
bc9f61
2bd341
019bc1
d1f31e
433f93
c95d8b
0f141a
201c51
c1216c
3e2186
e1dc4b
ef7406
372dad
be3f75
2b631f
00bbdf
d41310
417f89
ca4da5
0f53fa
1eec68
c2f16e
3c9174
e1fc66
f023f0
35adb6
bfbf82
2ab30a
006bf9
d53300
3fdf87
cb4db7
0f13e6
1e0c75
c40167
3bd16d
e28c78
f083de
349dbf
c0ff83
2a02ff
005c05
d5d2f6
3f3f8b
cbfdbb
0ea3dc
1dcc82
c48160
3b4171
e2ec7c
f093d6
346dc3
c14f7e
29b2fc
008c0b
d582f1
3f1f8f
cc4db7
0e93dc
1e1c81
c4215f
3b2171
e33c75
f033db
34fdc5
c0df77
29d306
00dc00
d4f2f7
3fcf92
cbcdaf
0ea3e8
1e8c78
c35162
3bf17a
e2ac68
ef93e8
35bdbf
bfbf78
2ad314
00bbea
d44307
40cf8d
ca6da4
0f23fe
1efc61
c2416f
3d817d
e17c57
f01403
368da7
be1f7c
2c431e
fffbd2
d39323
429f7d
c89d9e
109415
1f0c3d
c12187
3ff178
dfdc42
f08428
37ad82
bbbf8e
2e8329
fe5bb2
d3734c
447f61
c5dda0
127432
1ebc13
bf91ae
42716b
dd2c35
f1c44f
383d57
b96fab
31832a
fc3b94
d3a37b
464f39
c2ddae
157446
1d4be4
be91e1
45114b
d98c2d
f42477
386d20
b76fd4
34b325
f97b71
d4c3b2
479f04
bf7dc6
190454
1b1bb5
be421a
47e124
d61c2b
f6d49e
378ce6
b58008
38a30f
f5db5d
d6c3e7
487ec6
bc7dee
1ce459
184b8a
be925a
4a40ee
d1fc3d
fac4bb
361ca9
b43047
3c32ee
f1ab53
d9441d
488e81
b97e1f
212452
14cb61
bfb29e
4be0b2
ce0c58
fee4cf
33dc6e
b3908b
3fa2bd
ed6b52
dcb44a
47ee3d
b74e5d
25343c
108b46
c1b2df
4d306c
ca3c83
0374d2
308c39
b3b0d9
422284
e8cb64
e0d46b
466df6
b5dea3
298414
0c2b3a
c4a319
4d4023
c74cbb
07d4d0
2ccc12
b4f11e
444242
e47b7e
e52486
43ddb9
b51ee9
2cd3ea
077b37
c82346
4ccfd9
c4ecf2
0c64b8
287bf2
b6a161
4561fd
e0fba8
e9748d
40fd85
b51f31
2fd3b1
034b43
cbb36b
4b8f95
c36d34
103499
249be0
b93196
45e1b9
ddcbd5
edc489
3d8d5b
b60f75
31c376
ff3b58
cfa385
496f5c
c24d75
136473
208bdf
bc51c3
456176
dbac08
f1947d
3a0d3e
b78faa
32f339
fc1b79
d34391
472f2e
c23db3
15d447
1cebe5
bf61e4
446142
da0c3b
f4d464
367d2e
b95fdb
338308
f98b9c
d6a38d
445f0f
c2bde4
17841a
19bbf7
c211f4
432114
d92c6c
f72445
33ad2a
bb4ffd
3322d4
f79bc2
d99384
41def6
c3ce11
18b3f0
176c0a
c4c202
4150f3
d93c97
f9142a
314d2c
bd5016
32b2b2
f68be5
db9371
3faee9
c4ce31
18e3ce
158c21
c6f201
4010de
d95cb2
fa1414
2f6d36
bf201f
31e294
f61c00
dd1368
3e2ee5
c60e41
18e3b5
14cc30
c831fc
3eb0d2
da0cca
fab3fc
2e5d3f
c05028
315287
f61c10
ddf35b
3d2ee8
c6ce4a
18e3a6
142c3e
c921fa
3e30cc
da0cd0
fad3f3
2dfd42
c08027
310285
f61c15
dde356
3ceee9
c6ee4c
18b3a7
149c3e
c8c1f9
3e30ce
d9ecd5
fab3f7
2ddd42
c05025
310286
f60c11
ddd35b
3d4ee9
c67e4a
1913ad
147c34
c8a200
3ec0d1
d98ccb
fac404
2e5d36
bf9028
31f28c
f58c03
dda36a
3e4edb
c53e45
19d3be
146c24
c7a212
4030ca
d84cbd
fb3418
2f0d20
be4036
33f292
f48bee
dd7388
3f8eca
c38e4c
1b53ce
13ec05
c6b22a
4200bf
d65cb2
fc4434
2f9cfd
bc804a
35d294
f2dbd4
ddb3ae
410ea9
c11e52
1d73e2
12dbdd
c5c251
4470aa
d3ccaa
fe1456
2fcccf
ba906d
38c28f
f09bba
de63dc
425e80
be2e66
2063f1
114bb4
c58284
46c08b
d07cae
006478
2f3c9b
b8e098
3be27e
ed5ba7
dfd40a
435e4c
bb5e85
23e3f4
0f1b8b
c582bf
48f05d
ccfcb8
03b495
2ddc66
b770d1
3f2262
e9bb97
e2143e
437e0a
b87eaf
27e3ef
0bdb64
c672fc
4ad023
c90cd1
07a4aa
2bec2c
b68113
42923a
e58b95
e5446d
42fdc5
b62ee7
2c23e1
07eb45
c8133a
4c4fe1
c56cf3
0c24ba
28cbf5
b6a15c
459206
e13b9e
e92494
41bd80
b42f2a
3043c1
038b2f
cac37a
4cef96
c1ed22
1094b7
255bc8
b751a2
4811c6
dcbbb6
ed14b3
3fad3b
b31f72
33e395
fedb28
cdf3b0
4c9f48
beed5f
1534a8
214ba2
b8f1ea
49717c
d89bd8
f1e4c3
3cad01
b2dfbf
377361
fa1b32
d1a3dd
4b8f06
bcdda1
19848f
1cfb89
bb422b
4a8138
d4cc07
f664c3
395cd1
b35006
3a2324
f5bb40
d5b401
49bebe
bb7de5
1d6466
185b79
be1263
4a80ee
d1dc3b
fac4bb
35aca9
b4904d
3bc2e3
f1ab5f
da140e
476e85
bade2e
208437
13eb7d
c18291
49d0a9
cf7c78
fee4a5
31bc8f
b69086
3ca2a2
ee2b89
de4414
445e55
bb0e6e
232402
0ffb8a
c502ae
48506c
ce5cb1
028488
2e0c80
b8d0ba
3ce264
eb7bb2
e20410
418e30
bbeeaa
24d3cf
0ccba1
c872c1
46b03a
cd8ced
054463
2a5c81
bb30e1
3ca22f
e99be0
e56403
3e8e17
bd3eda
25c3a3
09ebba
cb72c8
44e013
cd8d1a
07243e
279c84
bdc0f9
3bf201
e86c09
e7a3f4
3bee0d
be9efc
261375
080bd7
ce32c5
42dffc
cdbd40
08c41c
253c91
bfe108
3ad1e2
e7ac2b
e983e2
39ae0a
c01f18
262354
06bbee
d002c3
411fe9
ce8d5d
093403
237c9d
c1910f
39e1c9
e7bc46
eab3cc
381e0b
c14f25
25d33e
05fc03
d142bc
3fdfe5
cefd72
0983f3
22cca8
c29112
3931bf
e79c52
eb63c3
373e0a
c1ef2b
259331
05bc0e
d1d2b8
3f3fdf
cf6d78
09c3eb
223cab
c2c112
3901b6
e76c58
eb83bc
373e0c
c21f31
25d330
057c0c
d1d2b9
3f8fdb
cf2d79
09f3ea
224ca7
c2a116
3971ba
e73c58
eb93c7
376e03
c17f31
267334
057c01
d1b2c7
403fd9
ce3d72
0a33fa
227c97
c1f11f
3a91bb
e67c48
ebe3d9
382df2
c05f38
27a33d
04cbef
d112d9
414fd1
cced71
0b440d
228c7d
c0e135
3c31b9
e51c36
ec43f6
38eddc
be5f41
295348
03ebd5
d0c2fc
431fb8
cabd6c
0ce424
226c5a
bfc157
3e51af
e2dc26
ed0418
39cdb4
bc2f52
2bc350
024bb4
d0a326
450f96
c81d74
0f143e
219c30
be217a
41019d
e03c17
eeb441
3a2d85
ba0f74
2f134f
ffeb90
d12357
46bf6f
c4cd81
121454
204bff
bd21ad
43f180
dcec10
f0d46b
3a4d4b
b7df9e
325347
fd0b73
d24390
482f3b
c19d99
15c463
1e2bce
bcf1e9
46d154
d8dc15
f3c492
396d12
b5dfd1
361334
f92b5c
d403c9
492efa
be3dc2
19d468
1b5ba0
bd022e
495121
d4dc22
f7b4b0
37fcd1
b43017
3a0311
f4fb4e
d693fd
496eb3
bb2df6
1e4463
17cb74
be4271
4b70e1
d0bc3b
fbe4cb
35dc91
b3905b
3d82e5
f07b4a
d9f432
48fe69
b89e33
22a450
137b55
bff2b3
4cb09b
ccbc61
0054d7
32bc5c
b340a6
4082a9
ebeb56
dde458
474e23
b6ae73
26c431
0f2b41
c292f4
4d2051
c98c94
0514d2
2f3c2a
b410f1
43126b
e77b6b
e23475
457de0
b58ebd
2a9405
0a3b3a
c5a32a
4d1007
c66ccf
09b4c5
2b3c04
b58136
44b228
e32b8e
e6b486
42cda6
b50f04
2de3d1
05cb3e
c98352
4bffbf
c48d0f
0dc4ad
26fbec
b80173
4521e4
dfbbbb
eb248c
3fad74
b5bf4c
304399
01cb4f
cd6372
4a6f80
c2ed4e
119485
22cbe1
ba91a8
45819b
dcfbed
ef447f
3c1d52
b6af87
31f35d
fe0b6c
d12384
486f4a
c27d8e
148461
1efbe2
bd71ce
44f165
daec20
f30472
38ad37
b85fc3
330324
fb0b8a
d4d38c
45ef1e
c28dc6
16a432
1b7be9
c071ee
43e12d
d9ac50
f5f457
356d2c
ba3fe9
3352f2
f89bb2
d83385
432f03
c2edf9
181407
188bfb
c351fe
429103
d92c81
f8043b
327d2c
bc700a
3322c9
f72bd1
da937f
410ef0
c42e1d
18f3e1
166c11
c59203
40d0e7
d8fca3
f9c423
303d2c
bdf01e
32a2a0
f5fbef
dc7373
3f0ee4
c4fe37
1943c1
14ec26
c78205
3fa0d4
d91cc2
fac40e
2e9d36
bf502a
31f28d
f58c07
ddb367
3daedd
c63e4b
1953b0
142c32
c8b204
3e90c8
d95cd3
fb23f8
2ddd3b
c0402e
318281
f56c17
de635e
3cdede
c67e52
1943a2
13ac3b
c95201
3e00c6
d99cd9
fb73f0
2d8d3e
c0c033
31727a
f56c19
de935b
3ccedb
c69e56
1953a2
13bc3a
c95202
3e70c2
d96cd7
fb83f6
2d8d37
c07032
31e27e
f54c12
de6366
3d5edb
c5ee55
19b3a9
139c30
c8d20e
3f10be
d86ccf
fba401
2ddd2b
bf3038
32d280
f4cc02
de3377
3e5ecc
c49e52
1aa3b6
136c1c
c7d21f
4080bd
d77cc5
fc541a
2e7d14
be0048
348286
f36bec
de3394
3f4eb7
c30e54
1c33c9
130bfd
c7123d
4280b0
d54cbc
fd9439
2edcf1
bc505c
36b288
f1cbd6
dea3b9
40be98
c06e5f
1e63da
11bbd6
c67262
447097
d29cb8
ff1458
2edcc8
ba707c
397280
ef6bbc
df43e3
41be6a
bdee74
2153e6
105bb0
c5e293
46f075
cf9cb7
018479
2e3c90
b8d0aa
3c8272
ec7ba8
e0c416
42de39
bb0e97
24d3ea
0ddb87
c652cd
493049
cc1cc2
04d497
2cdc5c
b7b0e2
3fb254
e8cb9d
e30445
42fdfc
b86ebe
28a3e7
0adb65
c72307
4af011
c87cdd
0884a9
2b0c24
b6e11f
43322d
e4bb9b
e6246f
429dbe
b5eef6
2cb3d6
074b44
c8e345
4c2fd4
c50cfc
0c84b3
286bf3
b70165
45e1fb
e06ba2
e9a494
416d79
b43f36
30b3ba
02eb33
cb037b
4ccf8f
c1ad2c
1134b4
250bc6
b781a9
4811bd
dc3bb9
eda4b0
3f5d3d
b32f77
340390
feab2c
ce13b3
4cbf48
bedd64
1544a7
213b9f
b8e1ed
49a17b
d81bd6
f1f4c1
3cdcff
b29fbe
376362
fa1b30
d1a3e1
4baf02
bccda3
19748d
1cfb86
bb022a
4a9138
d4cc04
f694c6
397cd2
b33007
39e32b
f5db3f
d5a3ff
4a1ebe
bb5de4
1d1468
187b7c
bdd25f
4ab0f2
d1dc34
fa84bc
35dca8
b42046
3bb2ec
f1fb5d
d99413
479e89
bade26
206440
14ab7c
c1028e
4a20b0
cfcc6e
fe84a8
325c8f
b5f081
3cd2ad
eebb7d
dd9419
451e59
bafe65
22c40e
10cb86
c462a6
48f078
ce5ca8
02148d
2eac81
b810b0
3cf271
ebfba7
e0d415
425e34
bbbe9a
24c3e0
0d6b9c
c772bd
472045
cd9cd8
04a470
2b8c7e
ba70d8
3cd23c
e9fbd0
e40409
3f5e20
bccecb
25a3ae
0aebb1
caa2c6
453023
cdad0a
06744d
287c85
bce0ed
3c3211
e90bfa
e6d3f7
3cce13
be3eee
25c383
08cbce
cd02c6
436008
cded34
07e42d
263c92
bf00fe
3b01ee
e86c1e
e863e1
3a6e0f
bfcf07
259361
07abea
cf32bf
418ff6
ce7d4f
088411
247c9d
c0e107
3a11d8
e84c3b
e9d3cb
38fe11
c10f14
25634a
06fbfd
d052b6
407ff0
cf5d61
0883f8
23ccab
c20104
3901ce
e87c47
ea33be
380e19
c21f1b
25033d
06ec0b
d112af
3f6ff2
d01d6b
08a3f0
235cb7
c29102
3871cc
e89c51
ea53ba
37ce1c
c27f1a
24c33d
06bc12
d132ab
3f5ff6
d01d69
0883ee
237cb6
c29101
3881cc
e8bc4e
ea53bc
380e1b
c22f18
24a341
072c0a
d0d2ad
3feff6
cfdd5f
0873f6
23ecaf
c200fe
3941d2
e89c42
e9f3c6
38ce1a
c11f14
25534b
071bfa
d042ba
40fff4
cebd59
08a407
246c9e
c0c10a
3a41d9
e7cc35
e9d3de
39be08
bfef15
26935d
069be4
cf52cf
427fe7
cd0d4f
09b420
24ac80
bf611e
3c31d6
e68c1d
ea23fd
3aaded
bddf1e
288367
05cbc4
cea2f1
445fd4
cafd4c
0b143a
249c5f
bdf135
3e61d1
e43c09
eab420
3bbdc6
bbbf2f
2ad375
046ba1
ce831a
462fb8
c85d4c
0d5454
23ec32
bcc15e
4151c2
e1abfa
ec3449
3c6d99
b93f4e
2e1376
020b80
ceb34b
47df91
c55d5a
0ff46e
22ec03
bba18f
43f1a8
de7bf2
ee4471
3c6d64
b74f74
31336d
ff4b67
cfc381
495f61
c22d71
13747b
20fbd5
baf1c8
46a185
dadbee
f10498
3c0d2b
b53fa7
34b35e
fbfb4b
d123b5
4a6f26
bf3d93
172485
1e3ba7
bb3206
493155
d72bfb
f454b6
3abcef
b3dfe2
383341
f85b3f
d3b3e5
4abee5
bc7dc0
1b0480
1b2b82
bc123e
4af11b
d36c14
f7f4c9
388cb9
b2c01e
3b731a
f42b39
d68413
4a6ea5
ba1df0
1f046d
179b64
bda27e
4c20e1
cfec35
fc34d4
35fc86
b2b060
3df2e5
f00b42
d9f438
491e6a
b84e30
229451
13bb52
c002b4
4cb09d
ccfc64
0054d3
32cc5e
b360a0
4042ad
ec5b56
ddb44e
474e2d
b72e6e
26042e
0fab4d
c2a2e3
4c505c
ca8c95
0414c6
2f8c42
b4d0dc
416272
e8bb75
e1945d
44edfa
b72eab
28b400
0bab4f
c59308
4b9021
c8dccb
0794b2
2bfc2b
b6d10d
424239
e5cb9e
e5345c
421dd3
b7aee8
2ac3ce
082b5f
c9331e
4a2fed
c79cff
0a9491
285c27
b9413a
4211ff
e3dbc5
e89456
3f4db8
b8af19
2c139e
055b7c
cc532d
484fc4
c7ad37
0ce46c
252c28
bbb15b
4151d0
e24bf4
eb8444
3c4da6
ba3f47
2ca36e
02db97
cf432d
460fa3
c7dd63
0e9448
224c33
be216c
4041a5
e17c1e
edb42b
39ada0
bbaf64
2ca344
014bb8
d1f327
43ef8b
c86d86
0f3423
202c44
c08174
3ee188
e13c42
ef5411
378da6
bd7f79
2be323
004bd3
d3d31a
41ef81
c9cda2
0fb404
1eec5a
c24174
3d7177
e19c5c
f043f7
35ddad
bf3f81
2b430d
000bf0
d4f30e
408f84
caddb7
0f83ed
1e0c6e
c3a16f
3c316d
e24c70
f0a3e6
350db8
c07f83
2aa300
001c01
d5a2fa
3f7f87
cbbdb7
0f23e0
1ddc7b
c48165
3b616c
e2bc7c
f093d9
34adc6
c12f7c
29b2fc
007c0c
d5a2f1
3f2f90
cc2db8
0eb3da
1e2c82
c4915e
3ae175
e37c78
eff3d6
34adcc
c12f74
295303
011c08
d502ed
3f1f9a
cc7daf
0e33e2
1ebc83
c3d158
3b317e
e39c6b
ef73d9
357dcc
c09f6e
29730d
017bff
d462ee
403f9c
cbdda0
0de3f0
1f7c77
c2c156
3c1186
e35c5a
eed3ed
369dc5
bf6f67
2a331e
018be9
d35302
417f9b
cabd96
0e6406
201c60
c1a15f
3d8190
e25c47
eec407
378db4
bdef6a
2b9331
014bcb
d28319
42ff91
c90d8b
0f5422
208c43
c02175
3f7190
e0dc32
ef0427
38ed95
bb9f75
2d5340
007bad
d1e33e
44ef7b
c6bd87
10c43b
204c1d
be8192
41d188
deec1f
efe44e
398d73
b98f87
2fe348
feeb8c
d1b365
46ef5e
c41d8d
134456
1f9bf4
bd41bd
447173
dbfc12
f16474
3a3d43
b76fa4
32f344
fc9b6f
d25395
485f33
c12d9a
15c466
1e2bca
bcc1e9
46e158
d91c0c
f3a498
3a0d12
b56fd2
35f33a
f9db58
d373c5
497f02
be2db2
190471
1c6ba2
bc521e
491132
d5ec16
f624b6
390cdb
b40fff
390327
f66b47
d533f6
49eed0
bbbdd9
1c7472
198b7e
bd0256
4b2102
d26c22
f964cb
378cb1
b32032
3bd305
f2eb3f
d7941d
49ce96
b97e04
1fe467
166b62
be628b
4c40ce
cf2c40
fcc4d5
355c7e
b2e06f
3e62de
ef7b48
daa43d
48fe5d
b7fe39
23744e
131b52
c042bd
4cd091
cc8c65
00a4d5
32ac57
b380a9
4072a9
ebeb57
de0454
475e28
b72e72
26542f
0f5b4b
c282e8
4c905d
ca1c90
0434ce
2f9c3b
b4b0db
41c276
e8bb73
e18461
454dfd
b6eea8
28f409
0c0b4c
c5730a
4bd027
c8bcc4
0754b4
2c5c2b
b6710e
423242
e62b95
e4a462
42edda
b75edb
2a73db
08cb5a
c8731a
4aaffa
c7fcf4
09e497
294c26
b8812f
41f211
e43bbc
e77457
401dc0
b86f09
2b73ad
063b74
cb3327
48cfd0
c7ad24
0be478
265c2b
bae14a
4131e2
e34be2
ea6444
3d3db7
b9ef2f
2bf381
046b8f
ce0321
469fb5
c85d4c
0d4452
23fc38
bd6159
4001c1
e28c0b
ec742b
3aedb3
bbbf4a
2b935b
030bb3
d06318
449fa5
c90d6f
0df430
21dc4e
bfb15d
3eb1a5
e2bc2f
edd411
38edbc
bdaf5a
2af33c
021bd0
d21307
427fa4
ca3d87
0db410
20ac64
c16158
3cf198
e35c4b
ee33f7
376dc8
bf5f60
29c329
021beb
d322f7
40cfa5
cbcd97
0d43f5
203c7c
c2a14b
3bb193
e44c5c
ee43df
364dd9
c0af5e
28a319
02abfe
d392e0
3fcfb2
ccfd95
0c73eb
204c90
c3513e
3a5195
e54c63
edb3cf
362dea
c18f51
27731a
035c0c
d342d2
3f4fc3
ce3d8e
0b83e7
20cc9f
c3712c
39d1a4
e66c60
ecf3c4
366dfb
c1bf44
26c324
048c0a
d292c9
3fafd0
ce7d83
0a83ed
21cca2
c2d11d
39a1b2
e6fc55
eba3c9
378e04
c14f30
266334
058c02
d162c6
407fdd
ce6d6f
09b3fe
231c9c
c1b116
3a31c7
e75c42
eaa3d6
38be03
c04f21
268347
061bed
d012cf
41afe5
cdad57
098413
245c8c
c03116
3b61d7
e6ec28
e9e3ec
3a3dfa
beef19
273365
066bd4
cee2de
437fe7
cc5d46
09c42f
254c71
be7121
3d11e2
e60c0c
e9840c
3bede7
bcdf1a
28e379
064bb4
cd92f8
457fdd
ca6d39
0ab44e
25ac52
bc9133
3f81e6
e4abf0
e9b42f
3d1dc7
ba9f1f
2af38c
054b92
cce31b
479fc9
c7fd36
0c646c
255c28
bb014f
41f1de
e25bdb
ea7455
3e0da4
b85f34
2d9391
03cb6f
ccc349
495fa8
c57d36
0eb484
24ec03
b9b177
4441cb
dfdbd3
ec047a
3e7d76
b61f52
306393
018b53
cd0375
4abf83
c2ad45
115498
23cbd7
b921a7
46a1b0
dccbd1
edf4a1
3e4d48
b46f77
331389
ff0b3c
ce83a3
4bcf53
c02d60
14049c
21cbb2
b921d8
48918d
d9cbd6
f0b4b5
3d7d1b
b33fa5
35e371
fc1b2f
d013c7
4c1f23
bdcd80
17449f
1f5b94
b9e207
4a0160
d6dbe6
f3a4c6
3bfcef
b28fd5
385352
f90b31
d283e8
4b7ef4
bc2dac
1a648e
1c9b7e
bb2234
4af12f
d44c02
f6a4cb
39dcc9
b2f005
3a032a
f5eb37
d52401
4a7ec4
bb3dd9
1cd477
196b71
bcd25b
4b5101
d20c25
f9b4c9
373caf
b36035
3ba301
f33b50
d8040e
48fe9c
ba8e08
1f3457
168b77
bf5277
4a90d0
d0bc4f
fc94b6
349c9d
b4c05f
3c22d2
f0bb66
dac414
46ee7b
bb2e37
20d431
13cb83
c1c28d
49a0a6
cffc7c
feb4a0
319c99
b6a080
3c12a5
ef0b89
dda405
445e66
bbde5f
21c40a
114b9a
c43296
47e087
cfdca2
00a480
2f1c9f
b8f093
3b727f
edfbac
dfe3fa
423e5e
bd6e80
21b3e0
0fabb2
c6c293
46006f
d06cc8
01a464
2d2cac
baf0a1
3a425e
edebce
e193e1
3fbe5f
bf1e94
2183c2
0e8bce
c8d289
43d063
d19ce5
01e440
2b8cc2
bd20a3
38a24b
ee1bf3
e293c3
3e0e6a
c0fea2
20a3a2
0e3bf0
ca4273
41f061
d2ccfb
01d41f
2a5cd9
bf0097
36d242
eedc0a
e313ab
3c9e78
c2dea1
1f6392
0e5c0c
cb525c
40706d
d46d04
00d408
2a2cf3
c06088
35023f
f03c1c
e29392
3bde90
c44e9a
1de389
0f3c20
cb9241
3f207b
d5fd04
ffa3fc
2a8d0c
c0d06f
340246
f18c23
e1b37c
3bbea7
c4fe8a
1c238b
108c2b
cb422e
3ed093
d76cf7
fe73f6
2bad1e
c0e056
32e25d
f30c1c
e06373
3c8eba
c5ce73
1b1398
122c2f
c9f21b
3eb0ab
d7fce5
fc93f7
2cfd29
c02044
32b272
f45c0f
dee370
3d8ece
c53e54
1a43ac
136c26
c88211
3f70c1
d8acc9
fb940a
2e7d28
bef034
32e28f
f50bf9
dd0377
3eded6
c49e42
19d3c8
14bc18
c6d213
40d0d3
d83cb0
faa422
302d1d
bd3029
3392a7
f54bdc
dbe38b
40deda
c30e2a
1a53e6
15cbfb
c5021d
42e0e1
d74c96
fa5444
31dd0d
bb3029
3552bf
f51bba
dac3aa
428ecd
c11e21
1b7404
164bda
c33232
44d0df
d58c7c
fa9467
32eceb
b90032
3752cb
f40b9c
da43ca
449ebc
bede1e
1cf41d
163bb8
c21251
4730d5
d35c6b
fb6488
33acc5
b71045
39c2d1
f26b7d
da53f2
462e9a
bc8e25
1f3431
153b91
c13275
4930c3
d10c61
fd14a9
33dc9f
b58064
3c32ca
f06b66
db4418
472e76
ba3e3a
217437
13cb71
c0e29f
4b40a5
ce6c67
fef4c1
330c7b
b4108c
3e72bb
ee1b5e
dca43a
477e48
b83e50
24343d
11bb55
c112c6
4cb07f
cbec75
01a4d0
31ac55
b3b0b4
40e29f
eb5b58
de6458
473e22
b6ae76
26b42d
0f1b40
c272f1
4d4057
c9cc8d
0434d5
2fec32
b3e0e0
42727e
e89b63
e0e46b
466df4
b5dea0
29041b
0c7b3a
c43312
4d802c
c82cac
06f4cd
2dac1a
b4c108
437256
e62b78
e36478
44bdd5
b58ec9
2b23fd
09fb3e
c6732a
4ca004
c6dcd4
0924bf
2b5c0e
b6112a
43e22c
e44b90
e62478
42bdba
b5eef2
2c23d6
077b4c
c8d338
4bbfe1
c62cfb
0b74a7
28bc0d
b7f148
438203
e2bbb3
e8746c
406daa
b70f16
2d13b2
057b66
cb333c
49cfc5
c64d25
0cc487
265c18
ba015c
42a1e0
e1ebd7
ea9458
3e2da3
b8df34
2cf388
041b7f
cd8331
47dfb1
c76d45
0d7464
243c26
bc615e
4111c4
e1fbfb
ebe43b
3bcda8
ba8f45
2c2367
033b9f
cf7323
45bfa9
c8bd64
0db440
22bc45
be715a
3f31b1
e2cc1e
ecd41a
39ddba
bcbf50
2ae34c
02dbc5
d0f30d
435fac
ca2d74
0d3422
21cc61
c0714f
3d31a9
e3fc39
ecf3fb
388dcf
becf4a
29433b
038bdf
d1b2ed
41afbc
cc4d7c
0bd405
21dc82
c1b135
3b51ad
e5bc4b
ec83dc
37bdee
c09f3e
277331
04abfa
d1b2ce
405fd3
ce2d78
0a53f2
223c9d
c2911b
39a1ba
e78c51
eb53c4
377e0e
c1bf29
259338
061c0b
d152b2
3f6fed
cfed6c
0883f0
236cb6
c2b0ff
3881ce
e94c4e
e9a3b4
382e29
c28f0c
23e345
081c14
d0229c
3f700c
d12d57
0693f3
251cc8
c220e4
3791ee
eafc41
e7d3ad
392e42
c29ef0
22b35b
0a0c10
cea28b
3fe025
d1dd3a
051400
271cce
c0c0c5
37720d
ec2c28
e623b3
3ace4f
c1fed2
21d375
0b8c01
cca284
41203e
d1cd18
03f41a
290cc9
bf30b7
383228
ecdc0a
e443c2
3cee56
c0aeb8
21f398
0cebea
cae289
430051
d13cfc
031436
2aacba
bd20b0
394243
eccbe9
e2c3da
3eee50
bf0ea6
2273bb
0dabc8
c8a299
452059
d00cde
02b459
2c1ca1
bb10b4
3b9254
ec7bca
e1a3fa
40be42
bcce9a
23c3d4
0e2ba5
c742b2
471054
ce3ccd
036479
2d0c81
b900c4
3d325f
eb2bab
e1b41e
429e2d
baae9d
2553eb
0dbb82
c612d0
49304a
cc1cbe
049497
2d9c5a
b770d8
3f9262
e97b94
e21442
43ce0a
b88eab
2783f7
0c8b60
c5c2f4
4b1030
c9bcbe
0644b2
2d1c34
b5f0fa
41e258
e74b86
e2f464
444de9
b6aec2
29f3fa
0acb45
c5f31a
4c7011
c77cc7
0854c0
2c3c14
b5411c
43f23f
e4db7c
e4b480
441dc0
b52ede
2c63f5
089b35
c6b33f
4d6ff0
c55cdb
0ac4ca
2a6bf9
b53143
456225
e29b87
e6a492
435d9d
b43f02
2e33e0
066b2e
c8335d
4d7fca
c3acf9
0d14c4
289be3
b5d167
464200
e06b99
e9149d
423d7c
b3ff25
2ff3c6
03eb33
ca2373
4cbfa5
c28d19
0f44b6
267bd7
b73187
46a1da
deabb2
eb7499
401d67
b4af4c
3123a4
01db41
cc837b
4b8f84
c24d40
11049e
240bda
b9119f
4631b8
dd9bd1
ed748d
3e1d5a
b5af6c
319380
ffcb56
ce837e
49df6d
c2ad62
12447d
21ebe3
bb41ab
453196
dd3bf7
ef8479
3b9d59
b76f85
31235d
febb75
d0e371
47bf5e
c3ad80
12c45b
203bfa
bd81ae
43a17d
dd3c16
f0a459
395d60
b96f93
30533b
fe3b95
d2d35e
459f59
c53d9e
128437
1ecc16
bf91a7
41416b
de0c3c
f1243c
37bd74
bb8f99
2ec323
fe3bb9
d41345
437f65
c73dad
11d417
1e1c34
c19197
3f416a
df9c54
f16418
366d92
bd9f91
2cf313
ff1bd9
d4b322
419f74
c92dae
1053fa
1e3c59
c2c17b
3d716f
e1bc65
f083f3
35cdb2
bfaf7f
2ad30b
007bf3
d4b300
403f8f
cb7dac
0e63ea
1ecc7b
c3915a
3b617f
e3ac6a
ef23db
359dd2
c0ef67
28a311
022c04
d412df
3f6fab
cd3d9c
0c33e4
203c94
c3a138
39e19b
e5ac65
ed23ca
363df5
c19f46
26d31f
045c0b
d2d2c5
3f6fcf
ce8d83
0a23e8
220ca8
c32113
3951bc
e7ac56
eb23c3
377e0e
c1ff22
25633d
066c09
d122b1
3feff1
cfad65
0853f6
240caf
c1a0fa
38f1d9
e90c3d
e903c4
396e23
c16f03
247359
087bf9
cea2a6
40f00e
cfdd41
06b410
263cac
bff0e6
39b1fe
ea0c21
e723d2
3b8e2f
c01ee6
24137a
0a1be3
cc82ab
42b025
cf7d20
05d42e
285ca3
bde0da
3aa21b
ea8bf8
e573eb
3d7e2b
be7ece
2483a0
0b3bc5
cac2b3
450031
ce4d01
055452
29fc86
bbc0da
3c6232
ea1bd8
e45407
3fae22
bc7ec5
25b3c0
0b7ba4
c8d2cc
47102f
cc9ce8
05c47a
2b5c68
b970e4
3e623e
e90bbb
e3d42d
415e0e
ba2ec0
2743d7
0b6b7e
c7b2e9
496026
cabcd9
06c496
2b7c47
b7d0fc
409240
e77ba1
e3f44c
42adef
b83eca
2953e6
0a6b61
c71309
4b2013
c85cd7
0854b0
2b8c24
b66115
42d23b
e57b8f
e4c46c
436dcc
b65edf
2b83ed
08cb44
c7332f
4c9ff6
c61cdf
0a54c1
2abc02
b5c13b
44922a
e36b8b
e66486
433da9
b4bef7
2d83e4
06fb34
c7f351
4d3fd4
c43cee
0c54ca
294be8
b5e15b
46220d
e12b91
e8249b
429d89
b3ff19
2f93d1
04cb2e
c9236c
4d5fb2
c2ed09
0e64be
277bd6
b6417c
46c1ec
df3ba0
ea54a4
416d6a
b3bf3d
30f3ba
029b2f
cb337f
4cbf92
c1dd29
1074b3
253bce
b7b19a
4721c9
dddbba
ec849e
3f7d58
b44f60
32039a
009b3e
cd4388
4b8f74
c1dd4c
11f498
234bd2
b961af
46a1a9
dcdbd8
ee948f
3d5d4f
b59f79
32337a
ff0b56
cf7389
49af5d
c23d6d
131477
211be1
bbb1b9
45818b
dc8bfc
f0247a
3b4d4f
b75f8f
31e352
fe1b75
d1837a
476f52
c38d8d
134456
1fabf7
bdc1ba
43a175
dcec20
f1245b
391d5e
b97f9f
309335
fdcb97
d32364
453f55
c52da3
12d431
1e5c14
c001aa
41c169
ddbc3d
f1a438
375d73
bbbf9c
2ed31e
fe3bbf
d43344
433f5c
c73db2
11e411
1dcc38
c1d197
3f4163
dfbc58
f15411
362d90
bdef93
2cd30e
ff1bdb
d4e322
415f75
c99db3
1043fa
1e3c5a
c31179
3d316f
e1ac67
f083f2
358db3
bfbf7a
2a930f
008bf5
d4a2fb
402f93
cb9da9
0e33ea
1f1c7b
c38155
3b0182
e3bc6a
eed3d7
35bdda
c12f5f
284312
02ac08
d3c2da
3f5fb2
cdcd99
0c03e5
207c96
c37133
39d19f
e62c62
ece3c8
367dfb
c1af3f
263326
04dc0d
d262bf
3f4fdb
cf0d7a
09a3ea
228caa
c2a10e
3911c3
e82c4d
eaa3c0
380e17
c1ff1d
24f342
076c07
d062ab
400ffa
d01d56
07a3fb
24ccb3
c140f2
38f1e6
e9cc37
e853c5
39de2e
c12ef5
23d365
092bf8
ce02a1
41601c
d01d35
062414
271cb0
bf90db
39720b
eaec16
e633d0
3bde37
c02ed7
23d388
0adbe1
cbe2a4
434031
cfad0f
04f434
293ca4
bd70d1
3aa229
eb0bf1
e483ea
3e3e36
be2ec1
2413ac
0bfbc3
c9f2af
45303d
ce9cf2
04a45c
2acc8d
bb30d0
3c623e
eaabce
e35409
407e28
bc0eb6
2513c8
0c8b9e
c7e2c7
47c03e
ccdcd8
05047f
2bfc6e
b900db
3e524a
e9abb1
e2d429
423e14
ba0eb4
26c3e2
0bfb78
c6e2e5
49b032
cafccd
05d49f
2cac4b
b740f0
40a24f
e84b93
e3344f
439df9
b7debd
28d3f1
0b3b57
c65307
4b6020
c8bcca
07a4b5
2c6c27
b6110c
42b248
e62b85
e3f46d
43edd8
b61ece
2b13f8
09cb45
c6732a
4c9004
c69ccf
0954c3
2b8c09
b5412d
448234
e40b84
e59486
43ddaf
b4beed
2d03ed
07bb31
c74349
4d7fe4
c48ce5
0ba4c7
2a1bed
b55150
45d218
e1db8c
e7549a
432d92
b42f0c
2ee3dc
059b2c
c8e363
4d5fbf
c33cfe
0da4be
282bdf
b6416e
4691f9
e00b9e
e9849e
41ad7a
b42f30
3053c0
039b33
ca8372
4c7f9d
c2bd21
0f84b0
25fbdb
b7d188
4671d3
decbb6
eb8496
3fcd67
b4df4d
30e3a0
01cb44
ccb37a
4b0f86
c2dd40
110495
23dbe0
b9919a
45c1b3
de1bd8
ed3485
3d8d62
b63f69
31337c
007b5e
ced371
490f71
c36d62
11b472
21dbef
bbf1a1
444199
de2bf7
ef046a
3b6d67
b83f7a
304359
ff9b81
d0f360
473f69
c4dd7f
11d452
203c0e
be119e
427186
de9c1b
eff449
397d76
ba4f84
2ee33c
ff3ba1
d2534e
44ff71
c6ad93
113430
1f9c2b
bfe18e
40517c
dffc39
efe426
37ed90
bc9f83
2cd32a
ffebc8
d37327
42cf7d
c8fda0
0fb40f
1f4c4e
c1b172
3de17e
e1bc4e
ef7401
36bdb3
be9f75
2ad320
013be7
d3d302
410f9a
cb0d9c
0de3f9
1fbc75
c2a155
3bf18c
e3cc5e
ee43e3
365dd3
c07f5b
28831e
02cc03
d342df
3fefb4
cd6d8f
0bb3ec
20dc94
c3412d
3a01a3
e64c5e
ecb3c7
36adfa
c1cf3a
266329
04ec0c
d232bb
3f5fdd
cf4d79
0983eb
229cac
c2e10b
38b1c5
e87c51
ea53ba
37ae1c
c23f18
24a340
078c14
d092a4
3f9001
d0bd5c
0723f6
24acbf
c1d0e5
3811e8
eaac3f
e823b8
393e39
c24ef3
23135e
09bc06
ce8293
408024
d15d37
054405
272cc6
c060cc
38320c
ebec22
e5d3bd
3b5e4c
c13ed0
225381
0b7bf4
cc128d
41d041
d16d0e
03d422
293cc0
be50ba
38d22e
eccbfe
e3d3cf
3dde50
bfeeb1
2213a8
0d2bd8
c9f291
441053
d0acee
02f445
2b3cac
bc10b3
3a624d
eccbdd
e253ec
3fbe4c
bdfea0
22f3c7
0debb8
c7b2a2
463059
cf5cd2
02b469
2d1c94
b9f0b6
3c3260
ec3bb8
e15409
422e3d
bbce94
2423e5
0e3b92
c652bd
48305a
cd7cbb
03548c
2dec72
b7f0c3
3e6268
eadb97
e1142e
43ae24
b9ae97
2603f8
0deb6f
c542dc
4a504a
cb8cb2
0494ab
2e1c50
b660da
406269
e92b83
e1b44f
44ce07
b76ea5
280407
0c8b54
c522fd
4c0035
c90cb4
0624c1
2dac2c
b560fb
42825d
e71b79
e2c46d
451de4
b5eebd
2a3405
0b1b3e
c5631e
4d0016
c70cc0
0854cc
2c8c10
b4e11d
440249
e51b79
e43483
447dc1
b4ded8
2c23fa
090b2f
c6733c
4d5ff0
c54cd4
0a74cb
2b1bfc
b5213d
452228
e2eb85
e67492
438da4
b48efa
2de3e3
06db31
c7f354
4d1fd2
c45cf3
0c74c1
28dbeb
b6315e
45d204
e15b9b
e8a491
41dd8d
b4df1d
2ef3c6
048b3d
ca2364
4c0fb3
c3cd14
0e44aa
26dbec
b7e173
4551e3
e02bb9
eaa485
3fed7f
b5ff41
2f73a1
02eb4f
cc4361
4a7f9b
c40d39
0f648e
249bf6
b9e184
4471c4
dfabdc
ec7474
3dbd7d
b74f55
2f6383
01bb6d
ce7359
484f8c
c51d58
10146d
22fc0d
bc1185
42d1ac
dfdbff
eda452
3b7d86
b97f64
2e4361
013b92
d06345
460f87
c6bd74
0fd447
219c26
be517d
40c199
e08c21
ee8431
39ad9b
bb8f6b
2cd343
013bb3
d1a326
43ff90
c8ad80
0f1426
209c4b
c0516c
3e8195
e21c3a
ee540c
383db5
bdef61
2ad332
020bd7
d26305
41ffa4
cadd8a
0d6407
20ac70
c1b14e
3c619e
e41c4d
ed73ea
374ddb
bfff4f
28932c
038bf4
d232e0
407fbe
cd5d84
0b93f5
217c93
c2a12c
3a51ad
e65c54
ec23cd
376dfd
c17f32
262330
056c07
d1d2bc
3f9fe2
cf4d72
0953ee
22fcb0
c2a107
38b1ca
e8bc50
ea33bb
37de21
c26f15
243342
07ac11
d0729c
3f5008
d0ed5a
0703f3
249cc4
c220e2
37c1e6
eabc42
e803ae
392e44
c2beed
22a35b
09fc0d
ce9288
3fe029
d22d39
04e401
270cd1
c0f0c2
37520e
ec8c2a
e5d3af
3b3e54
c24ec8
21337b
0c4c02
cc927c
412048
d24d16
02e414
294cd3
bf20ad
37b232
edac09
e373be
3cfe65
c12ea7
20f39f
0dcbea
ca427a
42d060
d1bcf1
01e438
2b9cc3
bcf09d
38f251
ee5be7
e1c3cf
3f7e65
bf5e90
2143c3
0f2bcb
c7d285
44d06e
d0fcce
014458
2d6cae
bab09d
3a926d
eddbc1
e073f0
419e5c
bd6e83
2253e1
0fbba9
c6129d
475072
cf4cb7
01947d
2eac90
b860a6
3ca27c
ecfba0
dfd413
436e45
bb3e80
23d3fd
0f6b86
c4c2b9
49306a
cd7ca5
02949f
2f5c6e
b6e0b8
3ed27d
eb5b85
e00437
44ae28
b8ce87
25e40d
0eab66
c432da
4b2055
cb1c9f
03f4ba
2f2c4d
b560d9
40f278
e93b77
e1145a
453e06
b70e98
280411
0d2b49
c442ff
4ca039
c8fca9
05e4c9
2e4c27
b490f7
42d263
e72b72
e23473
459de6
b58eb8
2a240b
0b1b37
c5231f
4d8019
c70cbd
0804cc
2c9c0c
b4911c
447248
e4eb78
e44487
44adbe
b49ed9
2c43f6
08eb31
c6733b
4d4ff6
c5bcd8
0aa4cd
2abbfd
b57140
453227
e31b88
e6c489
434da8
b4cef9
2da3df
06cb36
c8734d
4cdfd4
c4acfa
0c74b9
28abf4
b6915e
44e203
e15ba4
e8c48a
415d94
b59f1e
2e83bf
04cb48
ca7359
4b3fb4
c48d1b
0e04a0
266bf9
b8a16c
44a1e0
e09bc3
ea9478
3f2d8b
b6af3d
2ee39b
032b61
cce354
498fa1
c52d3f
0ed47e
244c06
bad178
4351c0
e04be6
ec1462
3cdd8a
b8bf4f
2e3371
024b85
ced348
473f96
c66d5c
0ef45a
22dc22
bd0175
4161aa
e0bc0d
ed543d
3aed98
bacf5e
2d1358
01fba6
d0b32d
453f98
c86d71
0e843a
21cc42
bf3166
3f41a1
e23c29
edc417
390db4
bd0f58
2b333e
025bcc
d1b30d
42ffa5
caad80
0d7417
216c64
c0f150
3cd1a4
e3dc3e
ed53f4
380dd3
bf2f51
291334
037bea
d212e8
413fbb
cc9d83
0be3ff
21bc89
c24133
3b01ad
e60c4e
ec63d4
379df7
c0ff37
26f334
051c01
d1c2c6
3fdfda
cecd75
09b3f3
226ca8
c2b110
3911c6
e7fc4f
ea83bc
37ce18
c23f19
24b33d
06fc0e
d0d2a7
3f7ffe
d0ad5e
07a3f2
244cc0
c280ea
37b1df
ea8c4a
e893af
38be3a
c2bef6
22b352
098c17
cf028c
3fc020
d1cd40
0543f9
267cd2
c150cb
378206
ec3c32
e683a9
3a6e55
c2ced2
21736c
0b8c0b
cd427a
406043
d29d1f
035409
28acd5
bfd0ad
374227
ed8c13
e403b4
3c4e63
c1beb0
20d390
0d8bf5
cb0278
42005e
d28cfe
01e429
2abccf
bda09d
382249
ee5bf2
e223c7
3e9e67
c01e97
20d3b8
0eebd9
c8a27e
44006f
d1bcd9
01444b
2cdcba
bba09a
398264
ee6bd0
e0b3e4
40ce64
be3e86
2193d7
0fcbb9
c6c28f
465079
d02cc0
01346e
2e1ca0
b9709e
3b9279
edabac
dfd402
42ce54
bc1e7f
2323f4
0fbb93
c542ac
489072
ce5cad
01e491
2f1c7e
b770af
3dd280
ec0b8b
dfd427
443e35
b9de83
24c408
0f1b71
c462cb
4a7060
cc0ca0
0344b0
2f1c5a
b5b0cc
3ff27f
ea4b7c
e0744d
455e15
b7ae91
272411
0dbb51
c412ef
4c2045
c9dca3
0534c5
2eac35
b4b0ea
42026f
e82b71
e1c469
457df1
b5feab
296411
0bfb3c
c4a313
4d2022
c7bcb5
0764d0
2d7c16
b4810e
43d255
e5eb75
e3e480
44fdcd
b50ecb
2b8401
09bb32
c5e335
4d6001
c5eccd
09b4cb
2b6bff
b52133
44c232
e39b82
e5948d
43ddad
b4eef0
2d53e7
073b32
c7c34c
4d0fdb
c4bcee
0be4c0
296bf7
b62154
45620e
e1db9a
e8548d
41fd96
b50f17
2e73c8
053b3f
c9e358
4bdfbb
c44d13
0d74a9
270bf3
b8016d
44e1e9
e07bb9
ea2481
3fcd87
b60f36
2f03a1
038b55
cc335d
4a1fa1
c4dd34
0ee48b
24dbfe
ba017b
43f1c9
e03bdb
ec246b
3d6d85
b7bf4e
2ed380
01fb76
ce6350
484f93
c5bd56
0f7469
22fc11
bc717b
4241af
e01c00
ed644c
3b5d8f
b9cf61
2dd35e
019b97
d0233b
45ef8d
c73d6d
0f7442
21cc2e
be8175
40519d
e12c1f
edf429
398da3
bbff63
2c3345
016bbb
d19324
43af96
c93d81
0e9422
210c53
c07164
3e219b
e2bc3d
ee1406
37fdbd
be4f5c
2a5333
024bdb
d252fb
419faa
cb6d89
0d2408
20ec74
c1d145
3be19e
e48c4e
ed53e6
374dde
c01f4b
28132d
03bbf8
d272da
405fc6
cd9d82
0b33f2
21cc98
c2d124
3a11ad
e6dc56
ebe3c7
373e04
c19f2f
25e331
05ac0c
d182b6
3fafe4
cfbd70
08f3e9
234cb4
c2b102
3871cb
e91c51
e9e3b6
37de27
c24f0e
23c344
07fc12
d06299
3f6008
d13d55
06e3f4
24ecc5
c1f0df
37d1ed
eafc3b
e7e3b0
395e41
c26eed
22335d
0a2c0c
ce4288
400029
d1ed33
04f402
273ccc
c0a0c7
37820f
ec8c24
e5a3b5
3b4e54
c1fec9
21a37e
0c1bfd
cc7281
416048
d1ed11
03441d
299cca
bee0ae
382235
ed5c04
e3a3c3
3d7e5e
c0beac
2173a4
0dabe3
c9e282
43405d
d16cec
02443b
2b5cbc
bcc0a6
39924f
ed9be1
e1f3da
3fce5d
bede96
2203c7
0e8bc4
c7e291
458065
d01cd2
022463
2d1ca3
ba50a7
3b6265
ed0bbe
e0e3fd
41ce4c
bcae8d
2333e4
0edb9c
c652ad
47a061
ce4cbc
028482
2dec81
b820b5
3d5272
ebaba0
e0841f
436e32
ba2e90
2523f8
0e5b7b
c542ce
49b057
cc0cb1
03e4a6
2e7c5c
b690cd
3fc270
ea0b88
e10445
44be14
b7fe9f
272404
0d2b5a
c4a2f1
4b903b
c9bcac
05a4bd
2e0c39
b560f0
41f263
e7bb78
e24465
44ddf1
b64eb5
29a407
0b8b43
c52314
4ce01b
c7acbc
07d4cc
2cfc12
b4d113
43d24d
e5ab78
e40480
44cdc8
b4eed2
2c03fe
092b33
c63334
4d8ff9
c58cd4
0a24ce
2b4bfa
b5113a
45522f
e31b82
e5e490
438da7
b48ef9
2da3e6
072b32
c7d354
4d3fd6
c44cf0
0c64c4
291bed
b6315d
45c208
e11b98
e87496
421d8b
b48f1d
2f43c9
049b38
ca0363
4c4fb1
c39d12
0e54ae
26bbe5
b79174
45d1e3
dfdbb5
eae48c
3ffd7d
b53f40
3013a5
02bb4b
cc3369
4adf96
c3cd39
101493
246bef
b9b18c
44f1c3
defbd7
ecc477
3dcd72
b6bf59
301380
013b65
ce8363
48af82
c43d5a
108472
226bfe
bc0195
43b1a3
dedbfb
ee7462
3b2d76
b8ef73
2f435d
003b8a
d0a354
469f78
c5cd79
10e44c
20ec1a
be318d
41818e
df9c22
ef343f
395d87
bb1f7a
2dd33e
004bae
d22338
444f7c
c79d90
102426
1ffc3b
c0417e
3fa18a
e0bc3e
ef9418
37fd9f
bd2f75
2bf329
009bd0
d32319
426f8e
c9cd9a
0f040b
1fbc5f
c1e166
3d5188
e29c55
eed3f6
36cdc2
bf4f68
29c320
01ebee
d372f5
40bfa6
cc1d94
0d13f3
203c81
c2a144
3b4196
e4cc5c
edd3db
36cde5
c0ef51
27b323
039c03
d2f2d2
3fafc4
ce1d89
0ae3eb
219c9e
c2f125
3971ad
e72c5c
ebd3c3
372e06
c1df31
25932f
05cc12
d1d2b6
3f4fe7
cfad73
08f3eb
230cb6
c2a100
3891cd
e93c4d
e9f3b6
383e23
c24f0e
23f346
080c0e
d0129f
3fc008
d0cd53
06c3f8
252cc2
c1b0e2
3831f1
eaac35
e793b7
39de3c
c1eeec
230365
0a0bfe
cdf293
410029
d0fd2c
052410
273cbf
bfc0cc
388212
ebec15
e593c7
3bfe45
c0becb
228389
0babeb
cba293
42c040
d0ad0b
04042f
29acb2
bda0be
397232
ec2bf4
e3e3db
3e3e47
bedeb4
22f3ac
0ccbcb
c9b2a1
44c04c
cf7ced
036454
2b6c9b
bb40bf
3b5249
ebebd0
e2b3fb
406e3e
bcfea7
2403cd
0d3ba4
c7d2b9
47104b
cdbcd3
03b478
2ccc7b
b960c9
3d825c
eacbaf
e2141e
423e24
baaea5
2583e7
0d5b83
c652d5
494041
cbdcc6
04f496
2d0c5a
b760e1
3fe25b
e90b98
e24443
43ae07
b88eae
27e3f3
0c2b61
c5f2f8
4b302d
c9acbf
0664b1
2cbc32
b600ff
420252
e71b84
e35464
442de4
b65ec2
2a13fc
0a5b48
c6031c
4c6011
c71ccc
0894c1
2bec13
b55123
44423f
e4cb80
e4c480
443dba
b4eee3
2c73f1
086b33
c6f340
4d5fec
c54cde
0ad4c7
2a5bf4
b56147
458221
e26b87
e71494
436d98
b43f02
2e83df
062b2d
c8635e
4d4fc4
c3bcfa
0d64c3
283be2
b6416b
4651fd
e06b9c
e9649c
41dd7d
b43f2d
2ff3c2
03cb32
ca6372
4c8fa1
c2ad1c
0f84b3
262bd9
b79189
4681d7
decbb4
eb9497
3ffd67
b4df4d
3103a1
01bb41
ccb37b
4b2f82
c2bd41
111497
23cbdc
b9619e
4601b5
ddabd7
edd488
3d8d5c
b61f6e
31437b
000b5e
ced37a
494f6c
c32d67
120475
21cbea
bbc1ab
449195
dd8bfd
ef946d
3b5d5e
b7cf84
30c357
fedb7c
d13368
472f63
c46d85
128452
1ffc05
be01a6
42d17e
dddc20
f09450
394d6e
ba1f91
2f9338
fe8ba4
d2f354
44ef63
c61d9a
12242e
1eec23
bff19c
40c172
df1c42
f0f429
378d85
bc5f90
2dc31f
ff0bc7
d41333
42bf6f
c83daa
10c40f
1e5c45
c22183
3e6174
e0cc5b
f07406
361da1
be5f83
2be312
ffebe3
d4730f
411f86
ca7dab
0f53f6
1edc68
c2f167
3c617a
e2dc65
ef73e4
35cdcb
c04f6f
298313
01abfc
d442ed
3fafa2
cc8d9e
0d63e7
1fcc8b
c38144
3a9193
e4ec64
ede3ce
362de9
c15f50
27731f
039c0d
d322cc
3f4fc3
ce9d88
0af3e8
217ca5
c3311f
3951af
e73c5a
ebe3c2
371e08
c1bf2e
258331
05fc0c
d172b5
3f9fe9
cf7d6e
08c3ef
238cb0
c240ff
38d1d1
e91c48
e983be
38be21
c1bf0b
247350
083c03
cfa2a4
40600c
d03d49
06b403
25bcb5
c0c0e7
3931f4
ea4c28
e743c5
3abe31
c0cee9
23a374
09ebec
cd52a2
420024
cffd28
05d425
27bcae
bea0d5
3a0219
eadc09
e593db
3d1e38
bf2ed0
240397
0b2bd0
cb12ab
43e031
cf4d05
04f445
299c97
bcb0d1
3ba231
eabbe4
e423f9
3f3e2e
bd3ebc
24d3b7
0c1bad
c932bd
467037
cd9ce9
05246c
2b1c7a
ba20d8
3d8242
e9ebc2
e3641b
411e1b
babebb
2633d6
0c0b89
c7c2dc
48a033
cb9cd8
05c48e
2bcc5b
b810ee
3fe249
e86ba4
e37440
425dfe
b8debd
2823e6
0b5b68
c6e2fd
4ab01c
c93ccf
0754ad
2bfc32
b6b10c
41c243
e67b90
e41464
436ddd
b6decf
2a93ee
09bb48
c6d321
4c2003
c6dcd4
0954be
2b5c10
b5b12d
441234
e41b89
e5a483
437db7
b52eee
2ce3e9
07fb36
c75346
4d2fe1
c4fce6
0b84c5
29cbef
b5d152
45a219
e1db8b
e79496
42fd90
b44f10
2ee3da
05ab2b
c8e366
4d4fbf
c36d02
0de4c3
280bde
b64173
46b1f6
df9b9c
e974a1
419d74
b3cf33
30b3bf
033b30
caa37e
4caf99
c22d20
0ff4b3
25cbd1
b77194
46f1d1
ddfbb5
ec049f
3fdd5d
b44f58
31e3a1
010b3e
ccc384
4bcf7a
c1bd47
11c49a
235bd0
b941ab
46a1ab
dcdbd4
ee5495
3dad4f
b58f75
321379
ff6b57
cf1386
49cf61
c23d6e
12e47f
215bdb
bb41b9
45618c
dc4bfa
f0247d
3b9d4f
b73f91
31e355
fdfb72
d1837a
47bf56
c33d8d
136458
1f8bf5
bde1bc
43c173
dcbc1e
f1745b
392d5a
b94fa1
30d335
fd7b98
d33365
457f50
c51da4
135433
1e6c14
bff1b0
419166
ddac3f
f1b439
373d70
bbafa1
2f631b
fddbbb
d47344
432f5d
c6fdb2
121411
1dbc39
c1d19d
3fa165
df6c57
f1a416
35ed8d
bdef93
2d130d
fe9bdd
d53327
418f72
c96db9
1093f8
1dcc5b
c3117c
3d316a
e18c6a
f0b3f5
356daf
bf9f7f
2b0308
007bf6
d4e300
401f8d
cb9dac
0ea3ea
1e9c7a
c3b15a
3b4180
e3dc6d
ef23dc
358dd5
c10f66
288313
025c08
d3e2de
3f3faf
cd6d9a
0c33e1
207c97
c3a136
3a019a
e60c67
ed63c7
367df8
c19f44
26c324
047c0d
d262c1
3f5fd4
cecd7e
0a03ed
226ca6
c2e113
3921bd
e7ec50
ead3c0
37ee12
c1bf1f
252341
06ec07
d092ad
405ff3
cfad5b
0813fe
246cad
c190f9
3911e2
e96c34
e8b3c7
39ae1f
c10efc
246362
08abf3
ce62aa
419010
cfbd36
06c418
26aca6
bf60e2
3a0202
ea0c13
e6d3d9
3c1e2e
bf9edf
246386
0a6bda
cbd2ae
43a026
ceed13
05d439
28cc96
bd10de
3ba223
ea4bf1
e513f5
3e7e26
bd9ece
24c3aa
0b2bb8
c9e2c1
45c02c
cd9cf8
05945f
2a3c7d
bb00e1
3d2234
e9abcb
e41414
404e17
bb5ec3
2643c5
0b4b90
c872db
48202b
cbace6
063485
2b4c5a
b8d0ee
3fa240
e87bae
e3e43b
422dfc
b93ec4
2853d9
0adb6f
c752fb
4a1019
c97cd9
07a4a3
2b9c37
b7510a
41b240
e68b99
e4645e
431ddc
b70ed4
2a83e9
098b4f
c74320
4bd003
c73cdd
0964b9
2b1c12
b6012a
43d22f
e44b8b
e5947d
434db9
b51eeb
2ca3e9
07cb37
c7a343
4cffe1
c53ce7
0b84c3
29cbf2
b5b14e
459217
e22b90
e76493
42ed94
b41f0e
2ed3d8
05cb2e
c8a364
4d5fbe
c36cff
0dc4c5
281bda
b64172
46b1f8
dfcb9b
e9c4a1
41cd76
b3af32
30b3c0
033b2d
ca437b
4d0f9b
c25d1f
0fd4b7
260bcc
b73191
4731d2
de2bb0
ebe4a2
400d5d
b40f54
31f3a2
014b38
cc838a
4c0f7a
c1bd42
11c4a2
23ebce
b8f1ac
4701af
dcabcf
ee149a
3e0d4d
b51f77
328380
ff4b4d
cef38d
4a1f60
c1ed68
132484
216bd7
baf1bc
45f190
dc3bf3
f00482
3bbd4b
b6df91
32535a
fe1b6b
d0e382
480f4f
c2ed8a
13945c
1f9beb
bd41bc
445175
dc4c17
f19465
398d51
b8cfa2
31433c
fd5b8d
d2f36e
45ef4b
c42da2
13a43a
1e5c0a
bf91b6
422164
dd6c3a
f1c443
379d68
bb0fa1
2fd31f
fd5bb4
d4434e
438f56
c66db3
12a41b
1d7c2d
c191a2
3fe15f
defc53
f2041d
364d83
bd4f9c
2dd30c
fe4bd6
d5032f
41cf67
c8cdbb
1143fd
1dbc4f
c2d185
3dc167
e0ec64
f0f3fc
357da9
bf6f89
2b6307
ffcbf0
d4c30a
405f84
cb0db1
0f43e8
1e5c73
c3c165
3bc178
e31c6e
efa3de
356dcb
c0ef71
29130b
01cc04
d472e9
3f4fa3
cd1d9f
0ce3e4
1fec8e
c3a13c
3a4191
e55c66
edc3c9
364def
c19f4d
27131e
03fc09
d2e2c8
3f6fcb
cead85
0ac3e8
21bca4
c3111a
3951b4
e76c58
eb83c4
379e0c
c1af27
25933b
067c0c
d0e2b4
400fee
cf9d64
0873f9
240cac
c1a0fc
3911d8
e91c3c
e923c8
392e20
c13f06
24b35a
084bf9
cea2aa
41300c
cfad3e
06f413
265cab
bfc0ea
39b1fe
ea2c1d
e6f3d5
3b9e28
bffee7
24337e
0a2bdf
cc82ae
431021
cf3d1c
05d431
284c9d
bd90dc
3ad21b
ea6bf4
e533ee
3dee29
be2ecd
2503a3
0b4bbd
ca62bb
45502f
cdfcfd
058455
2a0c85
bb60dc
3cc235
e9cbd6
e4240e
3fee1a
bbeec3
25d3c7
0b8b9a
c8c2d4
47b02e
cc0ce5
05c47b
2b5c64
b930e7
3ee240
e8abb1
e3e435
41ae04
b96ec3
27a3d9
0b3b75
c792f1
49c021
c9ecda
07249c
2b9c41
b79102
413242
e6eb9b
e42457
42ede5
b79ece
2a03e7
09fb58
c72317
4b800a
c7ecd6
08c4b4
2b3c1b
b64122
436237
e4bb8b
e55478
436dc1
b5aee3
2c03e9
082b3e
c7833d
4cdfeb
c59ce0
0ad4c1
2a3bfe
b5a143
45321e
e28b8b
e6e48f
431d9b
b45f03
2e83de
060b2f
c8535c
4d5fc8
c3acf8
0d34c7
28abe3
b5e168
469204
e06b97
e914a1
424d7d
b3ff25
3023c9
03cb2a
c9e373
4d2fa3
c27d17
0f74bf
269bd4
b6f18a
46e1de
de8baa
eb44a0
409d63
b41f4d
3173ae
01bb34
cc0385
4c2f82
c1bd38
1144a7
243bcb
b851a6
46e1bb
dcebc6
eda49b
3ead51
b4ff6b
324388
ffcb49
ce838a
4a8f67
c1ed5f
12d486
21fbd6
baa1b6
462198
dc5beb
ef6485
3c5d4f
b69f8a
322364
fe6b66
d07384
489f53
c2cd81
137467
203be9
bcc1bc
44c17a
dc5c0f
f0e466
39dd54
b85f9b
313341
fdbb89
d29372
464f4d
c45d9c
133441
1e9c04
bf21b7
42c16b
dd6c33
f1a445
381d67
baffa4
2fc322
fdabaf
d41352
442f56
c62daf
12a41f
1dbc28
c111a4
405164
de9c4c
f1f422
365d80
bcdf9c
2df313
fe4bcf
d4e331
421f67
c87db5
112403
1dcc4d
c2a187
3df166
e09c65
f103ff
358da6
bf1f89
2b730a
ffbbf0
d5230d
408f82
caedb2
0f63ef
1e6c70
c37165
3c117c
e2fc69
ef73de
356dc6
c0af6e
29730a
01bc03
d482e6
3fafa4
cccda2
0d03e5
1fec8e
c3a141
3a6192
e51c67
eda3cb
35ddea
c1bf52
27331b
03cc0d
d312cb
3f4fc8
ce9d8a
0a93e7
216ca2
c3311d
3961b2
e75c58
ebc3c3
375e0c
c1df28
25a335
065c07
d132b5
3fbfed
cfad68
0873f8
23dcad
c1c100
3921d4
e8cc41
e973c3
390e22
c15f0a
249356
084bfb
cf22aa
41000a
cfcd43
06f40d
260cad
c020e9
3951fc
ea0c1f
e723d0
3b6e2c
c01ee7
24437d
0a0be5
ccd2ad
42e023
cf9d1f
05e42d
280c9f
bdd0de
3ab21a
ea6bf9
e563ec
3d9e29
be5ecf
24839f
0b2bc0
ca82b8
44e030
ce3d01
057454
2a2c89
bba0dd
3c7231
ea1bd9
e43409
3fbe1f
bc4ec2
25a3c1
0b8b9e
c8c2d2
47602e
cc9ce5
05c479
2b4c65
b970e8
3eb240
e8dbb8
e3b430
414e0a
b9dec2
2783d7
0b1b79
c782f0
498024
ca5cd8
06e498
2bac43
b780fe
411241
e74b9d
e40453
42cde8
b7beca
29a3e7
0a3b5b
c74314
4b500e
c81cd7
0894b1
2b6c1e
b6411c
435238
e52b91
e54474
432dc3
b5aee3
2c03e7
086b41
c7333a
4cafee
c5dce2
0aa4c6
2a2bfa
b5c143
452222
e2cb8b
e7048e
433d9f
b4cf01
2e13dd
066b2d
c85359
4d7fca
c3dcf9
0cf4c4
28bbe2
b5e166
469202
e06b96
e9049c
421d7b
b3af29
3053c9
042b2a
c9e375
4d0fa5
c25d16
0f54bc
26bbd0
b6f189
4711e0
de9baa
eb24a3
40cd5e
b42f49
3183ae
01cb33
cbf387
4c3f80
c1cd3a
1134a7
248bcd
b871a9
4711b6
dcebc8
ed949b
3e9d50
b4af6d
32638a
ffbb49
ce338c
4acf65
c1cd5d
12b48b
221bd2
ba81ba
463197
dc4be8
efa48c
3c5d48
b62f8b
329363
fe1b62
d0a386
48cf52
c27d81
13946a
1fcbe4
bca1c0
44f177
dc0c12
f1246d
3a2d4b
b82fa1
319341
fd6b83
d2b376
468f4c
c3bda1
139445
1e7c00
bf21bf
432162
dc7c33
f2144b
37ed5e
ba6fa8
306323
fd3ba8
d4535a
442f4e
c5adb3
132422
1d6c22
c111af
40e15d
de0c52
f24429
361d76
bc8fa5
2e530a
fdcbcc
d5333b
423f5c
c7fdbf
11c400
1d4c45
c2c194
3e615a
dfdc66
f1b401
352d96
bebf95
2c5305
fefbe8
d59314
409f75
ca6db9
1003ec
1dac65
c3e175
3c416e
e21c6f
f0a3e8
34fdbd
c0af7f
2a1305
00bc00
d522f4
3f7f96
cc1daa
0df3e2
1f0c85
c40150
3ac187
e45c71
eea3d3
357ddf
c16f61
27e313
02fc09
d392d8
3effba
cddd93
0bd3e5
20bc99
c3912c
39e1a3
e65c5f
ec93c6
36bdfe
c1ff3b
26632c
052c0b
d212c1
3fafdc
cefd75
09d3f1
22cca7
c2210c
3971c6
e7fc48
ea33c9
389e13
c12f17
25634a
074bf8
cfe2b7
410ffb
cf3d51
07e40c
251ca3
c090f8
39f1eb
e8ec26
e853d4
3abe1c
c01efc
25236f
08cbe5
cd82b6
42f00e
cedd31
06e42c
272c96
be60ee
3b0207
e94c04
e6b3eb
3cde18
be2ee3
25838f
09ebc3
cba2c7
44f017
cd5d10
06c450
28bc7d
bc40f0
3cf21c
e8dbe0
e5740f
3f0e0c
bc1ed8
26b3b0
0a2b9f
ca02dd
472018
cbbcf9
073473
29ec5d
b9d0fe
3f2229
e78bc2
e54433
40edf6
b9beda
2893ca
09bb77
c8d2ff
49700b
c98cec
085493
2a3c39
b81118
41a22a
e5dba9
e5b45b
421dd4
b76ee8
2ae3d6
089b58
c84323
4b1ff5
c6cceb
0a34ae
29dc15
b6d136
43d21c
e37b9a
e6d47d
424dad
b58efc
2d43d9
06bb3c
c85348
4cafd3
c4acf9
0c74bb
290bf1
b6315d
45d208
e0fb99
e8a497
421d88
b42f22
2fb3ca
04ab30
c9a36f
4d3fac
c2cd13
0ee4bf
26fbd2
b68184
4721e6
deaba2
eae4a9
412d63
b38f44
31d3b6
01fb2b
cb7390
4d0f83
c12d2f
1144b4
24cbc0
b761ab
4811bd
dc6bb7
ed34ac
3f5d42
b36f6e
336395
ff7b30
cda3a0
4c3f5e
c04d58
13a4a4
222bbb
b911cb
480196
dacbd7
f004a5
3d3d2f
b43f95
341370
fd4b46
d003a8
4aaf3f
c03d7e
15347f
1fcbba
bb21de
475174
d9fbfb
f20495
3afd27
b5efb5
345348
fbbb62
d283a5
489f27
c10da0
163460
1dabd2
bd91e7
45b152
d9dc26
f3a47a
389d29
b81fcb
339326
fa8b86
d4c393
465f22
c24dc4
169437
1bdbec
bfc1e8
43d13b
da4c47
f4d457
365d38
ba2fd5
329303
fa5bac
d6a37b
43ff20
c40ddb
15e416
1afc0d
c221d8
41d12c
db7c68
f53431
34bd53
bc5fd5
30c2ef
fa9bcf
d7a357
41df2b
c64de6
14d3f8
1a6c2f
c3b1bf
3f7131
dd3c7d
f48412
338d70
be7fc6
2e92e1
fbebed
d7d338
401f44
c88de3
12f3df
1afc50
c4d1a2
3da13d
df2c86
f3a3f3
333d92
c00fae
2c62e6
fd9bfe
d75316
3f4f66
ca5dd5
1103d6
1bfc6e
c50183
3bf151
e15c85
f1d3e0
33bdb2
c0ff94
2a82f0
ff9c08
d652fc
3eef84
cbadc0
0f23db
1dac80
c49161
3b1171
e33c77
eff3d6
34fdca
c10f73
293309
019c07
d482e7
3f4fa0
cccda0
0d23e6
1f9c8c
c35147
3ae193
e4bc5f
edd3da
36ade0
c08f51
286324
039bf8
d292e2
408fbb
ccad82
0bd3ff
21ec83
c1a135
3ba1b0
e58c3f
ebe3e7
388de4
bf5f38
28534a
04abde
d092e7
42afce
cc0d60
0b241f
238c74
bf912d
3cd1cd
e56c20
eaa406
3afddf
bd7f24
290369
056bbf
ceb2f5
448fd5
cabd48
0b4443
24fc57
bd6133
3ee1dc
e4bbff
ea0425
3cedcf
bb4f22
2a5385
057b99
cd0317
46ffcb
c8cd33
0bd466
25ac36
bb2147
4131e2
e33bdf
e9b44b
3e4db0
b8af24
2c7398
04bb75
cc3338
492fbd
c65d2c
0d8487
25cc10
b99164
43d1de
e13bcc
eaa471
3f6d8a
b68f39
2ed3a2
032b53
cc1361
4acf9d
c3bd31
0f949c
252be4
b88189
4621cc
de9bc3
ec0494
3f7d63
b48f57
3173a1
011b3a
ccc389
4c3f77
c14d41
1224a7
23cbc2
b831b5
4821ae
dbbbc3
ee24ae
3ebd38
b36f7f
34238d
fe3b31
ce23af
4c6f4b
bf2d5d
1504a6
21dba4
b8d1e0
496188
d94bd1
f0b4bf
3dbd11
b2afa8
364374
fbbb2d
d013cd
4c3f20
bd9d83
17949e
1f0b95
b9b207
4a315c
d70be8
f3a4c5
3bccef
b2efd5
37d34c
f8eb34
d293e2
4b1ef7
bcedae
19c485
1c6b8e
bbc229
4a0133
d52c0f
f664ba
393cdc
b3f002
391325
f6ab4a
d553e7
494ed7
bcfdd9
1bc464
198b93
be1241
491108
d42c32
f8b4a3
36acd3
b59020
3912fb
f4cb6a
d803e5
471ebf
bd6e02
1cb43c
172ba7
c0824c
47b0e8
d40c60
fac486
33dcd4
b7c03a
3872d1
f38b92
da63d7
447eb4
befe24
1d3415
153bbf
c34247
4590ce
d44c86
fbd465
31dce3
ba4049
3752b0
f35bb5
dc53bb
422eb1
c0be3e
1c83ee
142be4
c5623c
4380c4
d58ca5
fc6442
300cfa
bc3047
35929a
f3abdc
dd639f
404ebc
c2be4d
1bb3cf
13dc04
c70227
4150c0
d73cbf
fbd420
2edd16
be603c
33828e
f4abf6
ddb37b
3e6ed0
c4de48
1a23bb
13fc24
c8020d
3f90ca
d91cc8
faf403
2e6d37
bfa028
31a28c
f62c0b
dd8360
3daeed
c69e3e
1833af
153c3d
c861ee
3e20de
daccc6
f973f5
2eed4f
c0800f
2fd29a
f7dc10
dc7345
3d8f09
c7ce2a
1663b3
16bc4b
c7c1d5
3d80f7
dc7cba
f7a3eb
301d69
c08ff2
2ee2ae
f97c0d
dad337
3e1f24
c82e0e
1503c3
185c51
c691bf
3da117
dd7ca3
f5e3f6
31bd73
bfbfd5
2e32cd
faebff
d92338
3f8f38
c81df2
13f3db
1a1c47
c4f1b4
3e812f
de0c86
f47409
336d72
be8fc5
2ec2e9
fbebe2
d72343
414f43
c6fdd9
13a3fc
1b8c34
c2c1b6
3fe144
dd9c63
f39425
355d66
bc7fbc
2fd306
fc4bc1
d57359
436f43
c56dc6
142420
1c8c14
c0f1c2
423150
dc2c49
f3544b
373d4e
ba1fba
31b31b
fbbb9c
d4837d
459f30
c31dba
15543b
1ccbe9
bf11de
44d14e
da0c2f
f3e46e
387d2c
b78fcc
344328
fa4b78
d413a2
479f16
c08dbb
176457
1c7bc3
bdc200
46f13a
d7ec20
f55494
389d01
b5bfea
36c327
f85b59
d4c3d0
48feef
bdddc9
1a2469
1b0b9a
bd322d
494120
d4cc20
f724b4
388cd2
b4200b
39931a
f5ab4a
d5f3fd
49eec2
bb8de3
1d246c
190b7b
bd625d
4b50fa
d1fc28
fa14cc
375ca3
b3103d
3c4301
f26b3d
d7d41e
49de92
b9ae09
1ff461
166b5f
be628d
4c60cd
cf1c40
fd04d7
355c7e
b2d06f
3e52db
ef8b46
da843a
492e5d
b80e37
233451
135b52
bff2b7
4cc09c
ccdc63
0034d3
32ec61
b360a1
3ff2b1
ecab59
dd744c
477e36
b78e6a
258432
100b4f
c292db
4c2067
cb4c8d
0344c5
300c49
b500cc
40a282
e9fb72
e07450
453e11
b7be9a
274407
0d4b5b
c542f2
4b403b
ca2cb7
05d4ac
2cfc42
b6b0f2
40c24f
e80b99
e3844a
428df8
b8dec6
2883dd
0a9b71
c822f9
494017
ca4ced
07d487
2a0c4a
b9310b
400223
e69bc3
e5e438
3ffdeb
ba6eeb
28c3b0
087b92
cad2f5
472ffb
cabd11
08f469
27ac5a
bba119
3e6201
e67bea
e7f41b
3d7def
bc2f03
284387
074bb3
cd42e9
44ffee
cb9d35
09a442
25ec72
be1118
3cc1e9
e6fc10
e913fb
3b2df7
be5f11
273367
06cbd6
ced2d7
429fef
cdad4e
09441e
24bc8c
c0110d
3b01db
e7dc2c
e9a3db
39ae0a
c07f13
25b352
073bf3
cf92ba
40fff8
cf0d57
083403
245ca8
c160fd
3921de
e91c3e
e943be
38de23
c20f0c
24434c
07cc0a
d002a1
3fc009
d0cd56
0733f4
24bcc1
c1f0e4
37a1e6
ea9c46
e853ad
38de3d
c2def6
229350
094c14
cf828c
3f501a
d1dd4c
05a3f4
25dcd1
c1f0ce
36e1f6
ebdc3c
e703a4
399e4f
c31ee4
21d362
0acc13
ce427e
3fb037
d28d35
0463fe
275cd9
c120bd
36f212
ecdc2c
e5a3ac
3ade55
c25eca
213376
0c0c05
cca27e
40f045
d27d1d
037412
28ccd0
bf90b4
37c22a
ed0c0e
e443ba
3c9e5a
c14eb8
21a395
0d0bec
cb0287
42a04e
d13d01
033430
2a4cbd
bd70b6
39723b
ecbbf2
e3b3d9
3e5e4e
bf1ead
2283b0
0d0bcb
c9829d
44d04c
cf9ced
03a454
2b4c99
bb70c4
3b9245
eb5bd1
e33400
406e33
bc9eb3
24d3c7
0c8ba4
c842c4
47203f
cd1ce1
051476
2b8c6f
b970dc
3e4244
e93bb6
e3942a
419e0b
ba1ec0
2773d7
0b5b7e
c7d2ee
49901f
ca6cde
074492
2b3c40
b7e108
412235
e6aba1
e51455
424dde
b78ede
2a63d7
08eb59
c80323
4b5ffa
c71ce9
0a14ad
2a1c13
b6e137
43d21d
e35b99
e6d47c
425da6
b57f07
2dd3d4
062b3a
c90352
4c5fc5
c41d06
0d74b7
27ebe5
b68172
4641f7
dfcba1
e9d49d
416d72
b40f34
30d3bc
02bb2c
cb0386
4d1f8e
c19d28
1104b8
253bc3
b761a9
4801c1
dc4bb5
ed64b2
3fad3f
b30f71
33d397
ff2b2c
cda3ae
4caf55
bf7d58
1464ab
220ba7
b8b1db
49318c
d96bd2
f0d4b9
3d4d15
b31fa9
36136c
fb8b31
d083c9
4b9f1e
be1d8c
17748b
1e6b9e
bb1206
495153
d71bfa
f454b4
3a7cf5
b3ffdf
37c33d
f86b47
d3e3d9
499ef0
bd8dc5
1a2469
1b1b9f
bd822e
48e11f
d56c28
f774a3
373ce1
b5b00f
384307
f5ab6b
d743df
470ecb
bdedfa
1c443d
17dbaa
c09243
4770ee
d44c58
fa3487
342cda
b7e034
3872d5
f3db8f
da43d4
449eb4
befe29
1d1411
154bbf
c3224f
45c0c6
d44c8c
fc1465
315cdf
ba004f
3792a9
f28bb9
dcd3c1
41eea5
c06e49
1d63e8
135bdf
c6024c
43b0b0
d4ecaf
fd6444
2f2cee
bc405a
363285
f26bdf
de93a7
3fbea6
c23e5f
1d23c3
123bfb
c7d23e
4180a4
d5ecce
fde422
2d4d00
be5057
34c274
f29bfb
df938e
3dfeb2
c41e6a
1c43aa
11ec1b
c9322c
3ff0a5
d71ce1
fd7405
2ccd1a
bfe050
33226b
f36c11
dfb377
3c9ebf
c52e68
1b13a0
123c2e
c9d219
3ec0aa
d83ce5
fca3fa
2ccd2b
c0a042
32226f
f44c1c
df4369
3c6ed3
c63e60
19d39d
132c3b
c9c208
3e50bf
d92cdb
fbb3f2
2d3d38
c0a035
318278
f56c16
de835e
3d0edd
c66e4f
1933a9
140c38
c8d202
3ec0cb
d99ccc
faa3fc
2e5d3a
bfb029
31b290
f5ac08
dd7364
3e2ee6
c5ee3b
1903bd
151c27
c79202
3fd0db
d97cb6
fa2410
2f8d2e
be8022
32b2a4
f60bef
dc4379
3fdee3
c47e30
19a3d9
15ec0f
c5e20f
41a0e0
d80ca2
fa142f
30dd1a
bc3026
3452b3
f57bcf
db6397
41aed2
c23e28
1ae3f2
15dbe8
c4322a
43c0d9
d61c8c
faf455
31ccf6
ba5036
36f2b9
f3cbad
db53c1
439eb4
bf8e2f
1d0408
152bc1
c33251
4670c6
d36c81
fc947b
324cc4
b84059
3992ba
f19b91
dbd3ef
450e8a
bc8e3e
20041e
13ab95
c27287
48f0a7
d03c80
fed49d
31dc96
b65086
3cf2aa
ee6b7b
dd4420
45ce52
b9ae5e
239421
112b6c
c2b2bc
4b007c
cccc8d
0204bb
308c5e
b4f0ba
40028e
eadb6f
dfb450
460e18
b75e89
273419
0dcb4c
c3d2f6
4c8042
c93ca2
05d4cb
2e5c2b
b490f8
42f262
e6cb72
e2a475
452dde
b59ec1
2ac405
0a3b37
c5c32f
4d8003
c62cce
09c4cc
2b5bfd
b51135
45422c
e31b84
e64492
43ad9f
b44f02
2e73e2
064b2d
c8835e
4d4fc4
c37d01
0da4c2
27fbdd
b68175
46d1f4
df9ba2
ea54a0
413d6b
b40f42
3143b5
022b33
cbe384
4c6f84
c1ad3b
1164a7
246bca
b851ab
4761b0
dc3bc6
ee449c
3e3d44
b46f7d
33237d
fe5b46
cf439b
4aaf4e
c07d71
14a485
206bc5
bb11d8
473175
d9fbf8
f1e493
3add27
b60fb9
348345
fb3b61
d2e3a6
486f1f
c08dad
17045c
1cbbcc
bde1fc
464140
d86c2d
f5647d
376d15
b7bfe4
35030f
f8cb88
d633a8
45defb
c13de2
18e42d
19bbd9
c1020b
44b111
d7cc5f
f7b45f
346d11
ba0009
34e2dd
f6cbaf
d9339a
431eeb
c23e0e
198402
176bf4
c3b213
42c0f3
d81c89
f9743e
31cd1b
bc401e
33e2b8
f5fbd4
db5386
40bee1
c3ee2e
19d3da
159c0c
c6020b
4110dd
d8bcaf
fa441e
2fdd2a
be2025
3292a0
f5ebf3
dc9371
3eeedf
c52e3d
1943c0
14cc27
c7c203
3f40d3
d96cc3
fa4406
2edd3d
bfc021
31928d
f61c09
dd435e
3d8eea
c67e43
1883b1
14ec3b
c861f7
3e40d6
da1cce
fa43f2
2e6d4c
c0801b
30928d
f68c15
dd4351
3d2ef7
c71e3d
17d3ab
155c44
c881eb
3db0df
daecc9
f993f1
2ebd54
c08012
303296
f77c11
dc934e
3d8f00
c77e32
1783b1
15dc42
c7d1e6
3e50e8
db1cbc
f903fc
2fad4f
bfb00d
3082a1
f7ac02
dbf358
3e7efe
c6be26
1773c8
167c33
c6b1ee
3f50ee
da7ca9
f8c40f
30bd43
be600b
3182b4
f76be9
db336a
403ef7
c4fe1f
1843db
16bc17
c571fe
4120f1
d90c97
f9242e
31bd27
bc5015
3392bc
f67bca
da938d
41fee0
c2ce1d
1a03f5
168bf0
c3f21d
4390e6
d6dc84
f9d453
324cff
ba502c
3632c3
f48bab
daa3ba
438ebf
bfee25
1c940e
158bc8
c2f249
4650cb
d3ac7d
fc147b
327ccb
b83052
3982bc
f1cb93
db93f0
44fe8c
bcee3c
1fd41a
13bb9a
c28281
48b0a8
d03c81
fee49e
31cc98
b64085
3cd2a8
ee3b7d
dd3421
45be52
b9be60
23c41e
10cb6e
c2e2bf
4b0074
cc6c8e
0284b8
302c5a
b550c4
405287
ea3b73
e01451
456e15
b75e93
27c412
0d4b4c
c442fc
4cc039
c89cae
0684c7
2dac23
b4f106
435257
e63b78
e3b47b
44add0
b51ed4
2bb3fd
093b36
c6933b
4d6ff4
c53cd8
0af4ca
2a3bf1
b5614b
45921b
e1cb8a
e7b498
42cd8e
b40f17
2f73d2
04cb2b
c99370
4d3faa
c29d11
0f44bf
268bce
b6f18f
4781d8
ddebaa
ec14a9
403d56
b39f5c
32839c
004b33
cd1399
4c4f67
c08d50
1364a3
226bb8
b901ca
485194
da8bd9
f044a5
3d2d27
b46fa2
34e367
fc1b43
d123b6
4a5f25
bf3d92
16e47b
1e4bb1
bc21ff
48114e
d7ec0d
f4649e
394d06
b57fe0
369327
f87b62
d4f3c6
480ef6
befdd0
19a44d
1a5bb4
bf3223
46f113
d60c44
f83485
359cf0
b7a015
3722ee
f59b8a
d8b3c6
453ecf
bf8e0e
1bc41e
16bbc6
c2823b
4550e0
d52c7b
fae465
328cea
b99039
36b2ba
f3cbb3
dbe3b9
429eb2
c0be3b
1cb3ee
13fbde
c58242
43b0b8
d52ca7
fcf444
2f6cf1
bc4056
36328c
f27bdb
de43a8
3ffea8
c23e60
1d23c2
122bfa
c7b245
41c0a3
d57cd2
fe4425
2d6cfd
be4062
35326e
f1dbfd
e04393
3daea5
c39e77
1d23aa
112c12
c9a23a
406095
d60ce9
fe840a
2bed09
bfc066
346259
f1ec12
e0f385
3c9eac
c4ce81
1ca394
10bc23
ca9232
3f4092
d6bcf6
fe93fc
2b4d17
c0c061
336254
f25c1f
e10376
3c0eb0
c55e82
1c238f
10bc30
cad22a
3ed095
d75cf8
fe43f4
2b5d17
c0f05e
334257
f2bc20
e0f378
3bfeb5
c54e7c
1bf393
111c2c
caa228
3f0099
d72cef
fe33fe
2bed14
c0205d
339263
f2bc13
e07380
3cceb1
c46e75
1c33a4
115c19
c98235
40609b
d64ce3
fe2413
2c9d05
bef061
34e266
f1ebfe
dfe396
3e2ea2
c2ee73
1da3b5
114c00
c8924a
420097
d4acd3
fef42f
2d6ceb
bd4073
36f270
f08be3
dfe3bc
3fce87
c09e78
1f63cb
10cbdb
c7926d
443082
d23cc9
004450
2dacbb
bb3090
39926d
ee7bc8
e083e8
411e5f
bdde87
2223dc
0f3bad
c6f29e
469060
ceccc2
02a474
2d6c88
b950bc
3cf25f
eb7baf
e1e41c
422e2b
bacea6
2593e2
0ccb83
c6d2d9
48f03a
cb6cd1
060493
2c3c4f
b7c0f3
406244
e79ba2
e4344c
427deb
b81ed2
29a3da
09ab5f
c79318
4af002
c78ce6
09b4aa
29fc19
b70137
43a21c
e38b9f
e7447b
41eda7
b59f0b
2de3ca
059b41
c9a35b
4c5fbb
c3cd0d
0e44b4
271be3
b7017f
46c1e3
df0bab
eb44a1
409d63
b3cf4d
3223ad
00eb2d
cc3396
4caf72
c05d42
12f4b1
233bb2
b801ca
48b1a0
da9bc6
ef94bd
3e8d20
b31f99
35c379
fc5b2b
cfe3c9
4c3f24
bded82
17749d
1f0b8f
b9e20b
4a415b
d65bed
f444c5
3afce4
b2dfe5
38e340
f78b37
d3e3f0
4aaedb
bbedc5
1bb47a
1a9b7e
bca24a
4aa10f
d2fc21
f904c1
375cb8
b3e02d
3b2301
f35b4d
d8240d
487e9c
bb2e0c
1f4450
160b7d
bff27c
4a50c4
d07c5b
fd74b1
338c99
b59072
3c72bf
ef8b78
dc6415
45de65
babe52
22041b
11bb84
c372a0
493086
cebc97
012496
2f5c87
b7a0a5
3cf27c
ecbba5
e06414
429e42
bbce94
2403e1
0dbb9d
c732b5
47104d
ce0cd5
045471
2bbc84
ba80d0
3cb241
ea9bce
e3d406
3f9e26
bceec3
2553af
0b3bb6
ca72bf
454025
ce1d0a
061446
288c8a
bd10ea
3bc213
e92bfe
e6a3f3
3cae19
bebeeb
258382
090bd3
cd52bf
42e00b
ce7d32
079426
261c95
bf70fb
3a71f0
e8ac21
e833db
3a6e16
c01f02
25535e
07ebef
cf42b8
417ffa
cf3d4f
08240c
24bca7
c130fe
3951db
e8cc3c
e993c5
38fe1b
c19f0e
24e349
073c05
d062ae
400ffa
cfdd61
0873f5
23bcb2
c240fb
3871cd
e8ec4b
e9f3bd
380e24
c21f15
24833e
072c0d
d0b2a6
3f7ff7
d03d64
07f3ec
238cb8
c290fa
3851d1
e91c4f
ea03b9
37fe25
c25f17
247341
076c0f
d0c2a9
3faff8
d02d5f
0823f4
23dcb2
c210fb
38d1d4
e8ec45
e9e3c1
388e1a
c1af10
253348
072bff
d022b2
409ff6
cf3d5a
087406
245ca0
c11105
3a01da
e80c36
e983db
399e0a
bfef13
263359
06dbe8
cf32cc
425feb
cd7d52
09741b
249c85
bfa11a
3c01d9
e67c1f
ea03f6
3addec
bdcf1f
286368
05ebc8
ceb2ef
445fd4
cb0d4e
0b4439
245c5b
bde13a
3ec1d1
e43c09
eb0422
3badc3
bb7f36
2b336e
03cba2
ceb320
462fb0
c7ed51
0df459
239c28
bca168
4191b9
e0fbfb
ecd44f
3c2d8c
b8cf5b
2ec36d
010b7e
cf235c
486f7e
c46d64
112470
21ebf3
bb91a8
44f198
dd0bf5
ef847f
3bdd4c
b64f91
32c361
fd9b5e
d0c39b
49af3e
c0cd86
15547c
1f3bb9
bb61ea
47f165
d8bbfc
f324a6
3b1d07
b47fcd
36b348
f94b46
d323d3
4a5ef8
bd4db4
1a147b
1bcb8d
bc1234
4a6124
d43c12
f784c2
38ccc4
b32017
3ab31a
f4ab3d
d6640e
4a0eac
ba2df4
1ea46d
17cb68
bdb27a
4c10df
cffc38
fc44d6
35ec87
b2d064
3e22e6
efeb49
da443c
491e60
b80e36
23644e
12eb4e
c042bf
4cc08f
cc4c6b
0114d6
320c51
b380b2
40e29f
eb2b5b
deb45b
46ee19
b6be84
275424
0e0b44
c382fb
4ca045
c94ca5
05d4c9
2e3c2a
b530fa
42c25c
e6db7d
e3a46f
440ddc
b66ecc
2ad3ec
095b4b
c74327
4beff8
c6dce8
0a34ac
29ac13
b7513f
43920e
e36baa
e81471
40adab
b70f14
2d53b2
051b5c
cb6343
49ffb8
c59d2a
0e0485
256c09
ba516f
4371ce
e05be0
ec2463
3d4d88
b82f55
2ed375
016b7b
cf5357
479f85
c55d6b
10e458
217c0b
bd4195
428191
deac17
efa450
399d73
b9bf88
2f933d
fecb9c
d2d357
451f5e
c5ada2
12e430
1dfc19
c061aa
415161
dd7c46
f28435
368d6a
bbcfb0
2f930c
fcdbc3
d5a352
428f44
c64dce
13f403
1bac2d
c321b9
3fd13b
dd6c73
f46417
341d6b
bddfc8
2f12e4
fb5be4
d81343
40af36
c78df0
1463e5
19bc41
c4f1bd
3e6128
dd9c90
f563fe
322d73
bf7fd7
2e82ca
fadbfa
d94338
3edf33
c86dfe
1453ca
192c50
c641b9
3d311c
ddbca2
f603ef
314d78
c08fd8
2df2c1
facc0c
d9f32d
3e0f35
c90e07
1433c1
189c5c
c6c1b3
3d0119
de1ca9
f5f3e7
311d7d
c0dfd7
2db2be
facc0d
da232b
3e1f32
c90e06
1433c3
18ec58
c691b4
3d5119
ddbca7
f5f3f0
315d7c
c01fd9
2e22c2
fabc00
d9b338
3edf2e
c85dff
14c3d0
18ec49
c5c1c0
3e411a
dd3c97
f61403
321d67
bf2fdf
2f92cb
fa3bec
d9134d
403f22
c69dfc
15c3e4
18ec2d
c471d8
403113
db7c8a
f6941f
32cd4c
bcefee
3182d6
f89bd2
d93370
41ef07
c43e02
17b3f9
187c06
c381f9
429105
d8fc77
f81447
336d21
bb0009
3452d6
f6cbb3
d9339e
438ee0
c17e0d
1a8410
174bd9
c2822b
4530ee
d5ec72
fa146b
335cea
b8c033
37d2ce
f3eb97
da53d2
44dead
be5e26
1df41e
151bab
c24264
47d0c4
d1ec75
fd0491
327cad
b6d069
3b72b9
f02b7f
dc440a
45ae70
bb1e4e
221423
123b7f
c2b2a5
4a408a
cdec8a
00f4b1
30dc6f
b590a8
3f3296
ebfb73
df0441
45ce29
b7ee83
265417
0e9b54
c3e2eb
4c104a
c9bca5
0544c4
2e4c30
b4e0f0
426263
e71b77
e2f474
44eddd
b5cec3
2b03fe
0a2b3c
c6532d
4d2ffd
c5fcd0
0a54c8
2afbfb
b5613f
456224
e23b87
e72494
433d96
b41f0d
2ee3d7
052b2f
c9336a
4d6fb3
c28d0e
0ef4be
26ebd1
b6918b
4741de
de1ba7
ebc4aa
408d54
b37f5c
3293a5
003b2f
cd139d
4c7f65
c03d4f
1394a8
228bb4
b8e1cf
489193
da3bd2
f0b4b3
3d2d1c
b3bfa9
359365
fbcb3c
d103c2
4a9f1d
bead95
179480
1ddba2
bba209
48f148
d70c0b
f544ac
392cf1
b4eff0
37b327
f79b57
d573d5
486ee0
bdcddb
1b2452
196ba4
bf323b
481102
d49c46
f94494
352cd7
b6902c
3882e3
f43b82
d923e2
45aeb1
be1e1e
1d741f
156bb1
c28257
46c0c7
d33c82
fcc475
31accb
b9005a
38c2a6
f19bad
dd13d7
428e91
bf0e56
1ee3ee
120bc6
c5c268
44f09b
d2acb5
ff4453
2e4ccd
bba07d
386276
effbd7
e033c7
3fce7d
c05e82
1ff3c0
0fdbe3
c8b26c
42f077
d2cce2
00e431
2bacd3
bde092
37724f
ef0bfd
e253b4
3d7e76
c1ee9f
20039a
0e3bfb
caf26a
417064
d37d05
01e412
29acdd
bfb09d
368232
ee9c1a
e3c3a3
3bbe74
c30eb0
1ff383
0d7c12
cc3261
3fa05e
d41d17
0203ff
28dcec
c1009c
359227
eeac2d
e46396
3ace78
c3feb8
1f7376
0d4c20
cd125c
3f205b
d46d1e
01f3f8
287cf4
c1509a
352226
eefc30
e4838f
3a8e7c
c40eb6
1f4373
0d4c20
cd0259
3f505c
d49d1c
01d3fa
28ccf5
c11099
35922b
eedc28
e40396
3b0e7a
c37eb0
1fb37e
0d4c17
cc4260
40205e
d3dd14
023409
293ce4
c0009d
368231
ee5c1b
e3d3a9
3c4e6c
c21ead
20838c
0d3bfd
cb5275
419058
d25d08
029420
29dcc9
be70ac
385236
ed3bff
e3b3ca
3d7e57
c02eb5
2273a1
0cbbd8
ca9297
43a048
d01cfb
04143f
2a0ca3
bc70ca
3ac235
eaebe7
e453f3
3eae2e
bd6ec6
24d3b0
0b2bb7
c9f2c7
46102a
ccfcf9
064464
29cc70
bad0f1
3e0227
e82bd1
e58420
3f8dfb
badedf
2823b9
094b8a
c9e2fb
483ffe
c99d05
09547e
28bc3b
b9d124
41420e
e48bc1
e7b455
402dc0
b7ef0b
2bf3b5
060b65
caa338
4a4fc7
c5fd1a
0d0497
269c04
b8d168
44a1e6
e07bbd
ea9483
3fad81
b58f43
3033a1
022b49
cc9375
4b8f85
c22d3c
1154a1
23fbcd
b881ab
4751ae
dc2bca
ee94a8
3e3d39
b3bf85
345382
fdcb33
cee3b4
4bdf3d
befd6f
15b4a0
204ba0
b981f4
49c170
d7cbe2
f2b4bf
3c4cf9
b2cfcd
381357
f92b31
d243e8
4baef3
bbedad
1a948a
1beb7c
bb523c
4b2126
d3ec09
f754d0
395cbd
b2d017
3b031c
f46b36
d63411
4a2ea8
ba0df0
1eb46a
179b6a
bdd27c
4bc0dc
d04c3a
fc34ce
35ac8d
b3705f
3d72de
f04b53
da6429
483e6a
b93e39
225442
132b65
c142ad
4b7098
cd9c75
00a4bb
318c6e
b520a2
3ed29a
ec3b75
def439
455e32
b90e7c
25540d
0ebb6c
c4c2d1
4a0054
cbccb1
04549f
2d9c5d
b780d6
3f5259
e93ba0
e30435
422e0a
b9debc
2763d6
0b0b7f
c882e8
48801c
cb0cee
07847b
29dc58
ba4103
3f121c
e72bd2
e69429
3efdf1
bb0ef1
28639f
082b9d
cbd2f3
462ff3
cb2d25
099454
26ac5d
bd1121
3e31ec
e5cbff
e97411
3c0de3
bcef1b
28b373
05fbbf
cea2f0
43efd5
cb8d52
0ad430
240c6c
bf7132
3cf1c9
e58c2a
eb63fa
397de3
bebf35
28834a
048be0
d0d2e7
41dfc4
cc8d73
0ba40a
225c80
c16134
3b71b1
e56c48
ec83e2
37cde6
c08f43
27f32f
03fbf6
d262d8
406fc2
cd6d82
0b83f2
214c94
c2e12f
3a51a4
e5fc5a
ecb3cd
36cdf1
c13f44
274324
03fc08
d2d2c9
3f7fc5
ce4d89
0b33e6
213c9e
c35129
39c1a4
e66c62
ece3c5
366df7
c1df41
26d324
042c0b
d2f2c8
3f6fcd
ce6d87
0ac3e7
216c9f
c32124
39e1aa
e69c5c
ec83ca
36cdf9
c18f3c
26d32a
048c03
d262c9
401fd0
cdfd7d
0ac3f5
220c94
c23128
3a61b5
e63c4e
ebe3d7
37fdf3
c05f3a
27933b
04bbf1
d162db
416fcb
ccfd6f
0b340a
224c7e
c0b135
3c11ba
e57c38
ec03f6
392ddc
be6f3f
29434a
042bd4
d062f7
436fbb
cabd67
0c8427
22ac5e
bf514b
3e61b9
e36c1f
ec8418
3a3dbc
bc4f4a
2b635c
02dbb1
d00322
455fa0
c80d69
0e9445
227c31
bd8171
4101ab
e0cc0c
ed9443
3b1d8e
b9af65
2e9360
00fb86
cfe354
476f7e
c51d70
116461
216c01
bc51a1
441190
dd8c01
efc46f
3b5d56
b71f8b
31f359
fdfb69
d11389
48ff4b
c1ad85
14c472
1f9bcb
bbd1db
46d16c
d99c00
f28499
3acd1a
b50fc1
35b349
fa7b4f
d293c1
49ff0b
be4da7
18d47a
1cbb9b
bbd21c
495139
d59c0c
f5f4ba
397cd9
b39ffd
39832a
f66b42
d543f9
4a2ec7
bb8dd9
1cc474
194b76
bd125f
4b70fe
d1bc25
fa24cf
377c9e
b2c043
3cc2ff
f1cb40
d88428
49be85
b93e15
211460
154b5a
bee2a0
4c90b4
cdfc4f
fe94d9
342c6e
b3108a
3f62c4
edbb4c
dc444c
480e3f
b73e57
25143c
10db4a
c182d9
4ce070
cb2c7f
0304d1
309c42
b420ca
415289
e9ab69
e06461
45de08
b6be99
283410
0c9b49
c4c302
4c702d
c89cbc
0704bd
2cec28
b63109
42a244
e62b8d
e4a465
430dd5
b6fedc
2af3de
08cb57
c86323
4adff3
c75cf5
0a849c
28cc1c
b8513b
42b205
e39bbd
e8845e
3fddb3
b7ef1a
2c63a2
055b6c
cc1335
48efc0
c6dd30
0d3472
250c20
bb415e
4201d0
e1cbeb
ebd44d
3c9d9f
b98f49
2d4372
028b8f
cf4335
464f97
c72d64
0f044a
21fc2b
be3179
40f1a0
e0bc1c
eea431
396d95
bb8f6c
2d4342
00cbb3
d22331
442f7f
c80d90
104423
1fbc3e
c09180
3f517f
e0ac45
f00415
372d9a
bd7f84
2ca31d
ff6bd7
d46322
41ef75
c93dad
108400
1e0c55
c2a180
3d916b
e0dc65
f103fa
353da6
bf1f8e
2b8304
ff3bf1
d58310
403f78
ca6dbe
1003eb
1d4c68
c44176
3c5163
e1bc77
f143e7
346db6
c09f8a
2ac2f5
ff9c02
d642ff
3f5f80
cb9dc3
0f93db
1d4c79
c4d169
3b4164
e27c7d
f0d3d9
342dbf
c13f87
2a02f7
002c08
d5f2f4
3f0f88
cbfdba
0f03db
1dac80
c47164
3b416d
e30c7a
f023da
34cdc7
c0ff7a
29e300
00cc06
d552f4
3f7f93
cbddaf
0e93e8
1e9c7a
c3d15f
3b7179
e2dc68
ef93e5
35cdc4
bfef74
2a3312
011bf1
d422ff
408f95
cb1da2
0e73fb
1f5c6b
c26167
3d0183
e22c53
ef5401
370db2
be5f70
2b8323
00ebd5
d33317
42af89
c91d95
0f9415
1fcc4c
c0c176
3f4187
e0dc3b
ef6420
385d96
bc2f7a
2d5333
002bb3
d2633b
447f78
c6ed8f
113433
200c27
bf2194
418181
de9c25
f0444a
395d71
b9ef8f
2ff341
fe5b8d
d23366
469f55
c3ed94
13444c
1f3bf5
bd91c0
44616c
dbcc19
f1b471
39dd3d
b74faf
33533f
fbfb70
d2d39a
485f2a
c0eda5
16a466
1d8bc5
bcd1f7
47314c
d83c12
f43499
398d07
b53fdb
366332
f8bb56
d403cd
496ef3
bdbdc4
1a546f
1b6b97
bca232
49a121
d49c1d
f784b7
386ccc
b3c014
3a1315
f51b45
d663ff
49deb4
baeded
1e0468
181b75
bda26e
4bb0ea
d0ec31
fb44cd
367c99
b30051
3d12f0
f10b45
d9242c
494e74
b89e22
21f45a
148b56
bf52a5
4ca0ac
cd7c56
ff44d6
33ac67
b30093
3fc2bc
ed1b4f
dc644f
481e37
b72e5c
25743a
109b46
c1d2de
4ce06d
ca8c83
0344d2
308c40
b3f0d4
418285
e94b68
e08463
45fe01
b6ae9c
288413
0cab47
c4d307
4c802e
c8ccb8
06f4bf
2cdc29
b5a10a
42924b
e5fb8c
e4646a
436dd4
b6eedb
2b03e2
08eb53
c82322
4b2ff4
c75cee
0a44a1
295c19
b80136
42c20b
e3ebb7
e7f460
403db8
b7cf14
2c23af
05cb6c
cb5335
490fc6
c6ed27
0cd47c
260c1c
ba915a
4221d9
e20be6
eaf451
3d0da5
b96f41
2cf37d
032b8a
ce9334
46dfa2
c72d5c
0e6458
22ec2d
bd516d
40e1ac
e12c11
ed6437
3a5d9d
bb3f5f
2ce351
01abae
d1332c
448f8f
c83d7f
0f742d
20bc3f
c01175
3f4191
e14c39
eef418
380da5
bd6f73
2c332a
007bcf
d33319
422f89
c9cd9c
0f440c
1f5c57
c21170
3d817e
e1dc57
efc3fa
362db4
bf0f7d
2ad312
009bed
d4a306
40af8d
caedab
0ee3f1
1e9c6e
c39164
3c0176
e2cc69
efe3e5
353dc4
c08f78
29c309
00fc04
d4e2f1
3f7f92
cc2dab
0dd3e1
1ecc85
c43157
3ae17c
e3bc73
ef43d4
352dd3
c17f6e
28d30a
01dc0b
d4a2e0
3f2fa3
cd1da8
0d13de
1f6c90
c40149
3a8189
e4ac6b
ee63d2
35dde0
c13f5c
283314
02bc06
d3b2dd
3fafb1
cd4d95
0c53e8
209c8e
c3013a
3ae19b
e55c5b
ed73d8
36dde7
c08f50
285328
03bbf9
d272e2
409fba
ccbd85
0c1400
217c81
c1e13d
3bc1aa
e4fc46
ecd3ec
385ddf
bf1f45
28f33e
03dbdf
d152f2
428fbd
cb4d6e
0c441d
227c69
c00148
3db1b5
e41c29
ec540d
39bdc6
bd0f45
2a6354
038bb9
cfc310
449faf
c93d61
0d543a
230c49
be115c
3ff1b5
e23c11
ec6435
3b2da9
baaf50
2cc366
024b99
cf3337
46af98
c68d5d
0f345a
22ac1a
bc717b
4281ae
dffbfd
ed945c
3c1d7b
b82f69
2f836c
009b74
cf4367
488f77
c3ed68
11b471
220be8
bb81ab
457196
dcdbf0
ef5484
3c6d4e
b5ef8a
32e368
fe0b53
d02398
4a1f46
c0bd7b
151483
201bbd
bad1de
47d176
d97bee
f1e4a8
3c2d12
b43fb9
36535c
fabb42
d193cc
4b0f12
bddd9c
184487
1dcb98
bb2215
4a2147
d5dbfc
f544c3
3a8cde
b33ff1
39233b
f72b36
d3d3f4
4b2ed8
bbadc9
1c1481
1abb74
bc1250
4b5112
d2bc15
f894d3
386cae
b2a02c
3c1311
f38b39
d6d41a
4a4e9d
b9ddfb
1f646b
171b63
be1284
4c20d9
cfdc38
fc44d4
35ec89
b31064
3dc2e0
f01b47
da2433
48ce6a
b8be34
22744e
139b5d
c052b0
4bf0a0
cd9c66
ffe4c9
329c6c
b4409a
3f22ab
ed0b66
ddb43b
467e3f
b88e6b
24f424
102b65
c352cc
4b1068
cc0c9a
0314b2
2f2c5d
b630c5
3f5274
eaab89
e1043b
43de1d
b96e9e
2633f1
0d0b75
c622de
49603c
cb9ccd
05948e
2c4c5e
b8a0e8
3f2244
e8dbb7
e40429
411e07
ba7ec9
2743c3
0a7b91
c942e3
47601c
cb8cf8
07546c
296c67
bb20fc
3df219
e7fbde
e67417
3e5e03
bc5eeb
27139b
08dbb1
cbd2dc
450007
cc7d1f
081447
273c7b
bd9107
3c81fc
e7dc07
e7f3fa
3c1e08
be5efe
265377
080bd3
cde2c9
431000
cddd3d
084423
259c92
bfb102
3a91eb
e88c25
e8c3da
3a3e14
c00f06
25535f
07ebef
cf42b7
414ffe
cf5d49
07d407
250caa
c120f6
3931e4
e98c39
e8e3c2
38fe29
c1ef03
23d350
087c08
cfa29f
3ff00d
d0dd52
06d3f6
24fcc0
c1f0df
37b1e9
eadc42
e823ac
38fe3f
c2fef5
22b352
096c14
cf628a
3f7021
d20d48
05a3f3
25ccd2
c200cf
3701f7
ebfc3f
e723a5
395e4c
c2fee2
21a35f
0a9c16
ce627d
3f9035
d27d3a
0463f8
271cd8
c150bd
36d20e
ecec30
e5a3a7
3a7e5b
c2dece
212372
0bac0a
ccf27b
409043
d29d1d
03b40e
289cd6
bfe0b4
379224
ed4c17
e493b5
3c1e5b
c17eba
21738c
0cbbf5
cb8282
42404e
d19d07
034428
29acc0
be10b1
390237
eccbfb
e3a3d1
3e0e52
bfdeae
2283a9
0d1bd3
c9d297
44504e
d02cf2
03944a
2b1ca4
bc00be
3b0245
ebbbd9
e343f5
3fde3c
bd6eb2
2433c0
0cbbb0
c892b8
46a041
cddce1
04b46c
2b9c7f
b9f0d6
3d8246
e9dbbf
e3641f
415e18
badebb
2693d3
0bbb89
c7c2e2
489029
cb3cdd
06a48c
2b6c51
b850f8
40323e
e79ba7
e4444a
420ded
b82ed0
2953da
09cb64
c7b30f
4ab008
c82ce2
0914a7
2a9c21
b72123
430227
e4ab9c
e64474
427dbc
b61ef5
2c93d8
076b47
c89340
4c1fdb
c54cf5
0bd4b8
291bf5
b69158
457207
e13b9a
e89492
420d8a
b46f20
2f83c6
044b2f
ca036e
4cffa5
c27d16
0f74b9
267bd1
b6c18e
4771db
de0ba9
eb74aa
40ad58
b35f54
3273aa
00db29
cc1396
4d0f72
c05d3e
12b4b3
23abb6
b7f1c2
48a1a7
dafbc0
eec4b5
3e9d2c
b30f8a
34c383
fdbb2d
ced3b8
4c2f3c
becd6d
15949f
209ba6
b9a1ee
492178
d89be5
f204b7
3c3d0a
b39fbb
368359
fa9b3f
d203ca
4aaf0e
be6d9f
18247f
1d3ba2
bbe20f
48e144
d6cc0c
f564a9
396cf6
b50fe9
37732a
f7eb57
d4e3d4
48beeb
be8dd4
1a345a
1a5bac
be9228
47c115
d5cc38
f7b48e
368ce9
b6a00f
3792f8
f5fb7c
d7e3ca
462ed2
bf2dff
1b6430
17dbc0
c16233
4650ef
d59c64
f9b475
33bcf0
b8f028
36e2ce
f4cb9f
da53bb
43aec6
c06e24
1ba405
15ebda
c3d232
4440d7
d5fc8a
fb1450
316cfc
bb3036
35a2ae
f45bca
dbf3a2
412ec4
c23e3b
1b43e3
14bbfa
c5e228
4200cd
d70cae
fb6430
2fbd10
bd7034
34129b
f49be8
dd1386
3f5ecd
c42e46
1a63c6
146c18
c74212
4030ca
d89cbf
fb0412
2efd2d
bf002c
323291
f58c00
dd736b
3dfee4
c5fe43
1903b5
148c33
c801f9
3ed0d3
da1cc7
fa33fa
2e9d46
c0501a
30c291
f70c11
dd2352
3d6efa
c73e38
1763b1
15bc46
c821e5
3de0e9
db9cc2
f8d3ef
2f1d5d
c0b005
2f729c
f85c13
dbe33f
3d8f14
c82e23
1613b9
170c4d
c7a1d1
3d80fe
dcacb6
f743f0
302d6a
c04fee
2ee2b3
f9cc06
da833c
3e6f25
c82e08
14f3c9
18ac46
c631c3
3e0113
dd0c9b
f623fc
31ed6d
bf1fdb
2ee2cf
fadbf1
d8a340
400f30
c78df3
14b3e4
1a0c3a
c461c1
3f512b
dcfc81
f4f413
33ad65
bdafcd
2fb2e7
fb2bd8
d75351
41df34
c5fddf
14f405
1b1c22
c291c6
411139
dc2c5f
f47434
356d51
bbbfcc
3142ff
fafbb4
d63370
441f29
c42dd0
15c423
1babfe
c0b1dd
438139
da7c48
f4b459
36dd34
b94fd8
336311
f9db91
d57394
45cf13
c18dcc
17643d
1b5bd6
bf21fe
45b132
d82c36
f5947f
379d0d
b70fec
361317
f83b73
d5a3bf
47cef1
bf0dd1
19a454
1a8baf
be3225
48411a
d5ac2b
f774a5
378cdb
b5200b
38b310
f5cb59
d693ec
48dec6
bc4de9
1c945f
18bb8a
be0255
4a30fd
d29c33
f9c4bb
36ecb3
b3b032
3b7300
f30b48
d81416
493e9b
ba2e07
1f9461
168b68
be7286
4c00d3
cfcc42
fc94d0
358c85
b31065
3e12e1
efeb45
da0435
493e66
b85e2d
226454
13eb53
bfa2b0
4ca0a5
cd4c57
ffa4d7
336c63
b33095
4002ba
eceb4f
dcd44f
480e36
b74e5d
25743e
10eb4a
c192da
4cd073
cb1c80
0284d2
30ec47
b400c7
41028d
ea2b66
dfd45c
463e0f
b71e8e
279418
0dab49
c402f7
4c5040
c99ca8
0564bc
2e3c38
b580ee
41925e
e7db7f
e2a45c
440df1
b74ebe
2943f2
0adb58
c6930a
4b0015
c8dcd9
07e4a3
2b2c31
b78111
418230
e63ba8
e59452
418ddc
b8aee6
29d3c8
08ab70
c96310
48eff9
c91d02
09a480
289c3c
b9e125
408209
e55bcf
e7e43c
3eddd6
b9df05
29f39e
06eb8f
cbf307
46efe4
c9bd28
0a645d
265c4d
bc412e
3f41e7
e52bf8
e9741f
3c4ddb
bc0f1a
294379
05cbb2
cdf2f8
449fda
cb2d47
0aa437
24bc67
beb12b
3d51d5
e59c1a
ea23ff
3abde9
be2f25
28135c
05abd7
cfc2df
429fdd
ccfd5b
0a441c
23dc86
c0711f
3b51ca
e6cc31
eaa3e1
393e01
c03f20
26734b
063bf4
d062c4
40efeb
cead62
0943ff
23dca3
c1a108
39a1ce
e87c44
e9f3c4
389e1b
c17f13
24d345
074c07
d062a7
3faffe
d01d5c
0793f4
244cbd
c220ee
37e1dd
ea0c48
e8e3b4
386e33
c2df01
23034c
089c15
cfa28f
3f6019
d1ad4c
05f3f2
256cce
c210d3
3711f5
ebac41
e763a5
395e4a
c30ee5
21f35c
0a6c15
ce7281
3fa031
d24d37
0463fc
271cd7
c110be
36d20f
ecec2c
e5e3a9
3a9e5a
c28ecb
213377
0bec09
cce279
410045
d26d19
034410
28ccd0
bfa0b0
37a226
ed7c10
e413bb
3cbe61
c14eb2
214396
0d3bf0
cb1282
426055
d19cff
02c42c
2a6cc0
bdb0ae
38f242
ed4bf5
e303d4
3e7e57
bf8ea2
2203b2
0debd0
c92293
44905d
d06ce5
02a451
2beca3
bb60b0
3af251
ec9bd1
e213f2
408e43
bd5ea0
2393cf
0dcbac
c7a2ac
46a054
ce8cd2
037473
2c8c84
b950c7
3d525a
eb1bb2
e1f419
41fe28
baeea5
2583e4
0d2b87
c6b2d3
490043
cbdcc7
053493
2ccc5a
b7d0e2
3f9255
e8fb9a
e2b441
430e02
b89eb8
2823f0
0b8b63
c662ff
4af023
c92cc9
0744ae
2c1c2e
b69109
426246
e64b8d
e4046b
439dd6
b64ecf
2b03ec
097b46
c6f32c
4c5ffb
c68cd9
09e4bd
2aec09
b5b138
446228
e34b8e
e64484
434dac
b4fef8
2da3e1
069b34
c80354
4d3fd0
c42cf4
0ca4c5
28ebe6
b60163
467204
e0ab94
e8e49e
424d7f
b3cf26
3063c7
03eb2c
ca2377
4d2fa2
c22d15
0f94bf
266bcc
b6c190
4771db
ddeba9
ebd4aa
40cd5a
b38f54
3253a8
012b32
cc5391
4c8f77
c10d40
1264ac
23cbbf
b871b9
4801aa
dbcbc3
ee84a7
3e5d39
b42f82
33d384
fe5b3b
cf23a2
4b3f4d
c02d69
148490
20ebbe
ba61d6
479182
da3bed
f1349d
3bbd29
b53fa7
345358
fc1b57
d1d3a7
494f2d
c09d9a
16246d
1e2bc8
bcd1e8
46715a
d99c17
f38484
395d21
b6efc8
34732c
fa8b79
d4539e
46ff19
c18dbd
170445
1bfbda
bf41f1
44e139
d97c40
f53468
36ad29
b92fde
33b306
f96b9c
d6938d
448f11
c2ddde
17341f
1a5bf6
c191ec
433124
d9ec61
f62449
349d37
bb5fea
3262ec
f95bbe
d7c375
427f13
c4bdf0
16b3fd
197c18
c391e1
40d119
db4c80
f65423
332d51
bd6fe6
3092d8
f9ebde
d90358
409f22
c69dfc
1583e2
192c33
c511c9
3ee11a
dcfc90
f5e407
324d6f
bf2fda
2ec2cd
fafbf8
d90336
3f3f39
c88df6
13e3d4
19cc57
c5c1ae
3d612b
debc95
f4a3ed
324d88
c08fc2
2cf2d1
fc9c0a
d8831c
3e9f51
ca0de7
1243ce
1b0c6a
c5e192
3c1141
e05c93
f323e1
32cda0
c0efa6
2b62e1
fe2c0c
d7630b
3ecf6c
cb1dd3
1093d4
1c4c74
c50178
3bb15b
e1bc82
f163dd
341db4
c0cf8d
2a82fa
ffac02
d5b2ff
3fbf84
cb5db8
0f43e3
1e0c74
c3d169
3c2173
e27c6a
f003e9
35bdbe
bfef74
2a4313
012bee
d40300
411f95
cb0d9b
0e43fe
1fec67
c1d15f
3d318d
e2cc4d
ee5400
37ddbb
be2f61
2ae331
01dbd3
d2230d
42dfa0
c9dd7e
0e241e
214c51
c00160
3ec1a2
e26c2b
ed941a
39adad
bc4f59
2c034d
024bb2
d09326
44ff9d
c82d6d
0eb43f
224c31
bdb170
40b1ab
e0fc0f
ed543f
3b1d95
b9ff5c
2de365
01bb8c
cf6347
475f8f
c5fd62
0fd460
22bc0f
bc1189
4341ab
df2bf7
edb464
3c9d73
b7bf65
301373
007b6c
cf236b
490f78
c36d64
11c47c
224be3
bab1aa
45a19f
dcebe6
eef486
3d0d4d
b5cf82
329374
fe7b4d
cf9398
4a9f4f
c0fd6d
14848f
212bc0
ba11d3
47f182
da2be1
f0e4a4
3cbd23
b41fa5
354369
fc3b3a
d043bf
4b7f26
be7d85
16f495
1f3b9d
ba11ff
49a165
d77be7
f364c2
3becf6
b2cfcc
37d356
f96b30
d213e2
4b8efd
bc4da2
19c491
1d0b85
bad229
4ac13d
d4cbfd
f5d4cd
3a5cd1
b2affc
39d339
f68b34
d423fc
4afed2
bb0dca
1c647f
1a7b75
bc4252
4b910d
d2cc17
f8b4d0
384cb5
b32027
3b9313
f3cb42
d6e40f
49bea9
baadf8
1eb465
178b72
be2272
4b20e3
d11c3e
fb84c4
35aca1
b3e050
3c42e9
f1bb5a
d99415
47ee86
ba9e20
204444
150b79
c09285
4a40bc
d03c66
fdc4ab
332c9a
b5b070
3c22bd
efdb77
dc540f
459e70
bb6e4c
21641c
128b8e
c3228e
48909a
d01c8e
ff848e
308c9c
b7e086
3b7295
eecba0
dec3fd
436e66
bcae69
2173f6
10bbaa
c5828e
468081
d0acb3
00a46b
2e5caa
ba1093
3a4276
ee8bc4
e023e3
40fe65
beae85
2103d0
0f9bc9
c7d27f
446075
d1ccd1
00f448
2cbcc2
bc9092
38a25b
eefbe6
e153c6
3efe73
c0ae8e
1ff3b3
0f5bea
c9526d
428071
d35ce9
00a428
2bccde
be5089
36b252
efdbfe
e1d3a8
3d6e87
c28e91
1e939d
0f9c09
ca724f
40b07e
d51cf6
ffa40c
2b2d01
bfc073
349252
f17c15
e1438b
3c7ea2
c45e85
1ca392
109c22
caa234
3f4093
d6ecf3
fe33fa
2b8d1b
c09059
330260
f2fc1c
e09371
3c2ebf
c5be70
1b1397
11fc34
ca321a
3e60aa
d89ce6
fc93f4
2cad30
c0b041
31c270
f4dc19
df2363
3cbed6
c66e58
1983a3
13ac36
c92204
3e70c6
d9acd2
fae3f9
2e3d3d
c02026
31428f
f62c0e
dd535d
3dfeee
c63e39
1843ba
15ac32
c771f1
3f00e3
da4cb4
f95408
2fcd41
bef010
3162aa
f76bf3
db3366
3faefd
c58e1f
17e3d5
16fc22
c581f0
40a0fb
da0c99
f83420
31fd39
bd4000
3242c5
f81bd2
d9d375
416efd
c43e09
1803f9
185c07
c3c1f9
423106
d94c78
f7a447
339d26
bad000
33c2de
f7dbb2
d88394
43bef1
c23df8
191418
190be7
c1c20f
44b10b
d7ac5e
f80465
34dd08
b8f007
35c2ef
f6fb8d
d7d3ba
45bee2
bfbdf5
1aa432
18cbc3
c0422e
46c104
d59c4d
f8a48a
35bce5
b6901b
3842f5
f54b73
d7c3de
474ec1
bd5dfa
1c9449
180b97
bf7251
4920f0
d31c43
fa14ac
35dcbe
b4f039
3ac2f0
f31b5d
d8a407
485e9d
bb0e0c
1f0453
168b76
bf727d
4b00d1
d05c4a
fc84c4
352c92
b3f05f
3d32e0
f09b50
da142b
48ae73
b90e28
21d450
145b5c
bf82a6
4c20ad
cddc58
fec4d4
33dc6d
b35089
3f82c6
edbb4d
dc0447
484e45
b78e50
24b446
11cb4c
c112cc
4d2081
cb7c71
0174d7
320c4f
b390b2
40c2a5
eb1b57
de845d
474e20
b6ce79
26b42a
0f2b46
c2e2ec
4d3055
c9dc90
0464d0
2f8c38
b460de
421279
e8db6f
e16465
45adfa
b67ea1
28b40b
0c7b48
c4d305
4c202b
c8acbb
06d4bc
2d0c2d
b5f103
42324e
e6ab8c
e3c463
436ddf
b72ecf
2a03ea
09fb58
c76314
4ac007
c87ce3
08b4a1
2a4c2f
b7f120
41c227
e56bae
e64451
411dd2
b87ef2
2a73bd
07db72
ca2315
48efee
c8ad0c
0a047c
281c37
ba212e
40b201
e4fbd4
e8343e
3e9dcf
ba4f0e
2a2397
069b92
cc530c
46cfde
c98d2c
0ad45c
263c4c
bc8131
3f01e7
e4fbf9
e9a41d
3c2dd7
bc3f1e
294379
05cbb4
ce42f5
449fd8
cb4d4b
0ac437
24bc69
be9127
3d31d2
e5ac1b
ea4400
3a8ded
be6f21
27d35d
05ebd9
cf82dd
429fdd
cd1d58
0a0418
23fc89
c07117
3b11d1
e72c34
ea53da
392e05
c03f1b
26234c
06cbf5
d042bc
40dfef
ceed5c
08c400
242ca9
c1b100
3931d9
e8cc3f
e963c0
38be1e
c20f0c
24334a
080c0b
cff2a2
3fe009
d09d54
06f3f4
24dcc1
c1f0e0
37b1e7
eaec45
e843ad
38ee3e
c2def3
228352
097c14
cf5287
3f5023
d22d44
0503f2
261cd7
c1b0c9
36c200
ec6c39
e693a1
39be58
c33ed9
212364
0b3c17
cdf275
3fa03f
d31d28
0393fe
27ece0
c0d0af
36721d
edac27
e4b3a6
3b1e69
c2feb9
20137f
0d2c07
cc1269
409058
d35d0e
02040f
29bce0
bf709b
36f23b
ee9c0f
e2c3b0
3cee71
c1cea0
20439c
0e7bf8
ca226d
42206a
d31cf0
01142d
2bacd2
bd8094
37f254
eeebed
e183c5
3f1e72
c03e8f
2063bc
0f5bd6
c8327a
446076
d1bcd1
00d44d
2d2cba
bb8096
39b26a
ee5bc9
e0b3e9
413e63
be0e85
21b3db
0f9bb3
c6b291
467071
cfecba
016472
2e1c99
b930a3
3c0275
ed2ba9
e02409
42ee4b
bbde83
2373f4
0f3b90
c582b5
489065
cdacb0
02c494
2e8c73
b750bb
3e5273
eb3b90
e08431
442e25
b96e92
25e3fe
0deb6b
c4f2d8
4aa04c
cb1cb0
0494ae
2e2c4c
b610df
40f269
e90b80
e1b456
44bdff
b74ea6
28a404
0c1b4c
c51304
4c6029
c89cb7
06e4c3
2d3c23
b4f104
431254
e64b7b
e36477
44cdd5
b58ecb
2b03fe
09eb37
c6032e
4d3003
c64ccc
09b4cb
2b8c03
b52130
44e234
e38b83
e5c48b
43edad
b4aef1
2d83ec
077b30
c7a351
4d5fdb
c46cea
0c24c8
295beb
b5a15b
46020f
e13b91
e8449b
425d88
b3ff1c
2fa3d0
04ab31
c9b36b
4d1fb1
c30d0f
0ec4ba
270bde
b70182
4691e7
defbac
eaf49e
408d6b
b47f46
3113ac
021b3c
cbd37a
4bcf89
c24d38
10e4a2
243bd6
b8c19d
4651b8
dd7bcd
ed748f
3e2d5c
b57f6d
31b385
ffcb52
ce9380
49ef6b
c29d63
124482
219be0
bb11b2
458194
dcdbf3
efc479
3bcd54
b70f88
31935c
fe5b72
d10378
47ff57
c33d89
13645d
1f9bf2
bd61b9
440172
dc9c1b
f1545e
396d55
b8ff9f
30e335
fd6b91
d3136a
459f4e
c4bda4
137435
1e0c0b
c001b5
423162
dd3c3e
f2443f
375d67
bb3faa
2fd318
fd4bb5
d4a350
436f4f
c65dba
12b417
1cec2b
c1b1a7
401158
de7c5a
f2741f
358d7e
bd7fa3
2e1304
fdabd7
d5d334
418f5b
c85dc5
11f3f7
1cec4b
c35190
3df157
e01c6d
f1f3f9
349d9c
bf2f9a
2c12f9
febbf3
d61314
402f70
ca7dc4
1033e8
1d9c6b
c41175
3c3165
e1dc76
f0f3e7
349db9
c09f84
2a62fb
005c04
d592f6
3f2f8e
cc2db3
0e73dc
1e6c83
c48155
3ae17c
e3cc74
ef43d1
351dd5
c16f68
28730d
01dc0a
d452df
3f3fab
cd4d9e
0c93e2
1fec94
c3c13b
3a3198
e55c66
ed73d0
366def
c15f4c
274324
03ec07
d2c2ce
3fbfca
cdfd81
0ad3f1
21dc9a
c27120
3a41b6
e6bc50
ebb3d4
380dfe
c0cf2d
26c33f
05cbf9
d0c2cc
410fdd
cddd62
09a407
23cc92
c0a114
3ae1d3
e73c2d
ea03e6
39fe01
bf5f16
26c35f
071bde
cf02ce
42cff0
cd4d45
08e42b
257c80
beb110
3c41eb
e73c10
e893fc
3bfdfd
bd8f08
278380
077bbd
cd32e7
453ff3
cbdd29
09144b
26ac66
bcb117
3e31fd
e65bee
e8041c
3dfde7
bb6efe
292398
078b98
cbb2fe
475fed
c9dd1a
09e46e
27ac43
ba712a
4071ff
e51bd2
e80444
3f7dce
b93f08
2af3ab
06db76
caa31f
496fdf
c77d10
0b548d
27cc1e
b90144
42e1fd
e2ebbc
e8b469
403dab
b6df18
2d63b8
057b56
ca7348
4b0fbe
c50d15
0d74a1
273bf8
b7c165
4501eb
e0bbb1
e9f48a
40ad84
b50f31
2fd3b4
036b3c
cb2370
4c3f9d
c2ad22
0fa4b0
261bd5
b78190
4741d3
dddbb0
ebc4a5
404d58
b3cf54
3263aa
010b30
cc6396
4ccf76
c09d3c
1244b0
23ebb7
b7b1b7
4871b0
db7bbc
ee34b5
3f6d31
b31f7f
347390
fe5b26
cdf3b3
4c9f4d
bf3d5e
14e4a9
21cba5
b8e1e0
49318a
d94bd3
f0c4b9
3d9d14
b34fa6
35f371
fbfb32
d013ca
4baf26
be1d86
171495
1f2b9e
ba6202
496162
d79bf3
f364b7
3b2cfc
b3cfce
37134e
f98b43
d2b3d0
4a3f02
bdedab
18d474
1caba1
bc421a
48d139
d68c13
f594a6
38ccf6
b51ff1
376322
f7eb5f
d533ce
484eec
beadd4
19e454
1a3baf
beb224
477119
d66c3b
f7748e
365cf3
b6e00a
36e2fd
f6cb83
d753be
460ede
bfadf7
1a442e
185bc9
c11222
45a102
d66c5f
f8d46c
344cff
b94016
35d2db
f65ba9
d923aa
43dede
c17e0e
1a040c
173be7
c34219
4370f1
d79c81
f94447
326d15
bb701c
3402c2
f67bc7
da938c
419ee8
c39e1b
1953e9
16dc09
c4f203
4170ef
d92c9b
f91425
318d33
bd800d
3232b7
f75be4
db136c
3fdefa
c5ae1b
17f3d5
16dc2b
c631e9
3f60f8
daeca7
f81409
308d54
bf4ffc
3022b2
f8ac00
dab34c
3ecf17
c7ae13
15f3c5
17bc49
c6b1ca
3db10b
dd0ca8
f693f3
30ed72
c06fe0
2e22bd
fabc07
da0330
3e3f33
c92e00
13b3c7
196c5e
c671ac
3cc126
dedca1
f4d3e7
31fd8d
c0cfc1
2c82d1
fc7c0a
d8631a
3e7f51
ca3de6
11d3cf
1b4c6a
c5718c
3c4144
e08c8c
f2d3e6
337da4
c07fa2
2ba2eb
fe7c02
d6b30b
3f7f73
ca7dc8
1053e4
1d3c6b
c4117a
3ca167
e1ac6e
f0d3ef
352db0
bfaf84
2b130c
002bee
d4a30e
410f88
ca5da7
0f53fe
1f2c5f
c22169
3db185
e1dc4f
ef4404
374db0
bdff6c
2b832e
013bd1
d2a317
431f94
c95d87
0ef422
20cc4a
bff16a
3f319b
e1ec2c
ee3420
395da5
bbff65
2c734a
01bbb0
d0f32a
451f95
c7bd71
0f2443
221c2c
bdd176
4111a9
e0ac0b
ed8443
3b4d90
b9bf60
2e2363
017b88
cf9348
474f8a
c59d63
101464
22bc05
bbc188
4381ad
df1bf5
edc467
3c9d72
b77f69
303373
00ab68
ced370
495f76
c35d5d
11d47f
226be3
baa1a9
45e1a0
dd1be6
eeb48d
3d2d4d
b54f7d
32b379
ff1b4c
ced396
4aef57
c0fd65
13d491
217bbf
b9f1ce
47d18e
dabbda
f004a6
3d3d28
b3ff9a
34e373
fcfb36
cfb3ba
4bcf36
bebd77
16249b
202ba2
b9a1f3
49a174
d81be1
f234c0
3c9d03
b2efbd
374364
fa6b2f
d113da
4bbf0c
bd3d94
18b494
1e3b8c
ba5219
4a814f
d5fbee
f484c9
3b2ce0
b29fe6
38f345
f82b2e
d313ec
4b5ee7
bbddb4
1ad486
1bbb7e
bba23d
4b012a
d41c0a
f704c8
396ccd
b3100d
3a2327
f5bb3f
d573fb
4a3ec7
bb9dda
1cb470
197b7d
bd5254
4ab102
d2cc2b
f954bc
371cbc
b4202d
3ac301
f3db54
d7e3fe
488eac
bbbe00
1de451
172b8a
bfa262
4990e1
d25c4e
fb34a7
34dcb9
b5c049
3a72de
f28b73
da33f3
463e99
bcbe23
1eb42d
153b9e
c1c266
47f0c6
d23c75
fc7487
326cc0
b7e05b
3992bb
f1cb98
dbd3e4
441e95
be2e3d
1ea408
13abbb
c43262
45e0b6
d36c98
fd4465
309cd3
ba205b
3822a0
f1ebbd
dd63c8
41de9d
c04e52
1dc3e4
130bdf
c5e24c
43c0af
d4ccb2
fd4442
2f4cf0
bc6056
36128d
f2cbdd
de13a4
3feeb0
c27e58
1c73c9
134c01
c7522e
4170b7
d69cc5
fcb421
2e4d0e
be4045
340285
f42bf7
de5380
3ebeca
c48e51
1a63ba
13bc23
c85212
3f90c7
d8dcc9
fb4407
2e6d33
bfc02d
31b28b
f5dc0a
dd735f
3d9eec
c68e3f
1843b2
150c3d
c841f0
3e20e0
db0cc5
f933f3
2f0d52
c0700b
2fe29c
f7ec11
dc1343
3dbf0d
c80e23
1653b4
16ec4e
c7a1cc
3d5100
dcfcb4
f743ed
305d6d
c0bfeb
2e42b4
f9fc10
da3334
3e2f2f
c8ae06
1453c7
190c59
c631b3
3d6124
de5c9b
f503f0
320d80
bfffc6
2d32d6
fc3bfe
d8232c
3f8f49
c8ede4
12e3e1
1b5c52
c481a1
3dd145
df4c78
f31401
346d8b
becfaa
2d52f8
fdcbe6
d6032a
413f5f
c85dc2
11d3ff
1d3c44
c24194
3f1161
df6c57
f14419
368d89
bcef98
2e0318
fe8bc3
d4033d
438f66
c72da2
118420
1edc2c
c02199
40d179
decc35
f0943a
387d7a
bacf87
2f0339
fefba1
d23354
45cf67
c55d8d
11f443
200c0c
bdf1a2
431183
ddcc17
f0445d
3a5d60
b88f8c
30c34f
fe5b7f
d13374
47ff5b
c31d80
132469
206bea
bc31bb
452181
dc3bfe
f06480
3b7d45
b67f96
33035b
fd7b5b
d0e397
49af44
c0fd81
14e47c
1febc5
bb01db
474178
d9dbf2
f1a49e
3c1d22
b48fae
353360
fbeb44
d0f3be
4aaf28
becd88
16c48b
1f2ba2
ba8201
493163
d7abec
f334b7
3bbcfc
b35fcb
378356
f9bb35
d1f3da
4b7f03
bd0da1
194491
1d7b89
baa224
4aa145
d58bf4
f544cb
3abcdc
b2afef
396342
f75b33
d373f7
4b4ee0
bb9dbc
1b8484
1b4b78
bbb242
4b3123
d3ac0c
f774cc
394cbf
b2c012
3aa327
f54b39
d5940a
4a9ebd
baddde
1d5475
193b72
bd2260
4b50fd
d23c27
f9a4c5
376caf
b3a033
3b7302
f36b48
d7c40e
490ea4
babe04
1ee457
16db7b
bec272
4a70dd
d19c48
fb84b6
351ca7
b4e050
3b72df
f1eb66
da1408
473e92
bb9e22
1f943a
14eb8c
c15277
4900be
d16c6b
fd4499
32ccad
b6f064
3a92bc
f11b84
dbf3f5
44ee89
bd1e3e
1fa412
138ba7
c37275
4710ae
d20c8b
fdf478
30fcbe
b8e067
3962a2
f0ebac
dd53db
42ae8c
beee52
1ef3ef
129bc9
c59264
44d0a3
d35caa
fe3454
2f4cd5
bb3066
378290
f18bce
de43bd
409e9c
c15e5a
1de3d2
127bea
c7124b
42e0a9
d51cbf
fd9432
2e7cf9
bd4055
354281
f2cbec
deb394
3efeb7
c38e58
1bb3bf
12ec10
c81225
4070b7
d78cce
fc5413
2e0d1e
bf103e
32e283
f4bc04
de0370
3dfed9
c5ce4d
19c3b5
140c2e
c87203
3ec0ce
d9accb
fa83ff
2e8d42
c0301d
30b293
f70c0d
dcf354
3daefc
c75e32
1703b3
160c4b
c811da
3db0f0
dc1cbc
f813f0
2fcd63
c0bff7
2ee2a6
f93c10
db3338
3dcf20
c87e12
1503c0
184c55
c6d1bb
3d3114
ddeca3
f5d3ec
315d7f
c06fcf
2db2ca
fbbc05
d8e329
3edf44
c94df0
1323d3
1a9c59
c551a1
3d5139
df5c89
f373f6
33ad8f
bf9fae
2d22ef
fd7bf0
d68324
409f5e
c8edca
1183f3
1d2c4f
c3118f
3e315a
e01c61
f19407
35ed94
be0f92
2d2310
ff1bd3
d4732c
42af73
c85da5
10d415
1eec3d
c0d187
3fc17a
e00c3e
f00422
384d8d
bbdf82
2dc335
ffdbb0
d2233e
44bf76
c6cd86
10c439
208c24
be818d
41b190
df4c1a
ef1448
3a1d80
b9cf79
2f3352
002b8b
d0e356
471f74
c4ed74
11445f
217c03
bc819c
43e199
de2bff
eec469
3bbd66
b76f78
310366
ff9b6a
cfb377
493f67
c2dd69
126474
21abde
bac1b4
45e195
dc5be6
ef848b
3ccd45
b58f87
32f372
fe6b4b
cf7399
4abf51
c0ad6f
14648e
212bbf
b9f1d3
47e189
da6be1
f0b4a8
3d0d26
b3bf9e
35236e
fcab36
cfd3ba
4baf31
bead79
165499
200ba0
b9a1f4
497171
d85be0
f244c0
3ccd03
b32fb9
374365
fa7b2e
d0e3d6
4bef14
bd4d90
184499
1e6b8d
ba0214
4a6155
d65beb
f424c7
3b6ce6
b2afdf
38934f
f85b2f
d283ec
4b9ef1
bc1dab
1a248a
1c7b85
bb1231
4a8135
d4cc05
f634c4
39ecd4
b31ffd
399330
f6db3b
d483f4
4a7ed6
bc1dd0
1b7473
1a6b84
bcf246
4a3114
d3bc20
f804ba
37ecc9
b45019
39a310
f53b56
d673f5
48aec0
bc7dec
1ca456
188b8f
bee24c
4920f9
d39c40
f9b4a4
35eccc
b5d02c
3942ed
f44b73
d863e3
46ceb7
bdae0b
1cd437
16fba6
c0e247
4750e3
d40c66
faa485
33ccdb
b81037
3802d1
f3eb93
da33ce
44aeba
bf2e1e
1c8412
15ebca
c2e240
4540da
d55c7f
faf461
322cf3
ba3038
3652ba
f45bb6
db43af
423ec5
c19e2b
1b43f6
15abed
c4a226
42f0d9
d71c9a
faa43b
30fd13
bc702b
3432ac
f58bd7
dbb387
409ede
c3fe2b
1953d9
15fc14
c5f206
40a0e4
d92ca7
f9641a
306d37
be4011
31c2aa
f75bf3
db9361
3efeff
c63e23
1733c8
16ec37
c6a1df
3ea0f9
dbccaa
f7b3fb
30dd60
bfdff0
2f52b5
f99c03
da833e
3e7f27
c87e0d
14a3c4
18cc56
c691b8
3d211c
de2ca1
f553ec
318d85
c08fc6
2d32c9
fc1c0c
d8d31f
3e3f4f
ca0ded
1253cb
1acc68
c5c191
3c213f
e08c91
f2f3e1
332da4
c0ffa2
2b52e7
febc09
d69307
3eff75
cb0dc6
0fe3dd
1d6c74
c42170
3bd168
e23c74
f063e3
353dc0
c04f7c
2a130b
010bf7
d462fa
407f99
cb5da4
0df3f5
1fdc72
c28153
3c4191
e39c54
ee03f0
377dcd
bf1f54
29b333
02ebdd
d1c2f7
423fb4
caed77
0c8418
21fc67
c02143
3d91b3
e40c2b
ec2409
3a0dce
bd4f3b
29d35a
046bbb
cf7303
448fc1
ca0d54
0c1440
241c51
bdd13f
3f21d1
e44c04
eaa429
3c5dc5
bb2f2a
2ab37b
050b9a
cd8315
468fc9
c88d38
0c1465
25ac36
bb6149
4141e3
e34be3
e9c44a
3e2db3
b8ff25
2c639a
050b75
cbf330
48cfc3
c69d26
0cf484
265c16
b9815a
4331e9
e1ebc6
e9b46a
3fdd9d
b70f29
2e03a9
044b56
cb4353
4abfb1
c47d20
0e349f
268bf4
b83173
4551e6
e04bb4
ea848a
407d7d
b52f3a
3033b2
030b40
cb236f
4c2f9c
c2cd22
0f94b0
260bd2
b7818f
4701d4
de4bac
eba4a3
408d60
b3bf4e
31e3ac
017b2e
cbd38e
4cbf7e
c14d34
1184b5
24dbbd
b741ad
4821bc
dc6bb6
ed64b0
3fbd41
b32f6a
33839c
ffab27
cd03a6
4ccf63
bfcd48
1354ae
22ebb1
b821c7
48c1a3
dadbc5
ef44b5
3e7d28
b33f8a
349384
fdcb30
ceb3b3
4c1f46
bf5d67
14e4a1
212bac
b981e1
488184
d9bbdd
f0f4ae
3ced1d
b3efa3
34f366
fc7b43
d083b5
4abf31
bfad85
162483
1f5bb8
bb51eb
47e168
d90bfe
f28499
3acd1e
b58fbb
350348
fb1b5c
d283ab
48ff23
c07da4
16a465
1d8bc7
bd71f0
465156
d98c1f
f3e482
38dd27
b74fc6
33f327
fa9b7e
d42398
46af1f
c20dbd
165442
1c6be6
bf51e2
442143
da6c3e
f4445d
36fd39
b99fcc
326312
fafba2
d57379
447f29
c43dca
15841f
1bcc08
c151d0
42013c
dc1c55
f43436
359d57
bc2fc3
304302
fbdbc2
d65355
425f3d
c64dd1
13e404
1bdc31
c2c1b1
3f8142
de4c6c
f34411
34bd7d
be2fae
2e02f9
fd8be2
d6632e
40ef5c
c8edca
11b3f3
1cac56
c3d18c
3d3159
e0ac74
f1c3f4
34ada5
bfef92
2b52fb
ff8bfd
d5a305
3faf82
cb6dba
0f23e1
1e2c79
c40160
3b5178
e35c71
efb3d5
350dcf
c12f6b
29030c
021c07
d432e4
3f5fac
cd6d9d
0c43e5
202c96
c3c137
3a019e
e5dc66
ed23c8
367df7
c1df42
269325
04dc0a
d262c2
3f7fd5
ceed79
09e3ef
228cab
c2a111
3931c4
e7fc4d
eaa3c3
384e15
c19f18
24e348
076c03
cff2ad
407ffc
cfdd53
077403
252cb2
c100ee
3901ee
e9ec2d
e7c3c9
3a5e2c
c0beef
23c370
09bbef
cd82a3
422020
d01d27
05b421
27ccac
bef0d4
39b213
eaec0a
e573d9
3cce3b
bf4ecc
238394
0bbbd5
cb12a5
44103b
cf8d01
046442
2a1c9e
bc70cc
3b3238
eb6be2
e393f3
3f3e3a
bd9eb3
2413bb
0cebb3
c8e2b0
462049
ce5cdc
03e468
2c0c86
ba20c8
3cd251
eaebbb
e2340d
418e2c
bb6ea4
24f3de
0d3b90
c6c2c5
48504b
ccecc7
04548c
2d4c6a
b7d0d3
3eb25f
ea1b9f
e1d434
435e1a
b96e9f
2683f6
0d5b6f
c5b2df
4a6040
cadcba
0504ab
2dbc48
b640e2
40b262
e90b89
e1f453
448dfe
b74ea9
286402
0c6b50
c51301
4bf030
c90cb6
0654c2
2dbc2d
b4f0fb
42825c
e74b79
e2a46f
44ede0
b61eba
2a0408
0b2b3b
c5631b
4d001a
c74cbe
07f4cc
2ccc10
b4c11a
44024a
e54b7a
e3e47d
449dc7
b4ded2
2ba3fd
099b34
c5e334
4d8ffb
c5fccd
09c4cd
2b7bff
b4f135
44e232
e38b84
e5a48a
43ddae
b49eec
2d03ec
07db33
c7734b
4d0fe2
c4fce6
0b64c7
29bbf8
b60149
451219
e25b91
e7748a
426d9d
b50f09
2e13d2
05fb3c
c9534d
4c0fc9
c4ed04
0cb4b0
281bf9
b7815c
4491fc
e1bbae
e9247c
40bd94
b63f23
2df3b4
04db57
caf34b
4a8fb5
c56d23
0d4491
263c03
b96162
4351e1
e19bd0
ea8465
3ebd9d
b7ef38
2d8395
03db75
cce33b
484fb2
c6ad3d
0db46e
24ac1e
bb7160
41b1ce
e23bf1
eb7448
3cbdac
ba1f3e
2c2376
03cb95
ce9327
462fb4
c88d52
0d344d
23dc41
bda152
3fa1c4
e37c0f
eba422
3afdc7
bc6f3a
2a7362
043bbe
cfb304
441fc3
caed5e
0bc42c
235c66
bf3135
3d21c2
e56c23
eb33f7
39cde7
bebf2e
27e350
055bdf
d012da
420fdc
cd4d62
09e413
23bc91
c0f116
3a91ce
e79c38
ea33d4
391e10
c0df14
255351
073bfd
cfe2b1
408fff
cfdd55
07b3fe
24dcb9
c1c0e9
3861e5
ea4c3d
e873b3
38fe39
c27ef2
22b356
097c11
cef288
3f7026
d22d41
04f3f7
267cda
c1e0c2
367206
ed0c39
e5e39d
39fe64
c3aecc
204369
0c3c1a
cd5266
3f3052
d41d23
0273f9
289cf2
c14098
35322d
ef9c2a
e3638a
3b2e87
c42ea0
1e2385
0f2c1a
cb8246
3f807a
d57cfc
ff9406
2b0d05
bff071
349258
f18c10
e0c38e
3d3ea6
c3ee77
1cc3a7
118c11
c8f237
40b0a3
d66cd5
fd641d
2dcd08
be004f
34e281
f33bee
de3393
3f7ebb
c2fe4e
1bd3cd
13cbfd
c67231
4250c2
d66cab
fbb43b
302d04
bbe03b
3552a6
f40bc8
dbe3a7
41eec3
c18e30
1ba3f5
156be0
c41233
4450d8
d5bc85
fad45e
327cf1
b9f030
36c2c8
f46ba3
da63c1
446ec0
bf7e1b
1c341a
168bc0
c20243
4690e2
d4ac6a
fa6480
341cde
b75032
38c2de
f40b81
d963df
460eb3
bd9e10
1d3437
170b9e
c04258
48b0e5
d2ec52
fad4a4
352cbb
b56041
3a72e7
f32b65
d90400
47cea1
bb7e11
1ee44b
167b7e
bf7273
4a80d9
d11c49
fbf4bf
357c9f
b41052
3c52e6
f16b51
d9441f
48be85
b9ae17
20b456
15ab67
bf028d
4bb0c7
cf2c4a
fd14ce
34fc81
b3006d
3e02dd
efcb48
da7435
48fe66
b87e2d
228453
142b50
bf52ae
4c90aa
cd9c53
fee4d4
33fc69
b34088
3f22c7
ee2b4b
dbb445
489e4a
b7be45
241447
126b4c
c092c5
4cb08f
cc3c67
00c4d3
327c5c
b3b0a4
3ff2ab
ec5b57
dda44e
475e35
b7ce66
252431
10cb52
c232d1
4c1072
cb8c83
0204c4
30ac55
b4d0bb
401295
eb3b6e
df5443
45be26
b86e80
25c415
0f1b65
c402d7
4ac05c
cbeca4
0374ae
2edc5d
b680c9
3f8273
ea9b8e
e0c434
43be25
b9de95
25b3f7
0dcb7a
c622d0
49104b
cc7cc4
03f48e
2d5c6d
b860cc
3e125a
eacbae
e2441b
41ae2a
bb8eaa
24d3d7
0d0b9c
c7d2be
46e04a
cddcda
042467
2b9c88
baa0cb
3c1247
eb7bd1
e313f8
3fce3a
bdbeb2
2373ba
0cfbc3
c952a0
44c04a
cfccf1
036447
2aecab
bcc0b8
39923e
ecdbef
e313d2
3e0e57
c02eaf
21a3a4
0debe3
ca827d
42605a
d23cfa
022427
2a9cd3
be709c
376241
eebc07
e2e3aa
3d0e7b
c25e9b
1f0398
0eec07
cae258
408076
d4dcfc
00040a
2b1cfb
c01078
34c250
f14c17
e17388
3c8ea2
c49e86
1cb395
10cc25
cab230
3f209a
d76cee
fd93f9
2bfd21
c0d051
329268
f3cc1c
dfb368
3c7eca
c63e63
1a039e
130c39
c97209
3e30c1
d9ccd9
fb63f4
2dcd42
c09027
30f285
f67c13
dd9357
3d2ef6
c74e3c
1793af
159c40
c7e1e6
3e10ea
db9cbd
f8a3f5
2fed59
bff000
2fb2a9
f8ec03
dae348
3ebf16
c76e13
15f3ca
183c42
c601ce
3eb114
dcac9b
f62408
325d66
bedfdc
2f62d6
facbe9
d8434b
407f2f
c6fdea
1493ee
1aac36
c3b1be
3fa139
dd4c72
f4541f
34bd68
bcdfc2
2fa2fa
fc0bc7
d62353
42ef41
c60dc8
13f413
1c7c1f
c171ba
416152
dd0c4a
f2b43b
371d63
badfaf
30931e
fcdba5
d44366
453f49
c46dae
14043a
1e1bff
bef1c2
439163
dc2c28
f2245e
391d4b
b87fad
31d338
fccb80
d2a381
475f44
c26d9a
14d45a
1ecbde
bd11cf
45c169
dacc0b
f1f484
3a6d34
b64fac
33c34a
fc1b61
d1d3a2
495f31
c09d94
15e473
1efbbc
bbb1eb
479166
d93bfc
f294a3
3b1d16
b47fbd
35b350
fadb48
d1c3c5
4a8f1a
be5d98
17a482
1e6ba3
baf208
494156
d71bf5
f3d4ba
3b2cf7
b33fd2
37b34b
f93b37
d253df
4b5ef9
bcfda7
19948b
1cfb87
baf227
4ad13e
d51bfc
f594ca
3a9cd9
b2dff1
39833d
f73b32
d3a3f7
4b4edc
bb5dbf
1b8488
1b7b7a
bb8245
4b6123
d37c0a
f754cc
394cc1
b2a00d
3aa325
f55b38
d55409
4a9ec2
bb0ddb
1d1476
195b76
bce258
4b3105
d25c24
f954c7
37ccb2
b3702b
3b630d
f3eb47
d75407
494ea8
bafdfb
1e5460
17bb7c
beb269
4a60e7
d1cc41
faf4b7
35bcac
b49044
3b22e9
f26b60
d92403
475e98
bb9e17
1f043d
15fb89
c0826f
4950c9
d1dc61
fc349f
339cb4
b68054
3a92cc
f1db80
daf3f2
45ae94
bd0e33
1ef41d
145ba2
c2a269
4730bd
d28c7f
fd0481
31fcc8
b8b05a
3902af
f1cba1
dc73dc
435e9a
beee44
1e33fd
138bc9
c4a257
4510b6
d3dc9d
fd245b
304ce0
bad054
37529a
f27bc2
dd53b7
416eaa
c10e4c
1cf3df
13abec
c65240
42d0ba
d5dcb3
fc8437
2f4d00
bce047
352291
f3abe3
dda391
3fbec4
c37e49
1b03c8
141c0f
c7621c
40c0c4
d7dcbb
fb5417
2efd26
bee02f
32a294
f58bfc
dd436f
3e7ee4
c59e3f
18b3bc
152c2f
c7b1f9
3ef0df
da6cbb
f9b3ff
2f2d4a
bff00d
30529d
f7ec0a
dc134e
3ddf08
c75e28
1663bb
16ec4c
c771d2
3d80fe
dc7cb6
f773ed
306d6d
c0bfe7
2e92b1
fa0c10
da9332
3def2e
c8ee09
13f3c1
18fc5c
c691ab
3ce121
deac9e
f513e8
31fd8c
c07fc6
2cd2d1
fc7c09
d8831d
3eef54
c9cde4
11d3d4
1b4c62
c52190
3cc149
e05c86
f293f0
33eda1
bfcfa0
2be2f4
fe7bf6
d60315
404f73
c9ddc0
1023ef
1ddc5d
c3317c
3d616d
e10c63
f093fe
360da9
be9f83
2bc316
002bdd
d3c31a
41ff87
c98d9c
0f5410
1fcc52
c11173
3e918b
e1bc3b
eef416
388da4
bcaf6c
2c733c
014bbd
d19326
444f91
c83d7c
0f3434
218c39
beb172
4051a3
e11c1a
edf437
3a7d9b
baaf5d
2d835b
019b98
cfe33d
468f92
c67d65
0f9458
226c19
bc717c
42a1ad
e00bfa
ed6459
3c2d82
b88f5f
2f0373
015b75
cee35b
488f86
c47d5a
10b477
230bf8
bae196
44c1af
de8be4
edb47a
3d6d64
b63f67
312381
004b56
ce537b
4a4f72
c24d55
12348d
229bd4
b9c1b4
46b1a5
dc8bd5
eec49a
3dcd44
b49f7c
333382
febb3f
cea39e
4baf54
c06d61
144499
21dbb6
b931d1
48a192
da4bd6
f034b0
3ddd21
b36f9b
358379
fccb30
cf83bc
4c3f31
be6d75
16649f
204b9e
b951f5
49c174
d84bde
f234c3
3ccd02
b2afc0
372366
fa8b2d
d0f3d9
4c1f10
bd0d90
184499
1e6b8b
ba3216
4a8150
d62bef
f414ca
3b6ce6
b2efdd
38534c
f86b33
d303e7
4afeed
bc6db3
1a4487
1c4b86
bba234
4a512e
d4dc0a
f684c1
394cd5
b38004
39532a
f68b48
d523f1
49ded5
bc5dd5
1bc46d
19eb8e
bd6246
49c110
d3fc2b
f8c4af
375cce
b4e01e
394304
f51b5c
d743ef
480ebf
bd1df6
1ca448
17fb9c
bfc24b
4880f0
d3dc4e
fa0493
350cd1
b69031
38d2e4
f40b7f
d933e2
461eb5
be5e15
1ce427
165bb5
c1f24b
46e0dc
d45c74
fb3477
32dce0
b8c03b
37b2c2
f3aba3
daf3c5
43beb8
bfde2e
1c8406
152bd3
c3f23e
44a0ce
d53c90
fb8454
314cf4
bb203e
3632a9
f41bc4
dc43a9
41bec2
c1ee39
1b73e3
14abf5
c5b229
4260cd
d6cca3
fb1434
301d11
bd2035
34329f
f4ebe2
dcb389
3fbed3
c41e38
1a03ce
14fc18
c6d20c
4080d5
d8dcb4
fa4414
2f7d32
bec021
32029c
f64bfc
dc5365
3e8ef2
c62e36
1823bf
15bc34
c751f1
3e90eb
dafcb7
f903fb
2fad53
c01005
3002a2
f86c08
dbb345
3dff12
c7ce20
1613b8
176c4d
c741cd
3d6105
dd1caf
f6e3f0
308d70
c06fe6
2e52b4
fa5c11
da6331
3e0f32
c91e09
1433c1
193c5b
c661ac
3ce120
de6ca0
f503e8
31dd8a
c09fc3
2cf2cf
fc4c08
d8831f
3ecf4d
c99de7
1263d3
1afc61
c55199
3cd142
dffc89
f313ee
339d9a
bfffa8
2c52eb
fe0bf6
d6931a
403f68
c99dc8
1143eb
1cec59
c36188
3dc161
e08c68
f193fe
35bd9e
be8f91
2c730c
ff5bde
d47322
41cf76
c8eda7
10840b
1edc49
c17183
3ed177
e07c45
f0141e
379d97
bc8f7f
2d232f
ffebbf
d2e334
43ef78
c77d91
10742e
201c31
bf618b
40c18c
dfcc27
ef643f
396d87
ba7f7e
2e9349
ffcb9c
d14350
462f76
c56d7f
114450
20bc0d
bd819a
42e190
de2c0e
ef545d
3afd69
b84f7e
30935b
ff3b7a
d0a36f
481f62
c32d77
12846a
210beb
bc01b2
454187
dc7bfb
f01483
3bcd48
b64f92
32e363
fdcb5d
d08393
49bf48
c10d7a
14a47d
205bc0
bb41d7
47517c
da1bf0
f194a2
3c2d21
b49fab
35635f
fbdb42
d0e3ba
4aff23
bead8a
16f48a
1ecba2
bad200
49615e
d79bf0
f364ba
3b5cfa
b35fd1
37b350
f97b35
d243e1
4b7efc
bceda6
19a48c
1d0b88
baf229
4af13e
d51bfb
f5c4cd
3a5cd5
b27ff7
39b33b
f6cb33
d423fd
4b1ed3
bb3dc7
1c0483
1abb76
bbf24f
4b7116
d2ec13
f854d1
389cb5
b28021
3b3318
f44b3b
d68412
4a5eae
ba3dec
1e6471
181b6b
bd9271
4b90e8
d10c31
fac4ca
367c9f
b3804a
3c82f2
f1eb4c
d8f41e
48ae8b
ba1e1a
204451
158b71
bfa285
4ae0c3
cfec57
fd34b9
33dc90
b4d06b
3cb2cc
effb68
db741b
46be70
ba8e3e
21842e
131b7a
c21299
49d09e
cf4c7d
ff44a4
315c90
b68087
3ca2a1
eeab87
de040e
44ae60
bbae65
22440a
10fb94
c4429d
484081
cf6ca3
00a484
2f3c9a
b8e09a
3bb27f
ed8bab
dfd3fc
423e58
bcfe80
2253e4
0f7bad
c6e295
46006e
d04cc8
01a461
2cecaa
bab0a1
3a125e
edbbcf
e173e2
3fde5e
bede94
21a3c0
0e9bd1
c89286
442066
d18ce2
01f43f
2bacc2
bd209f
38a250
ee1bf1
e243c3
3e3e6b
c0ee9c
2073a5
0e5bef
ca226e
42206c
d31cf6
016422
2abcde
bed093
36f245
ef2c0b
e263a7
3cde7f
c29e9d
1ef396
0efc0a
cb1256
406076
d4acfd
007407
2a6cfc
c0407f
34f247
f0ac1b
e2638b
3bfe94
c44e8e
1d738e
0fcc22
cb523a
3f3087
d66cfe
ff03fb
2b2d10
c0c067
33b255
f21c21
e11379
3beeaf
c55e7b
1be38d
115c2f
caa222
3ea09d
d7acf1
fd73f4
2bfd26
c0e04d
327265
f3ac18
dfe36a
3c6ec8
c5ee65
1a839e
12ac34
c9a20f
3ec0b7
d8ccdc
fc23fb
2d5d2c
c01038
31f27c
f4ec0f
de536d
3daed9
c5ae4f
1973b4
144c2c
c8220b
3f80cd
d93cc5
fad40a
2f0d30
bf0027
326298
f5fbf5
dcc374
3f2edf
c4de34
1953ce
158c17
c67208
40e0df
d8bca9
fa0423
30cd22
bd301f
3372af
f60bd8
db6388
410ee3
c36e24
19c3ea
162bfe
c4b215
42b0e6
d7ac8e
f9a448
321d0f
bb401f
34d2c3
f5abb8
da73a3
430ed4
c12e1c
1ad408
166bda
c3022b
4500e6
d5dc75
fa246b
333cf0
b9202d
3722d0
f45b9a
d9f3ca
44debd
bf1e1c
1cc421
164bb9
c1d251
4710db
d38c6c
fb148b
33cccc
b71046
39b2d2
f29b7e
da13f3
462e99
bc9e26
1ef432
156b91
c11274
4930c3
d0ec69
fd64aa
338c9e
b5a068
3c52c5
f02b67
db6419
472e71
ba1e39
21f43b
134b70
c122a3
4b60a3
ce0c6a
ff84bf
32ac72
b46090
3ee2b5
ed7b60
dd143e
474e41
b80e5b
24c434
10fb54
c1d2d0
4c5078
cb5c7d
0264d1
318c4c
b3c0c3
415297
ea7b5d
df345e
46de12
b68e87
27d426
0e2b42
c312fe
4d3047
c92c9b
0564d7
2f0c28
b410f2
43026e
e74b6d
e1e476
458de6
b56eb5
2a340b
0b1b37
c53323
4d4017
c6ecbf
0894ce
2c8c0c
b4f121
444240
e4ab7e
e4f483
43bdbe
b4eee5
2ca3eb
07cb39
c77342
4cbfe6
c57ce9
0b44bb
298bf9
b6714b
44c20d
e21b9c
e81484
41cd9c
b58f17
2e43c2
051b45
ca4355
4b4fb7
c48d19
0df49e
267bf3
b88170
44d1e0
e04bc3
eb147b
3f3d83
b69f43
2f2396
028b5d
cd135d
49af94
c47d46
0fd480
23bbfa
bae18a
4401b4
df2bec
edb46a
3c7d74
b80f66
2f936b
00ab7b
cfc35c
47df79
c4fd71
112459
212c0c
bd719a
42e190
de9c13
efb44e
3a0d75
ba0f83
2f5344
ff2b9d
d23351
455f65
c5cd95
11c438
1f4c1f
bfd19d
412174
deac38
f0e435
379d7d
bbbf97
2e7320
fe3bbe
d4233f
433f63
c76dad
11f411
1d8c37
c1b199
3f4161
df7c59
f1c415
35dd8b
bddf9b
2d6309
fe2bdc
d5632c
415f64
c8ddbd
1143f5
1cec52
c3518d
3da158
e04c6e
f1c3fb
348da1
bf6f99
2c02fb
fedbf6
d65310
3fff6e
ca4dc5
1093e3
1d1c68
c4517c
3c4161
e1bc7b
f1b3e6
341db3
c08f8d
2ab2f4
ff7c03
d612ff
3f0f7d
cb8dc2
0f63d9
1d4c78
c4e169
3b416a
e28c7d
f083d7
344dc3
c12f81
29b2fb
008c08
d562f0
3eef90
cc5db2
0e63db
1e5c85
c43158
3ad17a
e39c74
ef83d7
350dce
c11f70
291308
015c04
d492ea
3f6fa0
cc8da7
0d83e5
1f6c85
c3514e
3b3188
e3ec63
ee83e0
363dd1
c04f60
29031d
025bf6
d342f0
40cfab
cbdd90
0d03fa
206c79
c2114c
3c419b
e3dc4d
ed93f0
379dcd
beef55
29b332
028bdd
d222fd
424fad
caed82
0d5418
217c62
c08153
3dd1a6
e32c32
ed640c
391dba
bd3f56
2b234a
025bbe
d0c317
445fa4
c8fd72
0e4432
221c42
bed167
3fe1a8
e1ac1b
ed8431
3a6da1
baef5c
2d335a
01cb9b
d02339
464f90
c6ad6e
0fe451
21fc1b
bd5184
4261a2
df5c07
ee2454
3b6d7d
b8af70
2f9360
ffeb7d
d01364
480f70
c40d71
11f469
213bf3
bbe1ad
44d18f
dcabfd
efe47b
3bbd4e
b68f90
32935f
fdfb5c
d0c390
497f48
c12d81
14f47a
1fdbc6
bb71dd
476170
d9cbf8
f2349e
3b5d1c
b4cfba
35c350
facb48
d223c2
4a8f16
be6d9d
180482
1d8b9e
bb8211
49a147
d65c01
f4e4bc
3a1ce8
b38fea
38b33c
f79b3b
d403f0
4abee0
bbfdc5
1b947f
1afb7b
bc0247
4b2119
d31c13
f874ce
388cb6
b2c020
3b6316
f42b37
d67415
4a3ea8
b9cdf1
1ef46a
179b66
bda27d
4c50df
d04c32
fbd4d4
363c8b
b2b05b
3db2eb
f0cb45
d9c433
492e71
b88e28
224457
143b55
bfe2ad
4c90a8
cd9c5a
ff54d3
334c68
b3a092
3f82b9
ed0b57
dcf447
478e3d
b7de5e
251431
108b56
c262d3
4c206c
cb5c8b
02c4c6
303c51
b520c7
40a280
ea1b79
e06450
451e12
b7de98
275406
0d1b5e
c522f0
4b0039
c9fcbb
05f4ad
2cbc42
b700f3
410250
e7eb9c
e3d44b
428df2
b8aeca
28f3d9
0a0b6f
c83302
49500b
c98cf2
08748a
29ac41
b96117
40721c
e5fbc2
e6d43e
3fcddd
b9defa
29a3aa
075b87
cb530a
478fe8
c98d20
0a3467
26fc47
bbc12c
3fa1ed
e4dbee
e9442d
3d1dd3
bb6f1b
29d382
05bbaa
cdd304
456fce
ca3d49
0b5442
248c56
be013b
3e61cf
e45c16
eb4413
3a9dd0
bd2f3a
29a35b
043bc7
d002fa
436fc1
cadd67
0c1421
228c6a
c02143
3ce1b6
e49c37
ec73fa
38bdd8
beef46
29133d
03abe0
d1a2eb
418fb9
cc4d7c
0c1406
216c7f
c1e13a
3b71a7
e51c4b
ed23e0
373de4
c05f49
28332c
03bbf9
d2e2de
403fbf
cd2d88
0c03f2
213c92
c2e131
3a41a4
e5bc5b
ed03ce
36adee
c13f49
272323
041c08
d2c2ce
3f3fc6
ce2d89
0af3e5
215c9d
c36129
39b1a7
e69c60
eca3c5
36adfb
c1ef3e
266327
048c0d
d2c2c2
3f6fce
ce9d83
0a93e8
21bca4
c2f11f
39a1b5
e6dc5a
ebf3c3
372e02
c19f34
265332
053c04
d1d2c4
3fbfd8
ce7d74
0a23f6
227ca0
c27119
39f1bd
e70c4a
eb63d3
382e02
c0bf28
26b341
058bf4
d102cc
40efdd
cdbd69
0a0405
233c8d
c1011f
3b41c8
e68c37
eaf3e6
394df3
bf5f28
27b350
057bdd
cff2e2
42afd5
cc3d5d
0ad424
23fc75
bf8131
3ce1ca
e55c1f
eb0403
3a8ddb
bd5f2f
297362
04cbbe
cf32ff
448fc5
ca2d57
0c143a
23ec53
be1146
3f31c6
e38c09
eb942b
3b9dbb
bb3f3c
2bb36b
037b9d
cec328
468faa
c78d55
0e045a
237c26
bc716f
41d1ba
e0ebf9
ecb454
3c4d8a
b8af58
2e9371
019b7c
cef356
485f85
c4ad61
10e471
229bf8
bb519b
4481a1
ddbbf0
eeb47a
3c5d59
b66f7d
31d36d
fecb60
cfc389
49af54
c18d75
141480
209bcc
bb11d2
47517c
da4bf0
f1649d
3bbd21
b48fae
355358
fb5b48
d173be
4aaf19
be8d94
17b483
1dfba0
bb420d
49414d
d6cbfc
f494ba
3a9ce7
b35fea
38c33c
f7ab3c
d3c3ee
4abede
bbfdc3
1b647e
1afb7d
bc1248
4b5115
d2fc17
f884cd
387cb4
b2e027
3ba313
f3bb39
d6f418
4a3e9f
b99dfe
1f5469
172b62
bdb285
4c60d6
cf9c3a
fc84d3
35bc83
b2d065
3e22e2
efcb47
daa438
48ee62
b86e35
23044f
134b53
c022bb
4ca097
ccbc69
0074d1
327c5e
b3a0a6
4042a9
ec0b5b
de244f
470e2b
b75e73
263426
0f4b50
c332e6
4c3056
ca7c98
0464c2
2efc41
b540e1
41726c
e86b7c
e2045c
443dfb
b73eb0
28c3fb
0b8b56
c68304
4b201d
c8dcd0
07f4a8
2b8c30
b73114
41c231
e5dba7
e5a456
418dd4
b81eef
2ab3c5
07eb69
c9731a
495fea
c82d08
0ac487
27cc30
b9c13b
4161fa
e3dbd3
e8f44c
3e7dbd
b93f1f
2bb392
053b82
cd0327
476fbd
c7dd41
0cc463
248c32
bc7159
40e1c8
e25bff
ebf43c
3b9da9
bacf46
2c4364
02dba0
cfe325
452fa2
c84d6b
0e5439
21fc3c
bee16a
3fb1a2
e1bc27
ee0422
38fda7
bcbf69
2c333a
013bc4
d2431f
435f8c
c97d8d
0f4419
1ffc50
c14170
3e6185
e16c4b
ef8407
36edac
be5f7a
2bb31c
007be3
d41315
415f82
ca1da7
0f83fa
1e9c63
c2e170
3ce175
e1fc68
f053ed
355db0
bfdf84
2ad303
fffbf6
d54301
3fff85
cb1db7
0f73e6
1dec71
c4416c
3bd169
e26c78
f0c3e0
347dbf
c0cf84
2a22f9
003c07
d5b2f7
3f0f86
cbedbd
0ef3dd
1ddc7e
c49169
3b216b
e2ec7a
f093d7
346dc5
c11f80
29c2fa
005c0a
d5c2f4
3eef8f
cc0db8
0ed3d9
1dfc82
c4a161
3b316f
e2fc79
f043d8
34adc5
c0ff7c
29f301
009c03
d542f7
3f7f8f
cbcdb2
0ea3e7
1e4c7a
c3d160
3bd176
e2ac6f
eff3e7
356dbe
bfef7c
2a530c
009bf3
d4a302
407f8d
cacda7
0f43f5
1ebc65
c2d16d
3d317c
e1ec5f
eff3fe
364dae
be8f7c
2bb317
002bdd
d3e31d
423f7c
c94da3
10040b
1f1c49
c15181
3f1179
e04c4c
f0741d
374d91
bc7f89
2dc324
fefbbd
d3633e
43df6a
c6eda2
11d426
1eac26
c011a1
41716f
de0c38
f18440
383d68
ba9fa0
30632a
fd7ba0
d3836b
45ef48
c41dac
14443e
1d9bf8
bf01cc
440155
db0c2b
f2f466
383d36
b83fc2
337327
fa9b7c
d4439b
46ef1b
c11dba
17544e
1c0bca
be6202
46a139
d7ec2a
f5b48c
37fd04
b65ff0
37031b
f79b66
d5c3cf
483ee4
bdfdda
1af45a
19cb9e
be323d
49110b
d3fc33
f8e4ad
36fcc7
b48026
3a52fe
f3cb55
d7e404
48cea3
bb2e07
1ef458
16bb75
bef27a
4b20d5
d04c4b
fca4c7
34fc8d
b3d066
3d92da
efdb4e
da8434
485e64
b88e3a
22f449
12fb57
c062b9
4ca094
cc8c67
00a4d3
327c57
b390aa
40b2a4
ebab56
de345b
473e24
b69e77
26e430
0eeb42
c2a2f3
4d404f
c93c97
0524d4
2f8c29
b400f1
43026b
e74b69
e25477
459de3
b55ebd
2a840b
0a9b38
c5832b
4d5007
c67ccc
0944c8
2b9c04
b58134
44822f
e3ab89
e65486
42fda7
b50f00
2de3d9
065b3b
c8e352
4c7fc6
c43d06
0d34b0
277bee
b7316e
45b1ec
e01bb2
ea848c
401d79
b58f42
3033a3
024b4b
ccb371
4adf89
c30d44
110493
238be5
b9f1a2
4591ac
dd8be2
ee6481
3cbd57
b64f7b
31c36b
febb64
d07384
48cf54
c26d7f
13a469
1fabe5
bcb1c8
451170
db6c12
f20472
396d3f
b7dfb3
32b335
fbdb83
d3e388
466f2c
c2cdb9
16143d
1c7bee
bfa1e2
43f13d
da1c41
f4e459
363d34
b9dfdc
3312fe
f9aba4
d6d385
43ef0e
c34de7
174410
19bbfc
c291f2
428119
d9ec71
f6e43e
33ad31
bbdffa
32a2d5
f80bcc
d95378
419efd
c43e0c
1813ef
17dc11
c511f4
40f0fa
d9ac95
f88424
316d37
bdb00a
3212b1
f72bea
db536c
3f9ef6
c56e27
1843ce
161c29
c6d1f4
3fa0e8
da2cb4
f9740b
2f8d42
bf4014
31429d
f6ec01
dc635b
3e0ef4
c69e34
17f3b7
156c39
c7f1f2
3ea0e1
daacc2
f983f7
2edd4b
c01017
309294
f70c0e
dd0355
3d4ef8
c72e39
1803af
155c42
c8a1e9
3dc0df
dadcc9
f9b3ef
2e9d50
c0c015
305292
f73c14
dcf34d
3d5efb
c78e3b
1753ad
159c44
c851e9
3e20e2
daecc4
f993f3
2ecd4e
c05013
308295
f71c0f
dcc355
3dbef6
c6be37
1803b4
159c3a
c7c1f0
3eb0de
da7cbb
f9b402
2f8d45
bf7018
31729e
f6dbfc
dc4366
3eaeee
c5ee2e
18a3c6
15ec24
c701ff
4010e1
d94caf
f9c416
300d2e
bdd01f
32d2a7
f61bea
dc037e
402edd
c3ee31
19f3db
159c06
c5b21b
4210d6
d77ca1
faa437
309d0d
bc2031
3502ad
f47bcc
dc53a3
41dec2
c17e38
1c03ef
149bdf
c4c23c
4440c6
d4dc96
fc5459
30ece2
ba5054
37e2a5
f24bb2
dc93d1
430e97
bebe49
1ef3ff
134bba
c4226c
46a0a6
d1cc97
fe947a
30acb0
b8507b
3ae29b
ef3b99
de2400
43fe62
bb8e63
221406
10db8e
c412a5
49007c
ce5c9e
018498
2f7c7c
b6f0b2
3e5280
ebbb8d
e03432
447e2b
b91e8f
25e407
0dfb67
c4e2e2
4af048
caacb1
0584b3
2dbc42
b5e0f2
41a25c
e79b87
e32460
440de7
b69ec3
2a43f8
0a4b45
c66320
4c4005
c6ecd2
0974c1
2b1c0a
b5b135
44622c
e36b8a
e6748a
436da3
b49f03
2e33db
060b33
c8c35e
4d4fc1
c36d01
0dd4bf
27bbda
b64178
46e1ee
df0ba0
ea94a5
412d63
b39f44
31e3b6
01bb2b
cbb392
4cef7c
c0dd3a
1254b2
23ebb7
b7f1bb
48a1ac
db0bc0
eed4b5
3ead2b
b2ef8b
351383
fd2b2e
cf43bd
4c2f33
be7d74
16949b
1fdba0
b9f1fd
499164
d79beb
f354ba
3b6cf7
b39fd4
379349
f8fb3e
d343dc
4a7ef2
bd1db8
1a447a
1b6b90
bca231
49a125
d4ac1f
f794b3
37ccd3
b4a017
39430b
f51b59
d703ee
481ebd
bc8dfc
1d4449
175b94
c0025e
4910e0
d2ac55
fb649b
341cbd
b6704f
3a52d1
f1fb82
db03f6
457e8c
bcbe3a
1f741d
13db9e
c34279
47a0aa
d16c8f
fea480
308cae
b8a07a
3a8294
ef7ba7
de73f0
42ee6f
bd6e6f
2103ec
106bb5
c6528a
45f07b
d0acc0
01445e
2d7caf
bb009d
3a4261
eddbd2
e173e2
3fbe58
bebe98
21e3bf
0e1bcc
c93290
443057
d0bcee
03043c
2adcb1
bd50b2
39423b
ec7bf9
e3e3d0
3d5e4f
c04eba
225394
0c8be9
cb828e
421042
d15d13
04341f
28acbf
bf30c1
38521e
ec2c18
e573bc
3b8e4f
c19ed2
220379
0b4c03
cd2285
40d036
d20d28
046407
275ccf
c0e0c2
375210
ec5c2e
e643ac
3a4e54
c2bed8
218366
0afc13
ce127c
3fb033
d29d37
0473f7
26dcda
c1a0c2
36e205
ec8c39
e673a2
39ce57
c33eda
21535c
0aec18
cea27a
3f2036
d30d3a
0463f5
26cce1
c1a0be
36a207
ecbc38
e6939f
39ce5b
c32ed9
212365
0afc17
ce3279
3fa037
d2fd33
0463fb
272cd8
c140bf
36f20b
ec7c2f
e603ab
3a5e53
c2aed4
21b36e
0b1c08
cd9283
409036
d1dd2a
04840b
279cc6
c030c2
38420f
ebfc1e
e5c3bc
3bae46
c12ed5
22e37c
0b0bf3
ccb299
42202d
d05d1e
053425
284cad
bec0d5
39f214
ea9c09
e603df
3cce2e
bf4edb
24938f
0a5bd2
cbe2b8
44101f
ce2d17
06b441
27dc86
bce0f1
3c5212
e8bbf3
e67406
3dce08
bcbeed
27039b
08cbab
cb82e4
464004
cb2d1a
08c45e
27bc5a
bb6119
3f4204
e5dbde
e7d431
3e9dd8
ba1f08
2a63a0
06bb84
cb8315
483fd7
c7fd1f
0bb47a
26bc28
ba2150
4261eb
e24bd3
ea045f
3eeda0
b7cf2f
2dc39c
03cb65
cc7352
49ffa5
c49d35
0f548f
24abf4
b97185
4551c2
de9bd1
ecf48c
3e5d61
b56f64
31b38a
fffb49
ce038c
4b3f65
c13d5a
137499
221bbf
b981c8
47e192
da6bd8
f084aa
3d0d1f
b38fa2
35636c
fbfb35
d083c6
4b8f24
bded8c
179494
1e7b95
ba320f
4a3153
d63bf3
f484c2
3aece4
b2efe7
392342
f79b34
d3b3fa
4b2ed9
bb8dc4
1be483
1aab75
bc2252
4ba111
d27c17
f904d1
383cac
b2b02e
3c230b
f30b3b
d76420
4a0e94
b9be03
202463
163b5e
be828e
4c30c8
cefc46
fd84cf
34cc7f
b32075
3e72ce
eefb52
db6438
482e55
b89e48
23a43a
11eb58
c172c2
4be082
cc6c7b
01c4c3
310c5a
b500b7
400291
eb1b74
df9447
459e1f
b85e8d
26940a
0dbb61
c4f2e5
4ae043
ca8cbb
0584ad
2d3c49
b710ef
40b251
e7fb9f
e3b448
427df8
b8dece
28e3d5
09eb73
c882ff
49500a
c97cf3
08a487
296c3f
b9b119
407215
e5cbcb
e7643e
3f4dd5
b9ef00
2a03a2
06eb8d
cc030a
474fdd
c94d2a
0b145f
25fc43
bc813a
3fb1df
e41bf8
ea742b
3c1dcb
bbef2f
2a8371
048bac
cef30e
44ffbd
c9ad5b
0cb438
234c54
bef14d
3e71b6
e39c25
ec9410
398dc3
bd3f4e
2a8347
02fbca
d12306
429fac
ca7d7c
0d7414
211c64
c11155
3d119c
e36c46
edf3f8
378dc6
bf2f60
2a0329
020bea
d322fc
40efa3
cbad9a
0da3fa
1ffc76
c2b153
3bd18b
e3bc5f
eec3e3
360dcd
c05f69
294313
01bbff
d442ec
3faf9f
cc5da3
0da3e5
1f5c88
c3b150
3b1185
e40c6f
eee3d6
355dd8
c13f69
28b30c
021c0b
d492e5
3f1fa3
cd1da3
0d23e1
1f3c8f
c4014a
3a9183
e46c70
eed3d1
354dd8
c17f62
28830d
022c0a
d442e1
3f6fa5
ccfda3
0d23e8
1fac8b
c3b147
3ad18c
e47c66
eea3d6
35ddda
c0df5c
28a318
027bfc
d3a2e9
402fab
cc5d9a
0d33f3
201c7e
c2814c
3bb193
e3cc56
ee23eb
36ddcb
bf7f5f
29c328
024be9
d2c2fd
418fa0
cb0d8d
0dd40b
206c65
c1315c
3d9196
e2dc48
ee5405
380db4
bdbf65
2b9335
017bc8
d2131d
437f91
c8cd89
0f3426
207c42
bff174
3fc18d
e0dc33
ef042c
393d90
bb7f78
2df33d
001baa
d1d345
455f76
c60d8a
11643f
200c16
be519b
428180
ddfc1d
f07455
39ad63
b90f96
30e343
fddb84
d25376
473f47
c2fd95
145458
1ecbe6
bd61d1
456165
da9c12
f2b47d
399d2d
b6bfbd
347339
faeb67
d353ad
488f15
bfcdb2
17e464
1c8bb4
bd120d
48113a
d69c1a
f594a3
38ecf0
b4eff6
381322
f71b50
d533e4
498edb
bcadd4
1bc46a
199b89
bd824d
4a7108
d2dc26
f934c0
376cb4
b3b032
3b8301
f31b48
d7c415
499e95
b9fe0a
1fe460
162b64
bed290
4c20c6
cf0c45
fd64d2
34cc7a
b2f075
3e72d3
eecb4c
db443e
489e51
b79e46
242447
122b4b
c0c2ca
4d1083
cb9c6f
01e4d3
31ac4a
b380bb
41729a
ea8b5a
df4460
46ce0e
b68e8a
27d424
0ddb3f
c37302
4d203e
c8aca5
0644c9
2e2c24
b4b101
43025a
e68b78
e35472
447dd8
b5becd
2b13f4
098b42
c6c329
4c5ffa
c6ccdf
0a34b8
2a2c0a
b6913b
43f219
e31b9e
e76478
41adab
b61f0c
2d83c0
05cb52
ca7348
4adfbf
c53d1b
0d7495
264c01
b9216b
4401d9
e0bbce
eb6470
3e4d87
b74f49
2f138a
021b6c
ce1358
48bf8d
c4dd57
104470
229c04
bc0191
4351a5
decbff
ee945b
3add71
b90f7b
2fb354
ff6b8b
d1735e
463f67
c50d8c
125444
1f8c0e
bee1a8
421173
ddcc2f
f14444
37ed6c
bacf9b
2fd326
fd8bb1
d46356
43df4e
c5edb8
13541b
1d1c23
c191b4
40b14e
ddbc5b
f36427
355d6d
bcefb7
2f32ff
fc0bd4
d68346
41cf43
c76dd9
1393f6
1b4c39
c3a1b4
3f2139
dddc7a
f43409
33ad79
bebfc3
2e52e1
fbdbf1
d7f337
3fff40
c89deb
1383dd
1a7c4f
c511ac
3da130
debc92
f483f3
326d84
c02fc5
2d62d5
fc0c02
d8a323
3eaf49
c98def
1313ce
1a4c60
c611a0
3ca130
df6c9a
f453e4
320d8f
c0dfc2
2c92ce
fc9c0e
d8a31b
3e5f50
ca0dee
1273cd
1a7c68
c5f199
3c6137
dfdc98
f3d3e5
326d95
c0cfb9
2c82d6
fd0c07
d7e31a
3edf55
c9dde3
1223d5
1b1c61
c55196
3d013f
df9c8d
f373ec
333d95
bfffb2
2ca2e5
fd4bf7
d73323
401f59
c93dd8
1233e4
1bcc52
c3e199
3dd148
df1c77
f2e406
346d83
be8fb1
2e22f6
fd0bdf
d6533b
418f51
c7bdcd
12e3fe
1c1c34
c291ad
3fd14a
ddac5f
f35422
358d6d
bc7fb8
2fc304
fc2bc0
d5e35c
435f3b
c52dcb
14a41a
1c0c12
c131cb
425140
dbac4e
f4044a
365d42
ba5fcc
32730a
fa4b9f
d5c388
452f19
c28dd0
171430
1b2be4
bfe1f6
44e12c
d89c43
f5f470
36bd13
b7dfed
35a30a
f7fb7e
d693b7
468eec
bf6de0
1a1447
197bb6
bf422b
47c10a
d54c40
f85495
366cdb
b5f01f
38d2fd
f4ab67
d7d3ed
47eeb5
bc6dfe
1db44e
173b89
bf6268
4a10e1
d18c4a
fba4b8
351ca1
b46055
3c92e0
f0fb59
da1420
47fe78
b99e2b
21b449
13eb65
c032a3
4be0a5
cdcc60
ff54cc
333c6b
b38093
3f92b4
ecfb55
dd444b
47be39
b72e64
25d437
106b46
c202df
4d1066
ca5c85
03a4d2
305c3a
b400d8
424284
e8cb62
e0a473
464df2
b5dea2
295417
0c3b38
c47318
4d6025
c76cb6
07d4cf
2d1c13
b4d11b
441248
e4eb7b
e4c485
443dbc
b52ee4
2c73ef
07eb3b
c7a345
4cdfe1
c4fcef
0bb4bd
292bf4
b69155
452207
e17ba2
e8c488
413d8f
b54f25
2ef3ba
040b43
cb0364
4b6fa2
c39d26
0f449e
254beb
b8e185
4571c7
dedbcb
ec9481
3e0d67
b64f61
30c382
005b5c
cea373
497f72
c33d65
122477
21abea
bbf1ae
44818e
dcabfe
f01476
3add52
b7bf96
31b34c
fdbb7f
d21377
471f4b
c38d9b
14044b
1e6bf7
bec1c6
43915f
dbdc33
f2b457
37ad4d
b9dfb7
31931b
fbbba3
d52374
447f30
c45dc7
15041e
1bbc0e
c181d1
41e137
db9c5c
f4d439
352d52
bbdfd3
3112f4
fa8bc8
d77364
420f26
c57de9
1593f9
1a0c25
c3d1d0
401120
dc0c7e
f5e418
32ed5b
bdffde
2ff2d5
fa2be7
d9034e
400f26
c6edfb
1533dd
190c3e
c571c4
3ec119
dcec97
f653ff
31bd6b
bfbfdd
2ec2c5
fa7c02
d9b338
3ecf2f
c86e06
1483c9
18bc53
c671bb
3d4117
dddca3
f5e3ed
313d7a
c09fd9
2dc2c0
fafc0b
d9c32b
3e3f39
c94e03
13b3c1
195c5c
c6a1ac
3ce122
de7c9f
f553e7
317d84
c0cfcc
2d22c7
fbbc0b
d90325
3e4f46
c9adf5
1323c8
19ec5e
c601a3
3cf12d
deec94
f473ec
328d8b
c02fc1
2d42d6
fc2bff
d85329
3f7f4a
c8ede9
12f3db
1aac52
c4c1a7
3dc137
decc82
f423ff
339d81
bebfb9
2e32e6
fc5be9
d7533a
40ef45
c7addb
1373f5
1b8c39
c351b2
3fa13e
ddbc6b
f3d41e
34ed6a
bcdfc3
2fc2fc
fbcbca
d65359
42bf38
c5bdd2
14a410
1bdc1a
c1c1ca
41e13d
dbbc53
f46444
35ed47
baafcb
31f308
fa9bab
d5c37f
44bf1b
c31dcf
16c42d
1b3bed
c051f1
448131
d92c49
f5a46a
369d1b
b84fea
35130a
f84b87
d663af
466ef4
c00dde
196444
19dbc0
bf9220
471113
d60c3d
f7e491
366ce6
b63012
3862fd
f56b6a
d743e2
47aec1
bcedf8
1cf44b
17db90
bf3259
4990ea
d24c46
faf4b1
358cad
b49049
3bc2e8
f1fb58
d93415
482e8a
ba0e1e
20844b
151b6a
bfa294
4ba0b8
ceac55
fe64c7
33cc76
b3c084
3ec2c5
ee0b53
dc5443
480e4a
b7ee52
248444
118b4b
c132ce
4d107c
cb5c76
0254d7
315c46
b380c5
417295
ea0b5c
df6465
46de09
b65e8e
282422
0dab39
c3a306
4d703d
c86ca4
0654d0
2e3c1f
b46100
43825d
e64b72
e35477
44ddd4
b57ecb
2b63fb
09ab38
c67332
4ceffd
c62cd7
0a44c1
2a9c02
b5e13d
44b21d
e2db95
e73483
423da2
b59f0a
2de3c9
05eb44
c9e34f
4b8fc0
c4bd11
0d74a1
26dbf5
b8516e
44f1e4
e04bbd
eae47f
3f3d80
b66f46
2f939a
023b5d
cd7362
49df90
c42d4b
105480
232bf6
bb2191
4441aa
de5bef
ee546e
3c1d6d
b7bf76
303361
ff6b7b
d08367
476f67
c44d81
126457
200c01
bdd1a9
43017c
ddac1e
f0e452
394d63
b9df9d
306332
fdaba3
d3935e
44ef4f
c52dad
136429
1dbc19
c091b4
417156
dd4c4b
f2c432
365d69
bc1fb4
2f530b
fc6bc2
d5e351
429f46
c6bdcb
137405
1bfc2e
c2e1b2
3f8143
dddc70
f3d413
345d74
be0fbe
2e82ed
fc5be2
d75339
409f47
c81ddf
1313e5
1b0c4e
c4c1a7
3e013a
defc85
f3e3fa
332d88
bf8fba
2d02de
fccc00
d80323
3f0f51
c98de4
1233d6
1aec62
c59196
3c813e
dfac8e
f393e7
32ad9b
c09fb2
2c52dc
fd6c08
d7d314
3eaf61
ca9de0
1153d0
1b9c6f
c58188
3c2146
e0cc90
f2c3e1
333da7
c0dfa4
2b32e6
fe6c06
d71307
3eef6e
caddd2
1083d7
1c7c6e
c4f17e
3c2157
e13c82
f1e3e4
340da9
c03f96
2b42f5
ff2bf8
d5d309
3fef77
ca5dc1
1033eb
1d7c67
c3b17b
3cf166
e14c6b
f0d3f8
359da4
bedf8e
2c030e
ff8be4
d4e31b
415f76
c93db1
106406
1e5c4a
c20185
3eb171
e05c51
f0b418
36cd91
bd1f8c
2d7322
ff1bc4
d3c339
43bf6c
c72da7
118423
1ebc29
c0219a
40e16f
de8c38
f1043b
37fd73
babf97
2fd332
fdeba2
d30360
458f4f
c47d9d
139441
1e6bfe
bea1bd
43a166
dc0c22
f21463
390d45
b84fb1
329335
fbbb7c
d36391
477f2d
c17da9
162459
1d4bd0
bdb1ec
46814c
d8fc1a
f4448d
391d12
b60fd5
35f32d
f93b5e
d403c1
48defd
be9dc0
197469
1b8ba3
bd2224
491128
d54c1d
f724b2
389cdb
b44009
39431b
f59b4e
d5d3f5
49aec3
bbcde3
1d246b
18fb7a
bda25f
4b00f8
d1cc2e
fa24c9
36fca5
b36044
3c62fb
f20b46
d85420
498e85
b93e12
20e45e
155b5b
bf1298
4c80bf
ce6c48
fe24d7
349c71
b2e082
3f22cd
ee3b49
db9445
48ae4c
b79e4a
248448
11ab4a
c0f2ca
4d0080
cb6c76
01f4d5
319c4c
b380be
411299
ea7b60
df845c
46ce13
b6be8a
27c41e
0deb46
c3f2fa
4ca042
c95ca5
05b4c8
2e5c2d
b510f8
42825e
e74b7d
e30468
442de5
b6dec7
29f3f3
0a3b4e
c6f316
4b4008
c7acdd
0904ab
2aac21
b75128
428225
e4dba9
e68462
412dc3
b78efd
2b93bf
06fb65
ca632b
499fd9
c75d15
0b9487
273c23
ba2149
4221ee
e2dbd5
e9d452
3e2db1
b90f2a
2c538b
046b86
cd632d
477fb5
c78d43
0d545f
241c2d
bcb160
40a1bf
e22c05
ec4438
3b6da7
baff4d
2c635f
028ba8
d02323
44ff9f
c85d6f
0e4437
21ac40
bf5168
3f21a1
e1fc2d
edf419
38cdb3
bd2f63
2b9339
018bce
d23311
429f98
c9ed8e
0e7410
204c5d
c16160
3d518e
e29c4d
eed3fa
371dc0
bf0f69
2a531f
018be9
d392fc
40ff9d
cb5d9d
0dd3f6
1f9c76
c30155
3b9187
e3cc61
ee93e3
361dd0
c09f64
28f313
01dc02
d422e5
3f9fa7
ccfda0
0d13e7
1fcc8d
c39145
3a718d
e4fc67
ee23cf
35cde6
c16f5b
27d314
032c0c
d3a2d5
3f3fb8
cdfd97
0bf3e4
205c99
c39130
3a019d
e5bc65
ed33cd
368df3
c1bf46
26e321
041c09
d2d2cc
3fbfc7
ce1d86
0ae3f0
217c9c
c2e127
3a31ae
e68c56
ec23d3
377df7
c0bf39
271335
051bf8
d162cf
40dfd0
cd7d6f
0aa402
22dc8b
c11124
3b31bf
e65c37
eb43e6
390df2
bf4f2c
27c34f
056bdf
d032e0
42bfd3
cc6d5d
0ad422
23cc74
bf712d
3ce1cb
e56c1e
eaa407
3aadde
bd3f2d
298365
050bbc
ceb300
44cfcc
ca3d50
0bf443
245c51
bd7145
3f61cf
e39c00
eaf42d
3c3dbc
baaf38
2bc376
042b97
ce2326
46dfb4
c78d4a
0d9465
244c24
bbd169
4221c7
e0fbee
ec0457
3d1d91
b86f50
2e9380
01eb70
cdf357
48ef8c
c47d50
10747d
235bf5
ba8195
44e1b1
ddbbe1
ee1482
3d4d59
b5cf74
31e37c
ff4b51
ced38e
4a9f5a
c11d62
13c48b
219bc5
b9f1cf
47b188
da6bdf
f0b4a8
3cbd22
b41fa4
35736b
fbfb3a
d093c0
4b4f24
be6d89
176493
1edb99
ba6209
49e15c
d6cbef
f404c3
3b5ceb
b30fde
38834a
f85b32
d303ee
4b8ee7
bbedb7
1b148a
1b8b7c
bb8240
4b6121
d35c0a
f7b4cf
392cb8
b2b01a
3b331e
f47b39
d61410
4a5eab
ba0ded
1eb46f
17fb68
bd9278
4be0e4
d08c32
fbb4d3
365c95
b33053
3d22e9
f0fb49
d9a42a
48ce79
b93e27
21b44f
142b64
c052a0
4ba0ac
ce6c61
ff24c2
330c78
b4908f
3e42b2
edab68
dd4431
465e4c
b91e60
241421
10bb6c
c342bd
4a9074
ccfc98
0254a8
2f8c68
b6a0b8
3eb27d
eb4b8f
e0942e
439e29
ba1e98
2553f2
0d8b83
c642cc
48a047
cc5ccc
04a488
2c4c6d
b8e0db
3e424a
e99bbb
e3a41e
40ce18
bb7ec2
2653c1
0b3b9e
c992d0
467025
ccccfb
066461
297c77
bba0ef
3ce21e
e8ebe5
e60405
3dfe13
bd9ee1
25e39a
099bbf
cbf2c8
44500f
cdad1f
07243c
275c8e
be40f1
3b5204
e91c0c
e743e8
3bbe1b
bf5ef5
253375
08dbe2
cdd2b7
42600c
cf4d3c
073417
260ca5
c030ee
3961f3
e9ac29
e7c3c9
3a1e29
c14ef9
241362
08fbfd
cec29f
407012
d09d46
0643ff
258cc1
c180df
3801ef
eadc39
e7b3b3
393e3d
c2aef0
22e357
098c12
cf1289
3f8020
d1ed46
0573f3
25fcd1
c200cf
36f1fa
ec0c41
e703a5
396e4e
c36ee3
21935d
0abc17
ce927d
3f2031
d2cd39
0463f7
26ecdb
c1a0be
36920b
ecdc38
e623a2
3a3e5e
c32ed1
21136d
0bac11
cd8274
401042
d2fd25
036402
27fcda
c080b2
36e21e
ed7c21
e4e3aa
3b8e62
c22ebf
20c381
0c9c02
cbf278
416050
d23d0d
03041a
297cca
bef0ae
383233
ed1c07
e3d3c7
3d5e59
c07eb3
21c39d
0d0be2
ca728c
43604e
d0ccf5
03643b
2accb1
bce0b9
3a3240
ec2be7
e303e5
3f0e43
be6ead
2373b8
0cfbbc
c952a9
459047
ce8ce8
043462
2b3c85
baa0ce
3ca241
eaabc9
e36412
409e22
bb9eb9
25e3cb
0bbb96
c872d6
48102c
cbbce1
061484
2b4c5a
b8d0f5
3fb23b
e7cbb2
e4543f
41cdf3
b8eed3
28e3d8
09eb6c
c8030a
4a2007
c86ce8
08e4a0
2a4c2c
b79124
42b225
e49ba5
e67468
420dbc
b66ef7
2c53d1
070b4a
c8e33f
4bcfd8
c52cfd
0c14b1
28abf8
b6e15d
457203
e10ba3
e91490
418d84
b47f26
2fb3c2
03fb35
ca7373
4cdfa0
c29d1f
0fe4b9
260bce
b73196
47a1d0
ddabaf
ec44ad
403d4e
b32f5f
3303a3
003b2b
ccc39f
4ccf63
bfed4b
13a4ac
22ebac
b831d0
491198
da2bc9
eff4be
3e0d1c
b2ff9c
35b37b
fc8b2f
cfe3c4
4c0f29
bdcd80
17149a
1f3b9a
ba1203
49a15f
d70bef
f3b4bb
3b4cf4
b37fd7
37c349
f8db3e
d323db
4a8ef2
bd2db5
1a3478
1bbb95
bcc22b
497127
d51c18
f734b1
381cda
b4b009
38e313
f5cb5b
d6b3e8
481ec9
bd1def
1c444d
184b9b
bf724a
4870f0
d3bc4e
fa349a
34fccf
b6c039
3922dc
f38b7f
d9d3e2
459eab
bdbe22
1dc422
156bae
c26259
46c0c8
d35c80
fc7479
31bccd
b8e057
38d2ac
f22ba8
dce3d5
42de9b
bf5e4c
1e63f4
131bcb
c5825d
44e0a6
d36caa
fe0454
2f2cd7
bb9069
379289
f12bd3
deb3bc
404e96
c0ce65
1e63cc
11abe6
c7d251
42a09b
d47ccc
feb430
2d7ced
bdb06c
36226f
f17bf2
e013a2
3e4e9d
c2ee76
1d73af
110c06
c9a242
40d094
d5cce5
fe8413
2c2d03
bf5063
348264
f22c0e
e09388
3ceeae
c4ae78
1c639d
113c20
ca222d
3f309b
d70cec
fdc3fe
2bed1e
c07059
332261
f34c1b
dfe370
3c7ebf
c5ce70
1af399
120c31
ca4217
3e70ae
d85ce9
fcd3f4
2c5d2e
c0d040
32426e
f49c1b
df4364
3c8ed0
c63e60
19f39c
132c38
c9720c
3e60be
d95cd9
fb83fa
2d8d37
c02032
31c27d
f56c0f
dde365
3d8edf
c5de4c
1973ae
147c2c
c82204
3f20d1
d91cc3
faf40b
2f0d33
bf1025
323295
f5fbf7
dcc372
3efee0
c49e3b
1993cb
154c19
c6a20e
40c0db
d85caa
fa1426
306d20
bd1024
33d2a9
f59bdb
dbc38d
411ed9
c30e2c
1a73e9
15cbf6
c4f220
4310db
d6dc92
fa544a
31bd01
baf02e
35f2bb
f4abb9
db23b3
42eec2
c07e26
1c3407
157bce
c33241
4560d2
d48c80
fb846f
327cda
b8b047
3892c1
f2bb95
db23de
44de9e
bdbe33
1ea41b
149ba5
c2426c
4800bd
d19c7a
fd5493
326ca9
b6a06c
3bb2b8
efeb7d
dc3409
45de70
bace4a
21e425
129b7b
c222a2
4a5095
ce6c7a
0034b4
31ac77
b51099
3ed2a5
ecdb6d
de043c
468e37
b84e6c
256428
0fdb59
c2b2d6
4c4065
cb1c8f
0374c9
301c45
b470d4
418284
e97b69
e0b463
463e01
b61e9f
28d418
0c9b3b
c4330f
4d302e
c7ecac
0734d1
2d7c17
b48111
43b253
e5bb73
e3e47f
44ddca
b4ded4
2bf3fb
093b2f
c6433b
4d8ff0
c56cdd
0ac4c8
2a7bf6
b55148
45a220
e24b8b
e73494
42dd95
b46f0f
2ec3d6
054b33
c96360
4cdfb7
c3ad0d
0e14b9
272be0
b7217e
4641e3
df3bae
eb0497
405d6f
b4cf47
30b3a6
01ab3f
cc7376
4b6f82
c26d43
112498
238bd8
b9a1a4
45f1ad
dd3bd8
ee548e
3d1d51
b5cf7a
32136f
feeb5b
cff388
496f5a
c26d78
136476
206bde
bc11c4
45517b
dbbc09
f12476
3a1d41
b7cfa5
32b33e
fc8b80
d31385
46df3b
c2fda6
14f447
1d9bf1
bf51d1
43b153
db4c39
f38456
375d48
b9cfc3
31e310
fb2ba4
d59375
444f2c
c43dd0
15741e
1b5c0a
c1b1d5
41f135
db6c60
f4f439
34ed4d
bc1fd3
3102f0
fa8bcb
d7a361
41ff27
c5dde9
1583f7
1a1c28
c3d1cb
3fd127
dc9c80
f58417
333d61
be1fdb
2f72d9
fa9be8
d8c346
3fef2e
c78df6
1473dd
199c43
c571bc
3e4120
ddcc94
f543fd
322d76
bfcfd1
2de2cc
fb5c00
d8f32c
3ebf3e
c90df4
1353ce
19dc5b
c5d1a7
3d112d
df0c9a
f493e8
322d8c
c0afbe
2cc2d1
fc8c0d
d8831b
3e7f51
ca2dea
1253cb
1aac69
c5f196
3c313d
e02c92
f393e3
32cd9f
c0bfae
2bf2e0
fdac09
d77310
3eff62
ca7dda
1133d3
1c1c6a
c4e188
3c7150
e0cc80
f233eb
33dda3
c01f9d
2bd2f4
fedbf9
d63312
3fff70
ca1dc2
1083e9
1d5c5c
c3c17f
3d6165
e0ec6c
f143ff
358da0
bebf91
2c6309
fefbe0
d4f322
41ff72
c8edb0
10e40b
1e3c48
c1d188
3f316f
dffc4e
f0c41b
375d8a
bcbf8d
2de321
fefbc0
d3733e
43cf6b
c6cd9f
11e429
1eec23
bff19b
414172
de5c35
f10442
388d6f
ba7f98
2ff334
fe0b9d
d2c35f
45ff53
c43d9b
137447
1edbfe
be21bd
43d16b
dbec21
f1d469
396d44
b7efad
32d33d
fc3b76
d2d394
47ff30
c17da5
15d45c
1debcf
bd31ea
46b155
d90c13
f3c490
39ad13
b5bfd0
35c337
f98b5a
d3c3c4
496f01
bebdba
19146d
1c0ba0
bcb21f
492133
d5cc19
f644b0
393ce0
b40fff
390327
f69b47
d513f3
49decd
bbbdd7
1c8472
199b7b
bd0256
4b4101
d25c24
f974c9
37bcaa
b31032
3bf304
f2eb3e
d7b41e
49ce96
b97e05
202468
167b60
be228c
4c60cf
cf0c42
fd14d7
357c7e
b3006e
3ea2dc
ef5b47
daa43c
48ee5d
b7ce3a
235451
132b4f
c032bf
4c9094
cc8c66
0094d3
329c5c
b390a5
4082aa
ebeb5a
ddf451
473e2a
b73e72
261427
0f6b4d
c2f2e1
4c505e
cabc96
0424c5
2f6c40
b510dd
414274
e90b79
e18458
44ae01
b77eab
2853fe
0c0b57
c5e2fc
4b1024
c95cc7
0704aa
2c0c38
b71105
41723c
e69ba0
e4c451
41fde4
b82edb
2983cf
091b6c
c9330a
494ffd
c92cfd
097485
28cc3c
b9b125
40a20b
e54bce
e7b43f
3f1dd4
b9df05
2a039f
06cb8e
cbd30c
473fdd
c96d2a
0ab460
25fc49
bc5137
3f81e4
e49bf9
e9d424
3c4dd3
bc0f25
29c375
057baf
ce7300
44dfca
caad4c
0b7438
241c60
bea138
3d81ca
e4cc21
eb5405
3a2dd9
bdef36
28d357
04abd2
d032ec
426fcb
cc3d6a
0b6416
22dc79
c0c134
3bf1ba
e58c3a
ebd3e7
386dec
bfef35
27933d
04cbf1
d152d6
40bfd2
cd9d74
0a8400
225c96
c21120
3a11b7
e6cc4f
eb93cb
37ae02
c13f31
263334
05ac06
d192bc
3fdfdf
cf3d75
0963eb
229cac
c2f10a
38d1c4
e83c53
ead3bd
37be1c
c23f1c
24e33a
06cc0d
d122a9
3f7ff4
d01d6a
0813ed
23bcb9
c260f7
3851d5
e94c4e
e983b8
387e29
c25f0a
23b347
07fc0c
d0129f
3fd008
d09d53
0723fa
250cc0
c180e9
3851e9
ea1c35
e863bd
398e32
c16ef6
23d35f
091bfd
ce92a1
410013
d03d3c
06840f
26acb0
bfd0e2
397201
ea3c1c
e713d2
3b8e2c
bfeee7
24637a
09abe2
cd02af
43001c
cedd24
06742f
27ec9a
bdf0e8
3b2210
e9bc01
e673f2
3d4e1c
bdbee4
259394
09cbbd
cb62c7
452018
cd0d11
074451
28bc72
bbd0fa
3d7218
e7fbe1
e6741a
3ebdff
bb9ee4
27d3a8
08cb98
caa2f3
477003
ca5d09
08d474
28ec48
ba111a
403213
e59bc7
e6f443
3ffdd7
b91ef5
2a83b8
074b75
ca1320
499fe2
c79d09
0b3491
27dc1b
b8b142
42e200
e2dbb7
e8946a
408da6
b66f16
2dc3b9
051b51
ca6350
4b6fb6
c44d1b
0e14a8
26abed
b7c178
45d1e3
df8bb3
eae494
405d70
b47f42
30f3aa
021b36
cbf383
4c6f84
c19d36
1164b1
249bc5
b7f1ae
4821b8
dc6bbc
edd4b1
3f0d3c
b34f76
34138f
fecb2d
cdf3ad
4cbf4e
befd5c
14e4a8
217ba6
b8e1e4
49718a
d8cbd2
f104c3
3d4d0a
b2afaf
36c36c
fb5b27
d0a3d1
4bef16
bd7d8d
181497
1e8b90
ba7212
4a2150
d61bf4
f4f4c8
3adce5
b31fe8
38a33f
f7eb39
d3d3eb
4a9ee2
bc7dc3
1af478
1acb8a
bc923e
4a3118
d41c1b
f814b8
37fccc
b43019
39d30e
f4cb56
d713f8
48aeba
bc6df9
1d5453
17bb8f
bf525b
4910e6
d2ec4c
fac4a4
34ecbd
b62046
3a32d9
f29b79
d9e3f4
462e9a
bcfe28
1eb426
14db9f
c2326c
47c0be
d1ec7c
fd1484
31ecbb
b86062
39c2ae
f0db9f
dce3e4
436e8c
be2e50
1f63fa
129bbb
c52270
45d0a3
d27ca8
fec461
2f5cc8
bac077
38e284
f04bc8
df23cc
40ce83
c01e6d
1f53d1
113bdc
c77266
43908f
d36cca
ff543e
2d5cdc
bd1079
36f26b
f07bec
e083b2
3eae8b
c1ce7f
1e93b2
108bfb
c92250
419088
d4cce6
ff641a
2c2cf6
bee071
359260
f13c07
e0f395
3d4e9f
c3be80
1d339b
109c19
ca323c
3fe092
d65cf0
fed402
2bad0c
c01061
33c25d
f27c18
e0b378
3c2eb5
c53e78
1ba398
116c2c
ca4223
3ec0a2
d7fced
fd73f5
2c0d25
c0a04b
328265
f3ec1d
dfd369
3c7ec7
c60e67
1a639b
12ac35
c9b210
3ea0b5
d8fcdf
fbf3f4
2d4d33
c08036
31e279
f52c14
de8363
3d1edc
c63e52
1933a9
141c34
c8d200
3ec0cc
d98cc9
fac404
2ead35
bf6027
31e292
f62c01
dcc36a
3e9ee9
c58e39
18f3c4
156c23
c6f202
4030df
d94cac
f9c41a
304d32
be201b
3292ad
f69be3
db937d
406ee7
c42e26
1943e2
165c0a
c4f209
41d0e8
d84c93
f96438
31cd1a
bc0018
3402c3
f60bc2
da4398
427ede
c21e1a
1a5400
16cbe4
c36221
4450ec
d69c7c
f9b460
331cfd
b9a028
36d2cd
f4dba0
da23bf
448ec4
bf5e18
1c341c
169bbe
c22242
46a0dc
d41c6a
fb0484
339cd1
b77041
3972d3
f2db80
da43ed
460e9f
bcbe24
1ed42f
153b94
c10272
4940c4
d12c64
fcf4a5
339ca2
b5b066
3c42c9
f04b6b
db441a
470e6f
ba0e3c
21e439
134b6e
c132a4
4b409e
ce0c6b
ffc4c2
32ac72
b44094
3ef2b1
ed4b5f
dd4443
474e42
b80e62
252436
10bb50
c1c2d5
4c9070
cb3c81
02c4d0
30bc46
b400ca
41828e
e9db61
df8465
46de0b
b62e8c
280423
0dab3c
c35302
4d503e
c88ca2
0614d4
2e4c22
b420fe
435261
e6bb6c
e2c479
451dd9
b51ec0
2aa404
0a5b3a
c5932b
4d2009
c67cca
0964ca
2bac07
b5712e
448230
e3ab87
e5e482
434daf
b50ef4
2d23e1
072b3f
c83349
4c4fd6
c51cfb
0c34b2
286bf8
b73158
44c1ff
e19bab
e91480
40ad94
b60f27
2ea3b4
042b52
cb5355
4aafab
c4bd2b
0e6490
258bfb
b96177
4421d0
e00bd5
ebe46f
3e0d7f
b77f52
2f2385
01bb6c
ce7358
488f8b
c51d58
0ff46d
22ac06
bc418a
4331a5
df3bff
ee4457
3b6d7f
b94f6d
2f0358
002b90
d1034f
463f79
c5fd80
10d441
207c1f
beb191
413186
df7c29
f01438
38bd87
bb7f82
2e0332
ff7bb7
d3133a
43af73
c79d9b
10a421
1f2c3b
c1118a
3f4177
e04c4b
f06419
36dd99
bd8f8a
2c531a
ff7bd9
d4531f
41bf7b
c95dac
1013ff
1e7c58
c2b177
3d7175
e18c60
f083f8
35bdae
bf7f7e
2ad30c
002bf8
d4c301
405f8b
cb7dae
0ed3ea
1e7c77
c3b15e
3bc179
e35c70
efa3dc
356dca
c0ef6e
29430a
017c03
d4f2e7
3f5f9f
cccda3
0d13e2
1f4c90
c3f148
3a4189
e4ec6c
ee53cc
359de5
c1cf58
27c316
033c0c
d382d1
3f6fbd
ce0d8e
0b93e9
20ec9b
c3612b
3a01a7
e5ec5f
eca3ca
36ddf8
c18f3e
26c32a
04cc06
d212ca
3fefd2
ce7d78
0a63f6
226c9c
c2111c
3a31bf
e71c47
eb33d4
386dff
c06f27
266345
060bef
d042ce
417fe4
cded5e
097410
242c8f
c03114
3b51d6
e74c2c
e9c3e9
3a6e00
bf1f15
270364
06ebd5
ce72d8
437feb
cc9d3f
09242f
25ac76
be3117
3ce1e7
e69c07
e8e408
3c5df1
bd0f0e
286382
06ebb1
cce2f1
45dfe7
cacd2b
0a1456
268c56
bc312a
3f51f2
e53bea
e8e430
3dedd3
ba7f0f
2a9399
066b8b
cbd318
480fd8
c82d25
0b8477
269c2c
ba5144
41d1f0
e31bcc
e9345b
3f2dab
b81f1e
2cf3a3
04eb66
cb8341
49ffbb
c59d23
0da490
264c00
b9116b
4471e0
e06bbf
eac481
3fad7f
b5bf3e
2fc3a5
02ab47
cc036e
4b7f93
c2dd2f
1054a4
251bd7
b85198
46e1c6
dd9bc3
ecb49d
3f3d53
b3df66
32939b
000b36
cd239b
4c9f69
c03d4b
1344a8
22dbb1
b861ca
48c19f
da9bc6
ef94b9
3e4d23
b2ef90
35637f
fceb2c
cf03be
4c5f34
be4d74
1634a2
204b9b
b921f7
49d175
d7ebde
f284c3
3c9cfd
b2bfc4
374360
fa4b30
d193de
4b9f05
bcdd9d
19048f
1d7b8c
bae21f
4a513f
d59bfe
f574bf
3a3cdf
b34ff3
38e336
f74b3e
d453ee
49eedc
bc8dc9
1b3474
1a7b8b
bd223e
49e114
d43c28
f844b5
379ccc
b4701c
399308
f4db5d
d773f1
47eebd
bccdf9
1cf44a
17bb97
bfa253
48b0ee
d33c51
faa49a
347ccb
b6a03d
3972db
f34b7d
d9d3e6
45dea8
bdde1e
1db424
156bae
c24258
46f0ca
d37c79
fc347a
324cd1
b8e050
3872b7
f27ba4
dc33cf
431ea5
bf3e40
1db3fa
13cbd0
c4e251
44b0b6
d42ca0
fcf455
302ce3
bb5055
370298
f25bcb
ddd3b2
40cea9
c17e54
1d13d7
132bf0
c6a23f
4280b2
d5acbc
fd0431
2edcfe
bd2050
350283
f32bee
de7394
3eeeb7
c38e58
1b93bf
132c12
c83224
4070b8
d7accd
fc7411
2dfd1f
bf1041
32d27f
f4ac02
de6373
3daed2
c5ae53
19f3ae
13ec2e
c8b207
3ee0c9
d96ccf
fb13fb
2e4d3e
c03026
314289
f62c0f
dd9358
3d4ef2
c70e42
1803aa
151c44
c891e9
3db0df
db4cc8
f963f4
2eed57
c0a00b
2fa29a
f7fc12
dc4346
3daf0d
c80e28
1653b7
16ec4e
c7a1d2
3d80fb
dc8cb3
f743f1
307d6a
c06fe9
2ee2b7
f9cc04
da3339
3eaf27
c83e09
14b3cf
18ec49
c5b1bb
3e111d
dd4c95
f59401
323d73
bf2fd2
2eb2d7
fb2bef
d8433f
407f39
c78dea
1413eb
1acc3b
c3d1b8
3f6138
dd6c75
f4341a
349d6a
bd5fc2
2f62f7
fc1bcf
d68352
425f3e
c63dcf
14240f
1c0c1e
c1c1be
414149
dc9c54
f37439
366d5a
baffbc
311312
fc1baa
d4e36d
44df3a
c41db9
14f431
1ccbfd
bf91d2
437151
db1c35
f38460
37fd3d
b8cfc1
330327
fb4b86
d3f390
46ef25
c1bdb5
16544e
1cfbd8
bde1ee
46214c
d92c20
f44488
38ed17
b67fd4
357330
f9cb64
d403b9
489f07
bf3db9
187466
1c5bad
bcf212
48613a
d6bc14
f5e4a8
393cee
b4afef
38232c
f7bb4c
d473e4
49dee0
bccdca
1b3475
1adb8a
bc9243
4a711a
d3fc1b
f7e4be
38dcc4
b34012
3a831c
f4fb3e
d61407
4a5eb5
bacde4
1da473
18ab6e
bce269
4ba0f7
d16c26
fa54d0
378c9e
b2b042
3cb301
f25b3b
d7e425
49fe8d
b94e07
206467
161b5c
be728c
4c80cd
cf3c3e
fd14d5
358c82
b3006b
3e22de
efeb49
da2433
48de67
b88e36
22a44e
139b59
c042ad
4c20a0
cd8c61
ff84cb
32dc6d
b41094
3f12b5
ed7b5e
dcf43c
46ee47
b88e5c
24042e
111b61
c262c5
4b2079
ccdc88
01e4b7
307c67
b590b3
3ec28c
ebeb80
dfa431
44ee2e
b95e84
251406
0ecb75
c4f2cd
49b059
cc8cb2
03a496
2dec6c
b800c5
3e5266
eadba4
e1e422
425e27
baeea3
2523dd
0d0b95
c752c3
477045
cd8cda
047474
2bbc7f
ba30d0
3cd243
eaabcb
e36406
3fde2c
bceeb8
2493b9
0c0bb7
c992b1
44f03c
cebcf6
04a44c
2a4c9c
bc80cc
3ac233
eb9bf0
e443e5
3dee3e
bf3ec1
23039b
0bfbdb
cb2297
430040
d0dd0b
03d42b
294cbc
be80b8
38922b
ecac0d
e483bf
3c6e5a
c18ebd
212388
0cabfe
cbd273
40e053
d2fd0f
02540f
293ce2
c010a0
366231
eecc1e
e3a39c
3b7e77
c37eaa
1f2382
0e1c18
cc2253
3f906d
d4fd0f
00b3fa
29ed00
c0f07d
34723e
f0fc23
e24380
3b5e9e
c52e8e
1ce388
0fec29
cb6234
3ed08d
d6fcf8
fe73f3
2b5d1e
c0e05d
32f25c
f2dc1e
e08374
3c4ebf
c5ae70
1ae399
124c2d
c9b219
3ec0b2
d87ce1
fc53fd
2d5d2d
c02041
32527e
f4fc0c
de436a
3deedb
c56e48
19a3b2
147c29
c7e204
3fa0d3
d90cbf
fa540e
2fcd33
be801c
32429f
f67bee
dbc374
3ffeec
c49e27
18e3d4
167c14
c57202
4120ed
d91c99
f8d429
319d29
bcb00a
3322c7
f71bce
d9f385
421ef1
c33e0d
18e3ff
17ebfb
c36207
4320ff
d84c74
f8144f
33bd17
ba1008
34b2df
f71ba6
d873a0
446eec
c11dfa
199420
187bd4
c1521b
459106
d6bc58
f82475
353cfb
b8000d
36e2f3
f62b81
d793c4
466ed8
beddf5
1b443f
189bb1
bfc235
47e100
d4ac42
f8f499
35fcda
b5b025
3932f9
f4cb66
d7a3ed
484ebc
bc8df8
1d1451
17eb8b
be925a
4a10ed
d27c3b
fa44b6
366cb1
b4203a
3b82f5
f2fb4e
d84413
492e96
ba8e08
1f645f
168b6e
be8282
4b90d3
cfec42
fc54cd
35bc8e
b34061
3d82e5
f06b49
d9b431
491e72
b8be26
220458
147b58
bf52a7
4c90b1
cdcc54
fea4d5
343c6e
b31088
3f52c8
edfb4b
dbb447
488e4b
b7ae48
23e44a
122b4c
c0d2c4
4cd08c
cc4c6e
0104d5
323c58
b390ac
4042a6
ebfb5a
ddb450
471e2e
b78e6f
25d42b
0ffb50
c2a2db
4c2066
cb4c8e
0324c0
300c4e
b4f0c6
407284
ea3b74
e0144c
453e14
b80e92
26d40b
0dbb60
c4c2e4
4ae044
cafcb1
04c4a8
2dbc51
b6d0e1
400260
e92b98
e2443b
42fe0e
b96eb1
26f3e7
0c0b7c
c732e0
490031
cbbcd7
05e48a
2b8c5f
b910ea
3e9241
e8dbbc
e41423
40be10
bb2ec4
2673c5
0b1b9e
c972d2
46d027
ccecfa
062460
29cc7d
bb70e4
3ca227
e9bbe0
e51400
3e8e20
bd8ed1
2503a2
0aebc2
cae2b4
44402a
ceed0d
05743c
28cc9d
bdc0d8
3a221e
eb0bff
e553dc
3cae3d
c01ecc
22f38c
0b5be7
cbf295
42103d
d12d18
04341c
28ecc5
bf60bb
37d220
ed0c15
e4b3b4
3b8e5e
c26ebd
20937f
0cdc0a
cc626c
404056
d38d16
022403
28fcea
c0909b
35a22f
ef4c25
e36391
3b2e87
c40ea6
1e1381
0edc20
cbf244
3f3079
d60d09
ffb3f6
2a6d0f
c0f06e
33a24b
f1dc25
e16379
3beeb0
c55e7c
1bb391
114c2d
cac220
3ea0a2
d80cee
fd63f7
2c6d27
c0a048
32626e
f43c15
def36a
3d2ed1
c5de59
19f3a7
13bc32
c8a207
3ef0c6
d93ccb
faf401
2ead3a
bf7024
31c298
f65bfd
dc936a
3eeef0
c56e2e
1883ca
164c23
c641f8
4040ee
d9bca3
f8b41d
313d39
bd9008
3202bf
f7cbde
da3374
412f00
c49e0d
17a3f2
184c11
c3f1f2
41e109
d99c7b
f7443a
33bd32
bb6ff5
3302e4
f89bba
d7f388
437f05
c31df1
17b418
19cbf1
c1a1fa
43d11b
d8dc55
f6645d
35dd1d
b8fff1
3482fd
f84b92
d6c3a6
460efc
c0addb
18a43c
1a4bcc
bf920f
467124
d75c3a
f66485
372d03
b6bff5
368312
f79b70
d5b3c7
47fee9
be8dd6
1a2455
1a8ba9
be1228
48911d
d55c29
f704a9
380cde
b4b009
38a319
f62b54
d593e9
496ece
bc5ddb
1c346a
19ab89
bd524a
4a510a
d32c23
f8a4c0
37fcb8
b38024
3af312
f47b41
d69409
49eeb0
ba9dee
1e246f
187b6f
bd726c
4bd0f2
d12c28
fa54d3
373c9f
b2d043
3c7306
f23b40
d81421
4a1e8f
b96e05
20446b
168b61
be428a
4c40d3
cfcc3b
fc74d5
35dc85
b2e061
3dc2e7
f04b45
d9f431
492e70
b8de25
21d454
148b5b
bfb2a2
4c20b3
ce6c57
fe94ca
33fc77
b3e07d
3e82c9
eeab59
dbb432
479e5b
b91e46
23043a
126b68
c1c2b1
4b2093
cddc75
0034b8
31ec76
b55095
3df2a6
ed9b77
ddc428
45ae4e
ba2e67
23641a
10db79
c3b2ad
49b07d
ce6c99
012499
2fcc83
b760a1
3d028a
ed2b9b
dfb411
434e4b
bbee7d
22f3f5
0fab9a
c5c2a3
473072
cf6cbb
01a475
2dfc9c
b9d09f
3b0271
edbbbf
e073f0
411e59
be3e89
21d3d3
0f6bc4
c79287
44d072
d14cd0
014450
2cbcbe
bc0095
38c260
eedbe2
e133c8
3f2e76
c08e86
1fc3b8
0febe8
c8e267
42507c
d3bce1
ffc429
2c7ce7
be3078
363263
f09bfe
e093a1
3dbe99
c30e7d
1d63a7
111c0f
c9923a
403098
d65ce2
fe040d
2c8d11
bf9059
33926d
f37c11
df8378
3cfec2
c54e63
1ac3a1
12dc2e
c97212
3e80bb
d91cd8
fb83f7
2dcd37
c0802f
312280
f63c13
ddd358
3d0eed
c71e41
17c3ac
153c46
c881e8
3dc0e5
db6cc2
f8e3f2
2f4d5b
c0affe
2f82a5
f8dc10
db733e
3e0f18
c81e19
1553c2
181c4f
c6d1c2
3d8111
dd9ca3
f603f3
31cd76
bfefd2
2e22ce
fb7bfd
d8d331
3f9f3f
c89deb
1363dd
1afc4e
c4a1a7
3e113e
de9c7c
f37404
342d86
be6fae
2db2f9
fdabe0
d5f332
419f5c
c84dbf
11d404
1d6c3e
c22194
3f6163
df5c4f
f1541e
36ed84
bc7f90
2e0324
feebbc
d3633e
441f6e
c6dd9d
115430
1f8c28
bf8194
413181
df1c2a
efe43f
396d7d
ba2f7f
2f2347
ffbb95
d17355
46af73
c54d7e
118453
20ec07
bd219b
439193
de2c05
eef465
3b8d67
b7ff7e
30b364
ff6b70
cfc371
48ef6b
c30d6b
125476
219be4
bb31ad
45c19a
dc8bec
ef248b
3cbd4c
b5ef83
329371
febb4c
cf3392
4aaf5b
c12d66
13a491
21abc3
b9f1ca
478194
dafbdb
efd4a6
3d6d2e
b40f94
347377
fd4b3a
cf53b4
4bcf3f
bf1d6e
15549c
20cba7
b951e4
495182
d90bd8
f154bb
3d3d0d
b31fad
36336f
fb9b2d
d013cb
4c4f20
bd9d82
17349e
1f9b93
b9a204
4a316a
d73be3
f2f4c5
3c3cf7
b2afc8
37a35a
f9fb30
d193e0
4bbf04
bd2d9e
18f493
1d9b8c
bac21b
4a4149
d61bf6
f4e4c5
3adce5
b32fe4
388344
f84b3a
d373e5
4a8eee
bccdb9
1a147b
1bcb92
bc622e
49912e
d56c12
f674b4
38ece2
b46ffc
386321
f72b53
d553dd
48aedf
bdadd7
1ab45c
1a1ba2
be422d
482116
d57c36
f7b498
370cea
b6500c
377304
f64b73
d723c8
46cedb
bf0deb
1a943b
18dbc1
c06226
467107
d67c53
f84476
351d00
b8a00f
35f2e9
f6ab9a
d863ac
447ee4
c15dfe
199418
185be2
c2820f
43d103
d82c70
f8244f
338d1b
bb1005
33c2d7
f7cbbc
d8f385
424efd
c3be03
17e3f8
186c0a
c401ee
41410d
da6c84
f71428
32cd46
bd6fed
3112d0
f96bdf
d9235b
40df1d
c6bdfe
1553e2
195c39
c4d1c5
3ed121
dd2c8c
f56402
327d74
bf4fcd
2e42d4
fbabf9
d8632e
3f5f4b
c93de9
12b3d6
1b0c5d
c56196
3cd141
e04c8b
f2f3ea
335da2
c0efa3
2b62e7
fedc06
d6c304
3ecf74
cb8dc9
0f83d7
1d2c7d
c4a167
3b316e
e30c79
eff3d6
34cdca
c15f75
28f305
01cc09
d492e4
3f4fa7
cd1da2
0cb3e5
1ffc8f
c37139
3a419b
e57c5c
ed13d4
36cdef
c11f42
27232d
049c02
d1e2ce
405fd2
ce3d72
0a23fe
230c97
c1b117
3a41c8
e77c3d
ea33d5
394e07
c02f18
261359
071be9
cf12c6
421ff8
ce7d43
08141e
25cc92
bf30fb
3b11f4
e8ac12
e773ea
3c2e15
be7ef1
25d387
092bca
cc32c4
445013
cdad18
06f445
286c81
bca0f1
3ca21b
e90bea
e5a409
3ede14
bc9ed6
2633af
0acba8
c9d2d1
46c021
cc8cf7
067469
2a4c6c
ba20ed
3e2236
e8fbc1
e43425
40fe09
ba6ec6
2763d0
0b4b83
c7c2e9
49002a
cabcdb
06948f
2bbc4c
b7e0f8
407244
e7eba3
e3b449
42cdf4
b83ec4
28c3e9
0afb5e
c6b307
4b001b
c8ecce
0764ad
2c1c2c
b6210d
426245
e66b8b
e4046a
440ddb
b66ecc
2a93f4
0a2b46
c64322
4c800a
c73ccf
0904c2
2bec10
b56124
44323d
e4bb81
e4b481
442dbf
b51ee1
2c53f3
08ab33
c6b340
4d4fef
c54cd9
0a84cc
2abbf9
b5213f
456228
e2fb83
e63490
438da2
b46ef6
2da3e8
06fb30
c79353
4d4fd6
c45cee
0c14c5
296bef
b5d158
45b211
e1ab92
e7f495
428d90
b46f14
2ed3d1
056b36
c9635d
4c8fbf
c41d08
0d84b3
278bed
b75168
4581f6
e0bbab
e9b48a
40cd88
b5af2b
2f03b5
03eb4c
cb0359
4b4fac
c49d25
0e5497
001ffe
002fff
fff001
ffffff
ffefff
002002
001000
ffeffe
000002
fff001
ffe001
002003
fff003
002000
000001
ffffff
000ffe
000000
000003
fff000
000000
fff003
ffe000
001ffd
002002
000ffe
fff000
fffffe
ffe001
000001
000001
000000
002000
fffffe
ffe002
ffc001
000ffc
003ffe
000002
001003
000000
001000
ffd000
ffd001
ffffff
002ffe
ffe001
000003
000004
ffffff
fffffe
001fff
003001
000000
000000
002ffe
003000
fff003
000000
001fff
000001
ffffff
000ffd
002002
ffe000
002ffe
001ffd
fff001
002000
ffeffd
001fff
002001
000fff
002001
fff001
fff003
002fff
001000
ffdfff
000002
001001
001001
ffe002
001fff
000001
001000
ffc001
000002
ffd001
ffeffe
000fff
ffefff
ffe000
001002
001000
000001
000001
000000
fffffe
002001
001000
000001
fff003
ffffff
002000
003fff
ffe001
001001
ffffff
ffefff
ffefff
002001
000000
000001
fffffe
001fff
fff003
001000
000fff
fff001
ffe000
fff002
fff002
ffe000
001000
000fff
001000
fff000
fffffe
000ffc
001000
ffe001
ffffff
fffffd
ffffff
ffefff
002ffd
000000
003000
000000
003000
000001
000000
000fff
003fff
ffd001
fff000
001000
000000
ffeffe
fff001
fffffd
000ffe
ffeffe
ffe002
000002
fff001
ffc003
001fff
ffefff
001001
004fff
001000
001000
000fff
000002
002001
ffdfff
fff000
000001
001002
001002
001002
000ffe
fff003
001000
000001
001003
001ffe
000000
fff003
002ffe
001001
000ffe
001fff
fff000
fff000
000ffe
000001
fff000
fff003
002000
fffffd
fff000
001ffe
fff001
ffe000
000001
ffe000
ffffff
001fff
ffe003
000000
000fff
ffffff
fff001
fff000
ffcfff
ffefff
003fff
ffe000
001ffd
000000
ffffff
001002
001002
ffe001
001fff
ffe001
001001
001000
000002
001004
ffe000
ffeffe
000fff
fff002
001001
000ffe
000001
000000
ffd002
ffd000
ffe001
000fff
000fff
000000
000002
001003
ffd003
000000
000fff
ffffff
ffe000
000001
001fff
000ffd
002000
001003
001000
000001
fffffe
000000
000fff
fffffe
001ffe
ffe001
000fff
ffeffe
000001
ffefff
001000
fffffe
001001
003001
fff003
003fff
ffe001
002ffe
000000
000003
001ffe
fff000
ffeffe
ffe000
003fff
001000
ffffff
000000
002002
fff001
000fff
ffdfff
001ffe
000000
ffd000
ffffff
ffd002
fff001
001000
ffefff
000ffe
ffffff
ffeffe
002000
003003
002001
001000
002001
fff002
ffd003
ffd000
000fff
ffefff
ffefff
000001
fff000
000ffd
ffeffe
001001
002000
000001
001001
ffefff
ffdfff
ffefff
ffe000
fff000
ffffff
ffe002
000002
002fff
fff000
ffffff
000001
ffffff
001000
ffe002
003001
000001
fff002
001fff
fff000
ffcfff
ffefff
000001
ffefff
000ffd
000ffe
004001
002000
001ffe
fffffc
ffe004
002001
000001
001002
000ffe
001000
fff000
002000
003001
ffeffe
ffbfff
fff001
002000
002000
ffffff
000000
ffd000
000000
000fff
ffe001
002000
001000
fff001
001001
001ffe
ffe001
001001
001ffd
fff000
001002
fff000
ffefff
001000
001000
000fff
001001
ffd001
ffd003
000000
000000
ffefff
000fff
001fff
002002
001fff
001000
fff001
001fff
001fff
fffffe
001fff
002ffe
001ffe
ffffff
001000
fff000
000fff
ffb000
001000
003ffe
004000
001001
ffffff
003000
000000
002000
002001
fff000
002fff
fffffe
001fff
000001
002000
001000
ffe000
ffffff
000000
001002
000000
fff003
002000
000000
001001
002ffe
ffd000
000001
ffe000
000000
001ffe
003fff
000003
002000
003000
002001
003000
ffefff
fff001
001fff
002000
002fff
002002
fff004
ffeffc
000fff
fff000
000000
004ffe
000000
fff000
001000
001ffd
001fff
001001
001000
fff000
001fff
001000
fffffe
ffdfff
003001
001000
000fff
ffe001
002000
001003
001000
001fff
ffffff
001001
ffffff
ffeffe
004fff
fff000
002000
000ffe
fff000
fffffd
ffeffd
ffd001
001000
002fff
fff003
ffe000
ffffff
ffe002
000ffc
001001
fff004
fff000
fff000
003ffe
fff001
003ffe
000002
001002
000001
003001
fffffe
ffffff
000000
001001
002004
000fff
ffeffe
fffffe
002ffe
ffffff
ffe001
002fff
000001
001001
002002
001002
000fff
ffe004
001000
001000
003fff
002000
ffeffe
ffe002
ffe001
001002
001fff
ffefff
000002
000000
002ffe
ffe000
ffe000
fff001
fffffd
000001
000000
000fff
001fff
000002
000004
000002
ffeffe
000001
001fff
001002
fffffd
002fff
ffffff
001ffe
002001
001fff
000fff
002001
ffffff
003fff
000fff
ffe001
000001
001000
fff000
000000
ffeffe
001fff
fff001
002ffe
fff000
fffffd
000fff
000001
ffd001
ffffff
000003
001001
001001
001002
000002
ffe002
001003
000fff
001ffe
000000
ffe000
000001
ffefff
000002
ffc000
000fff
001000
001002
001fff
ffe001
000fff
fff000
fffffe
003000
ffdffe
000001
001000
fff001
ffd001
001fff
ffe002
001000
001000
ffeffe
004000
004fff
000003
fff001
003000
ffffff
fff000
000ffe
001000
000ffe
002ffe
001001
000fff
ffe003
000000
001ffd
ffe001
001001
ffffff
fff001
000fff
000002
ffffff
001fff
000ffe
002fff
ffdfff
002000
ffeffe
ffe001
000ffe
000000
000000
ffe002
001001
000002
001ffe
001000
000002
001000
ffefff
002001
002002
fff001
fff000
fff000
000ffe
001003
001ffe
fffffe
003fff
ffdffe
000fff
001001
001fff
001000
fff002
000001
fff001
001002
ffe000
000002
fff001
002003
000fff
ffffff
000002
ffeffe
000002
ffdfff
002ffe
fffffe
001001
fffffe
000fff
fffffe
ffffff
ffd002
000002
001001
001000
fff001
002003
002ffe
001000
000002
000001
000001
ffdffe
ffffff
ffe000
fff001
001001
000ffe
002000
003fff
000ffe
ffeffe
000003
000000
fffffe
ffe000
002000
ffffff
001001
001fff
001ffd
fff002
fff003
001000
002fff
001003
001ffe
000001
002fff
001002
001001
fff001
002000
fff001
003003
000002
fff000
002000
001001
ffe000
002ffd
000000
001000
000fff
ffe004
fff000
ffffff
fff001
fff001
ffd003
000003
000000
fff000
001000
001003
ffffff
ffffff
000fff
001000
005ffe
ffefff
000001
fff002
fff000
000002
000000
000001
001002
fff001
003ffe
001001
001fff
004001
000ffd
fff000
001ffc
ffffff
001fff
000004
001fff
fff000
000ffd
ffeffe
002fff
000ffe
002000
003ffe
ffe001
fff000
001ffe
001001
ffd001
000002
fff000
001001
ffcffd
fff001
001002
fff000
ffe003
001fff
ffffff
002ffe
fff001
001000
000000
000001
000000
002002
000000
ffefff
001002
002001
003ffe
001000
ffe001
001fff
000fff
001ffd
000ffe
ffcffe
002ffe
fff001
001ffe
fffffe
002001
002ffd
000fff
002000
fffffe
002ffe
fff003
ffdffe
000000
002ffe
fff001
001ffe
000000
000fff
000000
000000
001000
003ffe
000000
001000
fff000
000fff
ffd000
001ffd
000000
000001
001002
ffdfff
ffefff
ffffff
001fff
000fff
ffffff
fff003
fff000
000fff
001000
002001
fff001
ffeffe
fffffe
000002
001ffe
000001
ffe001
fff000
003ffe
001fff
002001
001ffe
001ffd
002000
000000
001001
001000
001001
001001
fff002
ffffff
ffd000
001000
003001
003fff
ffffff
fff001
ffe002
001003
fff001
002000
000001
002fff
fff000
fffffe
000000
ffe000
001000
fff000
ffefff
ffffff
fffffe
001fff
fff000
000001
ffffff
fff000
001fff
fffffd
001ffd
001000
001003
000000
002fff
000000
fffffe
fff000
001000
001000
001000
000001
000fff
fff001
001ffe
fff002
fffffd
000001
000000
000002
000ffd
002003
002001
000ffe
ffeffd
002001
fff001
ffdfff
001000
000001
000ffe
001000
000ffe
001001
000fff
ffe000
000001
001001
fff000
002001
fff001
001002
002001
002000
000000
001001
000002
fffffe
002ffb
ffffff
000000
001fff
fff000
001ffe
ffe000
ffeffc
fff002
001fff
001000
ffffff
003ffe
002002
000002
ffdfff
001fff
002fff
001000
002000
000003
003fff
fffffe
ffe001
ffeffe
001001
000fff
000ffd
001fff
000ffd
fff002
ffe000
000002
fff003
003001
ffdfff
ffdffe
002fff
000fff
001fff
003002
002ffc
000ffe
003000
fff000
001000
ffefff
003000
001ffe
001000
ffeffe
000002
003ffe
fff001
001002
002000
002ffb
000000
003fff
003fff
002002
001002
fff000
fff002
003ffe
000ffe
fff000
001ffe
000001
000001
fffffd
fff002
fff001
001ffd
000fff
ffe002
ffd004
000fff
001fff
fff000
fff001
ffffff
000001
000001
fff001
fff000
001000
000002
ffe000
000fff
002002
003002
ffe001
ffe001
ffd001
001001
000001
001000
000fff
ffe000
001ffe
001002
000002
fff001
001002
002001
000ffd
001001
001000
001002
000000
ffd001
001fff
ffe000
003002
fff002
000001
ffefff
ffdfff
ffe002
000001
fff001
001ffe
001fff
000fff
002002
ffdfff
002001
ffffff
ffeffd
000ffe
fff000
000000
003001
ffcfff
001000
003ffe
003000
ffffff
001ffd
000fff
003000
002002
ffe003
000001
002fff
000fff
000001
ffcfff
000001
000ffe
002000
000001
000fff
000001
fffffd
001000
ffeffe
fffffd
ffdfff
001fff
000000
000ffd
002002
001ffe
ffdffe
fff000
001fff
ffeffd
002ffe
002000
ffffff
000fff
fffffe
ffefff
fff000
001001
003001
002fff
ffefff
000003
001fff
000002
fff001
002ffe
001fff
ffe001
001000
005001
000fff
002000
000003
002000
fff000
000ffd
001001
000001
000fff
001001
001000
000002
000000
fff001
001002
ffdffe
001000
fff001
ffffff
ffe002
ffffff
000003
001ffe
ffffff
fff001
ffe002
ffffff
000003
002fff
ffd000
003002
000004
ffffff
ffffff
001ffe
fffffe
002fff
004ffe
001004
fff002
ffc001
fff000
003ffd
001000
000001
ffffff
001ffe
fff004
001fff
ffd001
001001
000ffe
fffffe
ffe001
fff000
fff001
000000
000fff
002001
001fff
002002
001000
001002
002000
003000
000ffe
001001
002000
005000
001001
000000
ffefff
001002
ffefff
ffffff
ffe001
ffe002
fff001
fff000
000001
001fff
001000
fff000
ffe000
002001
001ffe
001000
001002
ffe000
ffefff
003003
000002
000fff
ffffff
000001
001000
002ffe
000001
fff000
ffc000
001ffe
fff002
001003
000000
001001
000002
004000
001002
ffe000
002002
001000
ffeffe
001000
000000
001ffe
002fff
001001
001fff
ffeffd
001fff
000fff
001001
000001
003002
fff002
fff000
001002
002002
001000
002002
004fff
001ffd
001002
001fff
000fff
ffffff
001000
000002
003000
001fff
000000
001001
fff000
ffe000
001fff
000000
fff003
000000
002001
fff000
001001
000002
001001
ffe001
000ffe
fffffe
001ffd
000002
001fff
001fff
000001
ffdffe
fff001
000000
ffffff
002001
ffeffe
fffffd
000fff
ffffff
000001
000ffe
000001
002001
fff000
000ffe
ffffff
ffe000
000ffd
000ffd
fff002
001000
fffffe
001001
fffffe
fff001
000001
003000
ffffff
ffffff
003fff
001001
fff001
001ffd
001fff
ffe000
000fff
ffd003
fff003
000001
000000
ffeffe
000001
001000
fffffe
ffeffe
001001
002000
002000
ffeffe
000001
002001
000fff
fffffe
000fff
002000
fffffc
ffffff
001ffc
000ffe
001ffc
000ffe
001ffe
001fff
001ffe
003003
001003
000000
ffdffe
001000
000000
002fff
000000
fffffd
fffffd
ffe000
fff001
003000
000ffd
ffe002
fffffd
001000
fff000
ffe000
000001
000001
000001
ffdfff
002ffe
001002
002001
003001
fff000
002000
003000
fff001
000ffe
000001
001ffe
fffffe
ffe000
001002
ffe001
fffffe
000000
003ffe
000fff
001fff
000000
ffe000
ffd000
001fff
001002
ffd000
000001
ffffff
fff000
ffffff
002003
000001
fff001
ffdfff
ffeffe
ffdffe
ffefff
001004
001fff
000002
001fff
001001
ffffff
000001
003fff
fffffe
000000
001000
000003
000001
000fff
fff000
003ffd
002000
ffffff
fff000
001003
001fff
000ffe
002001
000002
002004
001fff
002ffe
ffe002
ffefff
002fff
001000
000002
fff000
001000
fff001
001002
fff001
000002
003000
ffe000
002ffd
fff001
fffffc
001ffd
ffe000
000fff
002000
ffe000
ffeffd
ffe002
002fff
001000
000001
000001
fff000
003000
001fff
fffffe
ffe001
003001
001001
003001
000000
ffeffe
fff000
ffefff
000ffd
001ffd
ffe000
000000
001fff
ffefff
002000
ffe003
ffe004
000003
002fff
002fff
fff002
001ffd
003fff
fff000
ffeffd
ffd001
ffefff
001fff
000fff
fff001
ffefff
001000
001000
001fff
000fff
004fff
001000
000fff
000fff
001001
000000
002002
ffffff
001001
ffefff
fff001
000ffd
000000
fff003
ffeffc
001000
001000
001fff
002001
000001
003fff
001000
fffffd
fff001
000000
000fff
fff000
000fff
001001
ffe000
001ffd
001fff
000000
fff000
000002
ffe001
fffffc
ffe001
001003
fffffe
001001
ffefff
000001
001fff
001002
ffbfff
003001
fff002
002000
fffffd
fff001
000003
000001
ffdfff
002002
001002
fff000
004002
ffffff
001001
000001
ffdffc
000fff
001fff
000002
001000
ffffff
000001
ffffff
002002
000002
001000
ffd002
002000
ffe001
ffffff
ffffff
fff000
002001
003000
ffe002
fffffd
000000
001000
001ffd
000001
ffe000
ffe001
ffefff
000ffe
000002
002ffd
000001
ffe002
003000
003000
ffeffe
001ffe
001fff
000000
000000
001fff
ffffff
000002
ffdfff
002002
fffffe
ffc000
001000
000ffe
003002
000001
002000
001002
000fff
fff000
ffe000
000002
fff003
000ffd
ffffff
000ffd
000003
ffd001
002002
000001
fff001
000000
001fff
fff002
000002
001fff
ffd001
000ffd
001001
ffeffe
000001
002ffe
ffffff
001000
ffe001
fff000
fff002
002000
003000
003ffd
ffd000
ffdffd
000000
fffffe
000000
000fff
fff000
002ffe
001000
fffffe
000003
ffffff
fff002
000fff
002002
ffe001
001001
000002
ffefff
002003
000ffe
000fff
000fff
000000
001002
001004
001000
001001
000000
002001
fffffd
001000
000fff
001ffe
ffe001
fff002
001001
000fff
ffeffe
001ffe
001001
ffdfff
000003
001000
002ffe
000000
ffefff
000002
000ffe
fff000
fff000
000fff
001000
001001
fffffe
000000
003000
000fff
ffefff
000001
002002
000001
000003
fff001
ffefff
000fff
ffe000
001ffe
fff000
002001
003ffe
000004
fff002
001fff
fff003
ffeffe
ffe000
fff002
000ffe
000001
001fff
001ffe
001000
002001
ffe001
000000
002000
001002
fffffc
fffffe
001fff
002ffe
004001
fff000
000ffe
ffeffe
fffffe
001001
000ffe
000000
000001
ffeffd
000000
ffe001
000000
ffffff
ffe000
002ffc
ffe001
000000
002fff
000002
000000
000001
001001
ffd001
ffefff
001001
002001
000001
003000
ffe001
002000
ffffff
ffe000
000000
fff001
ffffff
000ffe
fff000
ffffff
fffffe
000fff
fff001
000000
fff001
003fff
001fff
001002
ffe000
ffe003
ffffff
fff001
000000
ffe000
000fff
001004
002001
001001
000fff
ffd001
001000
000000
001000
002fff
ffe000
ffffff
ffcfff
fff000
ffe000
002000
001002
001001
002000
ffffff
000fff
001000
000001
000001
001001
002000
fff001
ffc000
000001
000000
fff002
ffe000
000ffd
000ffd
000ffd
ffefff
002003
002fff
000fff
000ffd
002000
002ffd
000002
ffffff
002000
ffffff
fff000
ffb000
002000
001000
002000
000000
000000
001001
000000
000001
ffefff
ffefff
ffe001
003001
002001
000001
fffffd
002000
fff001
001ffe
fff000
000ffe
003000
001000
002001
002000
fffffd
000001
000003
000001
ffe002
fffffe
fff000
000001
fff001
fffffd
001002
ffefff
000ffc
ffffff
ffe001
000000
001fff
000ffd
000001
001ffd
fff002
003fff
fff000
000001
004000
000001
ffe002
001002
001000
001000
ffdfff
003002
ffe000
ffffff
ffd000
003000
003000
fff001
000fff
001ffe
001002
001002
002002
001ffe
000000
002fff
000000
ffefff
002002
002000
ffdfff
000000
003001
fff000
ffffff
001000
000000
ffc001
000000
000fff
ffd002
000001
000001
000001
000fff
ffeffd
ffe000
001ffd
001002
000fff
000001
000002
000000
fff001
000ffd
001ffe
001002
000003
ffffff
000fff
000001
fff002
000ffe
000000
001001
002ffe
ffd001
ffe000
fff000
000fff
001fff
fff001
ffefff
fff000
ffeffe
fff000
fff002
000000
003000
001ffe
ffeffe
fff000
ffefff
000ffc
001000
000fff
fff000
fff001
fff000
000002
001000
fff000
001001
fffffb
001000
ffe002
000fff
ffffff
000002
fff002
002fff
002fff
ffe001
001000
ffd001
000000
000ffe
001ffc
ffffff
001000
fff002
000002
ffffff
002fff
fffffe
001001
fffffe
ffe000
002fff
ffc000
000fff
ffffff
001ffc
002002
002000
002000
fff001
fff001
000000
ffeffe
ffeffc
001fff
001002
002ffe
fffffe
000fff
fff000
ffe000
000001
ffd000
ffdffe
ffffff
000001
003ffe
001001
000000
fff001
000fff
000fff
001000
ffffff
001fff
fff001
fff001
002ffe
ffefff
ffe000
001ffe
fffffc
fffffd
001000
fffffe
fffffe
ffefff
fff002
001000
000fff
ffdffe
ffdfff
001fff
ffe002
001000
fffffe
001000
000fff
000000
001ffe
000ffe
fff004
ffe001
002001
003fff
fff001
fff003
000002
001002
000000
001002
000ffe
001000
ffe003
002ffe
000000
002000
001fff
fff000
fff002
001001
ffe002
fffffe
ffffff
000003
ffefff
001003
000002
ffffff
000001
002fff
fff002
001fff
001fff
ffe000
ffe000
fff000
001001
fffffe
fff001
001ffe
ffffff
fff001
000fff
ffffff
001003
ffe000
ffeffd
000003
fff000
000ffe
fffffe
fffffe
000ffe
002001
001fff
002002
001000
000000
000000
ffffff
fff000
fff000
005000
002000
001000
000ffe
000ffd
ffdfff
ffd002
ffe002
001fff
fff003
003fff
fff001
ffd001
ffd001
000000
000000
000001
fff002
000fff
000ffe
003000
fff003
000ffd
ffefff
001000
000ffe
fff000
fff002
002ffe
000002
000001
001001
000001
000fff
001fff
001000
ffe001
001ffe
003fff
fffffe
001000
000001
003001
001ffd
000fff
001fff
002001
001000
001000
fff001
001002
001001
001fff
ffe000
001fff
000000
ffe000
000ffe
ffe001
001ffe
001000
000001
ffffff
000fff
ffc001
001fff
000002
002002
002001
fff002
ffefff
fff000
003fff
ffe001
000000
001002
001ffe
ffd001
ffe000
002ffe
ffeffe
ffe003
001000
fff002
001001
ffdffd
003000
001000
001001
fff001
ffe002
ffe001
000002
000000
000004
000ffe
fff001
000001
ffe000
000fff
ffffff
ffe002
001fff
001001
001000
000fff
ffffff
001ffc
ffe001
000ffc
002002
000ffe
ffe002
000001
000fff
001000
000002
001ffc
000fff
000ffe
ffe000
002001
000ffe
ffe001
002000
ffdffe
ffb002
001fff
000001
000fff
000000
002fff
003ffd
fff002
000ffe
000002
000ffe
fff000
ffffff
001002
000ffe
fff003
fffffe
fff000
ffffff
ffc000
003fff
001fff
fff001
001000
ffe001
000000
ffffff
000003
001001
001ffe
001002
ffffff
000fff
fffffe
001ffe
000fff
ffe001
001000
003000
002001
000ffe
002000
002000
004002
ffd000
fff000
fffffd
001ffe
000000
001ffe
002000
002000
003001
ffe000
ffe002
000001
fff003
fff001
001001
003000
000fff
001001
fff001
000003
ffefff
002000
fff002
ffcffe
ffefff
000001
001fff
001000
fff000
003fff
fffffe
001002
001000
000000
000001
ffe002
fff001
fff002
002ffb
fff000
001ffe
000000
001ffd
000001
fff001
fff000
000ffe
002000
000001
fff000
000000
001001
001000
ffdfff
004002
ffdffe
004000
ffe001
fffffe
ffefff
ffe001
003001
000000
000001
001000
001001
000000
001ffe
000000
ffd000
002000
003002
000ffe
001002
003fff
000001
003001
000000
000004
ffefff
fffffe
000005
003000
001001
002fff
fffffe
001002
000002
ffefff
fff001
001002
fff000
000000
ffefff
000000
000000
fff001
ffe001
000001
000001
005001
fff003
001000
000001
000000
001002
fff001
ffffff
002002
002001
000fff
001001
002001
000000
000fff
ffdffe
000001
000fff
fff000
ffffff
fff000
002001
000001
000fff
000001
002002
ffeffd
ffeffd
ffefff
001001
001000
001000
003ffd
001ffe
ffd002
000ffe
000000
fffffe
002fff
ffffff
ffdfff
000000
fffffe
001000
000ffd
fff000
ffe001
001002
000000
001002
ffeffe
000001
fffffe
002001
000fff
001ffc
002000
000001
ffd000
fffffe
fffffc
002001
fff001
ffe001
002001
000fff
fff002
002001
ffd000
000001
000000
000000
ffdffd
000000
001fff
000003
000002
ffe001
000000
000000
fff000
000000
ffefff
ffffff
001fff
002fff
001ffe
003000
003003
001000
ffffff
ffc001
ffffff
000002
002ffe
000002
ffefff
002000
003ffd
fff001
ffe000
ffe001
002fff
001000
000004
fff002
001ffe
fff001
fffffd
ffc002
ffe001
001001
001000
001ffe
ffffff
002000
fff002
000001
000001
001001
ffeffe
004001
001001
ffe001
fff000
000002
000fff
000ffe
001000
fff000
001ffe
001fff
fffffd
ffe000
fff001
000003
fff001
000001
000fff
002000
ffd002
fffffe
fff001
002001
000003
ffffff
000001
fff001
001002
002000
001000
ffffff
000ffe
ffe000
ffe000
001004
ffe000
000002
ffd002
001fff
000000
003ffe
ffeffe
000ffd
001ffe
002000
001001
fff000
ffdfff
fff000
002000
000001
001002
000003
003000
ffdfff
000000
004001
001001
001000
fff002
001000
ffffff
004001
001ffd
001000
ffffff
000fff
001002
001fff
001001
ffe000
001ffe
000fff
002001
000000
fff002
002000
001fff
fff002
001fff
000fff
ffeffd
004000
000001
001fff
ffffff
003001
000000
ffeffe
001000
000000
000001
000001
003fff
001fff
000002
000001
fff000
ffe003
001001
000ffe
fff003
ffffff
ffffff
ffe001
002fff
000000
001fff
fff002
ffe000
000000
000001
000fff
fffffd
fff000
000ffe
001001
002002
fff001
001003
001000
000000
002002
003fff
ffffff
fffffe
003003
fff001
002002
000002
fff003
000ffe
000001
002002
fffffe
004000
001ffd
000fff
ffefff
002ffe
fff001
000000
fff000
fffffc
002000
000001
001000
001000
ffefff
001fff
001002
002002
001001
001002
001fff
ffffff
ffffff
002000
000000
001000
fff000
000002
ffd002
000002
ffdfff
fff002
fffffe
fff001
002000
000fff
ffc000
002fff
ffc002
ffe001
000ffe
fff001
ffe000
001fff
002ffe
001fff
ffe001
001002
000ffe
000ffe
003001
000ffe
fff001
000001
002ffe
000000
001ffe
fff000
ffe000
003000
000000
ffd001
000001
001001
001ffe
fff000
001fff
001001
001fff
ffffff
003001
000ffe
fff004
001001
000001
000003
000002
004000
ffd000
002ffe
fff001
000004
ffffff
000001
000001
001001
000ffd
001001
000000
001fff
fffffe
fff001
002fff
000000
001fff
000000
ffe001
003001
ffefff
ffe001
fff001
ffe000
000000
ffe001
001ffe
fffffe
fff000
fff000
000ffc
000ffe
ffffff
000ffe
001ffd
000fff
fff002
000fff
003ffd
002001
fff000
fff000
002001
fff001
fff000
001ffe
000002
003004
001ffd
003003
000000
ffd001
001000
001002
000001
001fff
fff002
003004
001001
000fff
002000
002003
fff000
001002
003001
003fff
001002
001002
ffffff
fffffe
000000
fff004
000ffe
001000
ffe001
ffd001
001001
ffd001
001003
001001
fff000
001002
ffffff
fff001
fff002
001001
000001
002000
000fff
ffe002
ffe002
002fff
001ffd
000002
ffe000
000002
000000
001002
000ffd
ffeffe
002ffe
004ffe
000fff
001000
003ffe
001fff
000ffe
000000
ffefff
001002
003000
ffeffd
fff001
ffe001
001fff
001fff
000000
ffe001
001fff
ffe000
001001
003001
fff003
001000
000fff
fff000
001000
001ffd
002ffd
000001
000001
002fff
001000
ffe001
000000
001001
000000
001fff
000001
000ffe
000fff
000002
001003
001000
001ffe
fffffe
000fff
001000
fff001
000004
002002
ffefff
001000
000003
ffd000
ffd002
ffd000
003fff
000fff
fff000
ffffff
fff002
fff002
fff000
fffffd
000fff
fffffe
fff003
ffeffe
000fff
000000
002fff
000000
fff001
000001
000000
ffffff
fff002
002002
fffffd
003002
fffffd
001ffd
ffffff
ffeffe
002ffe
004ffe
ffe002
000fff
002ffd
fff003
fff002
ffefff
002ffd
001000
001001
000fff
003000
002003
000000
000ffc
001001
000fff
000000
002ffd
000002
003002
ffd001
000fff
fff002
000000
ffffff
ffeffe
002000
001001
000fff
000ffe
ffe001
000000
ffe000
001ffe
000fff
000001
ffe001
ffe002
fff002
003001
000ffe
fff001
002000
fff000
000001
002000
002ffe
001000
fff001
001001
ffffff
001001
000001
ffffff
fffffd
001002
fff001
004001
ffe000
000003
fff000
001fff
fff000
000000
000ffe
001000
ffe001
001ffe
004ffe
ffefff
000000
000fff
000003
ffffff
ffe000
001000
fff001
ffbfff
000000
ffffff
000ffe
fffffd
003ffe
002001
000000
ffffff
fff001
002001
fff002
001002
fff002
001000
ffdfff
000fff
fffffd
001fff
000001
ffffff
001000
fffffe
001001
ffeffe
000fff
000ffd
000001
002fff
ffffff
ffffff
001000
000000
ffe003
fff002
ffd002
002004
000fff
001fff
000fff
000004
fff003
fffffe
fff000
ffe000
fff001
ffe001
001fff
000000
000001
002fff
fff001
002000
001ffe
000000
002000
fff001
000ffe
fffffe
000fff
ffe002
fffffd
fff000
ffffff
000fff
002000
000fff
ffffff
ffe004
ffdffe
002fff
001002
fff002
001002
ffffff
002fff
000ffe
002000
001000
000fff
002002
000000
fffffd
002ffd
ffdffe
ffefff
ffe001
002000
fff000
fffffe
000000
ffdfff
fffffe
ffffff
fffffd
002ffe
001003
001fff
ffe003
000ffd
002ffd
000fff
003ffe
002fff
000001
fff002
fffffd
002ffe
ffffff
fff001
001001
002fff
002001
000ffe
000fff
000ffe
000fff
ffe003
001001
001001
000000
000ffd
002fff
001fff
001001
ffffff
002ffd
000001
000ffe
ffd000
001fff
002001
000fff
ffd000
fffffe
000ffd
001003
000001
003003
ffe000
000000
ffe000
001001
ffdffe
003ffe
001000
001001
003000
003001
ffefff
002000
000ffe
001001
000fff
fff001
ffe001
fff001
ffe002
fff000
ffdffe
fff001
001000
000001
002fff
001000
000002
001fff
fff002
ffd001
ffffff
ffdffe
000002
002ffe
001000
000ffd
000fff
fffffe
fff000
ffe000
ffc002
001fff
fff002
ffffff
ffc000
ffeffd
001fff
000000
001fff
001ffc
000003
002002
000fff
001fff
ffdfff
005001
ffd000
000002
000000
fff002
ffe002
fff000
ffe001
001fff
003001
ffefff
000ffe
002001
001fff
004ffe
000ffe
003004
000002
000001
001fff
000003
001001
003002
fffffe
002003
fff002
ffffff
001001
000001
001002
001ffe
000000
000004
003001
ffffff
fff001
fff001
000ffe
002001
001fff
000ffe
002ffe
fff000
ffe003
fff000
000001
002fff
fffffe
001fff
000fff
fffffe
fff003
003fff
ffc000
ffeffe
000003
000001
000ffc
001002
fff001
002000
000003
003003
000004
001fff
002fff
ffeffe
001001
ffdffe
001000
fff002
000000
002003
ffefff
001000
001fff
003fff
000000
ffdfff
000ffe
000ffe
000fff
001fff
ffdffe
002000
ffc000
ffffff
fff001
002fff
002fff
000fff
ffffff
fff000
001002
000ffd
000ffd
fff004
001fff
fffffe
004000
000000
fff002
ffd002
000000
000ffc
000001
fff000
001001
ffefff
000001
001ffe
fffffe
000001
001002
001001
ffd001
000fff
fff000
ffe003
000002
ffefff
001002
ffefff
000002
003002
fff001
ffd002
000001
fff000
ffefff
001fff
ffe002
002ffd
fffffd
000fff
ffd001
000000
001003
000000
001fff
002ffe
ffffff
004000
fff000
ffe001
002001
002000
fff000
000000
000001
000ffe
000000
000000
000003
ffeffe
ffd002
fff003
003001
002001
ffffff
fff000
000000
001000
000fff
fff000
001003
000fff
000001
003fff
002000
fff000
ffffff
000001
ffffff
ffffff
001003
ffe000
ffffff
fff001
000001
002ffe
000ffe
ffe000
000000
000001
ffe000
fff000
ffe003
001000
000001
ffe002
000003
ffe000
fffffd
000fff
ffeffd
ffe000
000001
000fff
001001
ffd004
000000
001001
001000
000000
000002
000fff
001ffe
fffffd
002fff
000002
ffd001
000002
002000
001001
000fff
ffe001
000fff
003002
ffdfff
000ffe
002000
000fff
ffdffe
000001
002003
ffd000
002002
fff001
002ffe
fff000
ffe001
ffd001
000fff
002ffe
000ffe
fff001
000fff
ffe002
fff000
ffd000
002fff
fff000
001ffd
000001
000000
000001
002fff
ffeffe
001002
fff000
ffdfff
fffffe
ffeffe
ffdfff
000fff
000000
000fff
001001
ffe001
000001
fff001
004ffe
002001
000000
000000
000ffe
004001
004000
fffffe
000fff
000fff
000fff
fff001
002001
fffffe
001fff
fff002
001001
fff000
ffefff
002003
003fff
002003
fffffe
001003
001002
000fff
001ffe
000000
002000
000001
001ffe
000fff
000000
001000
ffeffe
000001
ffffff
001001
ffefff
002001
001fff
ffe000
002000
ffe000
fff002
001002
ffe000
000fff
fff001
ffe001
003000
ffe002
ffefff
000000
ffe000
001fff
fff000
000000
fff000
fff000
003ffd
000ffe
001ffd
001002
002ffd
000fff
ffe001
000000
002002
ffd000
001fff
002000
000001
002000
001000
002fff
001000
000ffd
001fff
000001
002fff
000001
fff000
ffe000
ffffff
001fff
001ffd
fff000
000000
001001
000000
ffe001
001ffe
001ffe
fff003
001fff
ffeffe
000001
fff001
fff001
000001
002ffe
ffeffe
000ffd
000fff
001000
000000
002fff
000ffe
001001
001ffe
ffc000
000002
ffe000
fff001
003002
000000
000001
fff000
000000
fff000
002001
001fff
002003
000001
000001
002001
001000
001fff
ffeffe
fff002
fff000
fff001
000fff
001000
ffefff
001000
000000
ffd001
001fff
001fff
fffffe
000000
000fff
000ffe
001fff
ffd002
000ffe
fff001
002000
000ffd
001001
fff000
001003
fff004
ffe002
000fff
000000
002ffe
000ffe
001001
ffd000
000000
000000
001ffd
fffffd
000001
fff002
ffc000
000ffe
001001
002003
003fff
fff000
002001
000002
002fff
001000
000000
002001
001000
ffefff
000ffe
000001
002ffe
ffe001
000ffd
fff001
ffd000
ffffff
ffe001
fffffe
fffffd
ffe003
000001
003002
001fff
003000
000002
002fff
000002
ffd001
ffefff
000000
000001
ffe000
fff001
000000
ffe001
000002
001ffe
001fff
fff000
000000
ffffff
002000
001002
fff000
001003
000000
ffeffe
000001
ffe002
ffffff
001fff
000002
002004
001003
000000
fff002
fff000
ffeffc
002000
000001
fffffe
001001
000ffd
ffe002
000001
001003
002000
002fff
001002
000ffe
fff002
001001
001000
ffe002
002000
000000
001005
ffeffe
000001
000000
000003
000000
000004
001001
000000
001000
002002
ffdfff
ffe001
000000
000ffe
ffffff
fff000
ffefff
000000
ffe002
fff002
001002
002001
001003
000001
fff001
ffefff
fff002
001ffe
ffffff
003ffe
002001
001ffc
000fff
fff000
000000
002fff
000fff
003000
001003
000001
003fff
ffffff
001003
001002
fff001
ffffff
fff000
000001
000000
000000
fffffe
001000
001ffd
fffffe
001000
000001
000fff
000000
fff001
ffdffe
fff001
001000
000001
002000
001001
004000
000001
ffe002
001000
000001
fff000
ffe001
002000
000ffe
002fff
001000
001000
001000
ffe002
001001
000fff
000fff
000fff
001002
001fff
fff000
001ffc
000003
ffe000
001000
002002
fffffd
001001
000001
002001
fff001
000fff
002ffe
002ffe
ffcfff
ffffff
fffffd
002000
ffffff
001002
ffc003
002000
004001
ffffff
004fff
fff001
001fff
000003
001001
000001
000000
001004
fff001
001fff
001002
fff000
002002
fff002
ffeffe
ffe000
002fff
000000
001001
001002
000000
ffc001
001000
000001
ffe002
000fff
001fff
001fff
001fff
002001
000000
002000
004000
fff002
ffd002
001ffe
000001
ffe001
001002
001002
001000
000000
002001
000001
ffd003
001fff
fffffd
ffefff
001ffe
ffe001
001001
fff000
000000
000003
fff001
000fff
002004
fff002
fff003
ffe000
000001
ffefff
fff000
000fff
000001
001000
001001
ffe000
001ffd
fff002
001000
000ffe
ffefff
fff002
003000
001002
ffe000
fffffd
ffe001
fff000
000002
000000
000ffc
002001
ffffff
fff001
fff007
003ffe
001000
001fff
002ffd
001001
ffd002
ffe000
fffffc
001001
000ffe
fff003
002fff
001000
ffefff
002002
000ffe
001ffe
000003
fff002
000000
ffffff
002000
001000
000000
ffeffc
002000
002fff
001000
001fff
000ffd
003ffe
001fff
002002
000000
002000
ffe001
000002
004fff
001fff
001002
fff000
000002
001ffc
001002
000ffe
001001
ffd002
ffffff
003001
ffffff
001ffe
000ffd
fff004
000ffd
004000
fffffe
000000
ffd000
001000
003fff
003fff
001001
000001
001001
002fff
ffe000
003fff
001001
ffe000
000000
fff001
ffdfff
001ffe
fff002
000fff
000003
002003
000004
004fff
fff001
000002
000000
ffe000
fffffd
000fff
fff000
000002
001001
fff001
000000
ffe001
002fff
fff002
001003
000ffd
fff002
000fff
ffe000
001001
fffffe
001002
000ffd
002003
000000
001001
fff003
fff004
ffefff
004fff
000000
ffefff
ffe000
ffe000
ffffff
002ffc
ffe001
000001
ffffff
001002
fff001
ffefff
001fff
002ffe
000fff
001002
000000
000ffd
ffffff
ffefff
000002
001ffc
002002
001fff
000001
ffffff
ffefff
001001
000000
001004
000001
002001
000000
001000
001fff
fff000
ffffff
ffffff
000002
000002
fffffe
002fff
fffffe
fff000
002002
000001
002001
fff000
000000
ffeffd
ffefff
002001
fff003
001ffe
fff002
001fff
003ffd
002fff
fff000
001fff
001003
fff001
ffffff
000002
fff000
002ffe
003003
fff001
001001
ffe001
ffeffe
004fff
001fff
000fff
ffeffd
ffd001
002ffd
001002
000001
001000
fff000
000003
004002
001fff
ffffff
ffe001
001fff
ffc001
ffe002
000fff
ffeffe
000000
001001
000000
001ffe
001001
001ffe
fff003
000002
fff000
001003
000000
001001
ffdfff
001003
ffffff
fffffd
004ffe
ffe001
ffefff
fffffd
003001
001fff
000000
000001
003000
ffe000
000000
000fff
ffeffe
000000
001001
001001
ffe003
002000
ffefff
001001
001fff
000001
002001
001000
fff001
003ffd
002fff
000000
002001
fff001
ffefff
ffe000
fffffd
002001
001001
001000
fff002
001001
fff000
002000
003005
fff000
fff001
ffe001
000001
fff000
fff002
000000
003fff
002000
fff000
001ffe
001001
000ffc
ffefff
001fff
fff002
000002
000002
001ffe
fff000
002ffb
001000
000001
ffe000
001003
ffeffd
fff000
000000
001000
001003
000ffe
001ffe
001fff
000ffd
ffdffc
001000
000fff
fffffe
ffffff
002000
000002
001ffd
000001
ffffff
000fff
001000
000001
fff000
001ffc
002001
000fff
001000
ffffff
ffdffe
fff000
001ffd
ffeffe
fff002
002004
002002
001001
000fff
001000
001000
ffe000
000002
001fff
ffefff
000001
000000
ffe000
000000
ffefff
ffeffe
001fff
000002
001001
fff002
002000
000fff
002001
ffe001
001000
000ffe
000001
ffffff
ffeffd
002000
000001
ffefff
fff003
ffe001
002fff
ffefff
fff000
001ffe
ffe003
001fff
ffe000
001003
002001
000000
000fff
ffdfff
003002
000001
000ffd
001001
fff000
000000
000ffe
002ffe
001000
fff001
000001
000fff
002ffc
002fff
002fff
ffe001
fff001
003fff
001003
ffc002
ffe001
000002
ffe003
000000
ffffff
000000
000002
002fff
ffffff
ffc002
001000
001001
001003
000001
000ffe
000001
002000
fff000
ffffff
fffffd
ffffff
001fff
001fff
002fff
002000
ffe001
fff001
001000
fffffd
001001
fffffe
002fff
fff003
002003
000002
001fff
ffdfff
fff000
000000
000ffe
001000
000004
000003
fff001
001001
000002
000001
001fff
000000
001002
000002
ffefff
000002
ffffff
003005
fff000
fff003
001fff
fffffd
000005
001001
fff001
001fff
001001
002ffe
ffd000
001ffe
fff001
000003
001001
002001
000fff
ffe001
000fff
ffd000
004000
000001
ffe000
ffe000
fffffe
003000
000000
001fff
000003
ffdffe
001fff
002003
ffe001
002fff
001000
000000
000000
fff000
000fff
fff000
001fff
000000
000000
000ffe
001002
fffffe
000fff
001000
000001
ffe000
ffd001
ffe001
001ffe
000002
002ffe
ffe000
ffdfff
ffd001
000000
000000
ffe001
001000
ffe001
001ffd
000000
ffefff
001000
ffe003
fff001
ffffff
ffe000
000001
001fff
003fff
000003
fff002
ffe002
ffefff
ffe000
ffeffd
ffe000
002000
fff002
fff000
ffd000
000001
000000
fff001
000001
001fff
ffffff
fff001
000fff
001000
001000
fffffd
fff002
000fff
ffdffd
000fff
000002
001001
002fff
ffe000
ffe000
ffd002
000fff
fff003
ffffff
003001
000000
001000
001000
fff001
ffeffd
001ffe
002001
001ffd
fff000
000000
000ffe
000002
003000
fff001
001fff
002fff
ffdfff
001002
000fff
002fff
003000
002000
001001
fffffd
000003
002ffe
fffffe
001003
002003
ffffff
ffffff
001001
fff000
000002
002001
001ffd
000002
fff002
001fff
001000
ffdffe
fff001
000002
000fff
002fff
ffe000
002000
fff001
000ffe
ffffff
001fff
001001
000001
003000
000ffe
001ffd
004000
001000
000fff
ffe000
001003
ffe002
000fff
002004
001002
001fff
ffefff
ffe001
ffefff
002001
002000
002fff
000fff
002001
001000
000003
000000
ffe002
001ffd
001ffe
001002
001fff
fff000
001ffe
ffe002
000000
ffffff
001000
fff000
fff003
ffcfff
fffffe
fff001
ffe000
ffc000
002003
fff002
ffefff
ffe002
002000
001001
000ffe
002000
fff000
002000
ffe001
001000
001fff
002000
ffe003
000000
002ffd
ffe002
ffffff
000fff
fffffe
000fff
fff002
fff002
001ffe
001ffd
000ffd
003001
000002
001ffe
fffffe
003000
001fff
fff001
000000
001ffd
002002
001001
001000
001ffe
000001
fffffd
001003
001000
000fff
ffefff
001000
001000
001ffd
000000
001000
ffe000
fffffe
002ffd
001ffc
000000
fff000
001000
001ffd
ffe002
004ffe
001004
001000
001002
ffe003
002002
000001
000ffe
003fff
000002
ffefff
005ffe
000001
000002
ffe001
001002
001002
001000
ffe003
fff004
ffffff
000fff
001000
ffe001
001002
000001
000002
ffe001
ffd000
000003
000ffe
000ffe
000000
001001
001003
fff002
000002
002000
001001
000ffe
000001
fff000
002000
002000
000fff
ffe001
002fff
001001
002000
ffefff
000fff
000001
001001
ffcfff
fff001
fff001
ffe001
001fff
ffefff
fff001
002002
000001
001ffe
fffffc
002fff
fffffd
002000
002000
002ffe
001001
002ffd
001000
002fff
fff000
fffffd
ffd000
001000
000001
ffe000
004000
001ffd
001003
001fff
001ffc
fff000
002001
001ffd
003000
000001
002ffe
002ffc
002000
000000
000fff
002002
001001
ffe002
002000
001005
001fff
000003
fff000
fff001
001001
ffe003
ffe002
001001
001001
000001
fffffe
fff000
002000
fff003
001fff
000003
001000
ffeffe
ffd000
002000
001000
003001
000003
fff000
000fff
ffe002
ffe000
fffffd
000002
fff002
fffffe
fffffe
000002
ffffff
000000
001000
fff002
002000
fff003
fff000
000fff
002fff
001003
000fff
ffe001
ffe001
003fff
000000
002000
fffffe
003000
fff001
001fff
ffd000
ffe000
001001
000001
002fff
fff000
001003
001000
004ffe
001000
001ffe
fff000
000fff
001fff
000ffe
000001
001fff
001fff
ffefff
fff000
003000
fff002
000002
001ffe
ffdfff
fff001
001fff
000002
001fff
ffe000
fff000
ffe001
ffe000
fffffe
002ffe
000ffc
fffffe
002000
000ffe
000003
ffffff
001000
fff001
000004
ffe000
000001
ffefff
000000
002000
ffdfff
fffffd
001ffe
000ffd
fffffe
000fff
001fff
001fff
000002
000002
001fff
002fff
001000
001ffe
000fff
003002
000fff
fff002
ffc001
002000
003000
ffffff
003000
001fff
fffffe
001fff
fff000
ffeffe
000ffe
000000
000001
001000
ffd001
000001
002003
000000
000000
001fff
fff002
ffcfff
000003
000ffe
001fff
ffffff
fff000
fff000
001ffe
000000
000002
000fff
fff000
000002
002000
001000
ffffff
ffffff
002fff
003000
ffffff
ffdffc
fff000
ffd000
002001
ffefff
001001
002001
000000
001fff
ffdffe
ffeffe
001001
ffffff
ffeffe
000fff
ffffff
fff003
002003
fff000
ffeffe
002003
001fff
003000
000000
fff002
000002
001000
001000
000fff
002fff
001001
005002
001000
fffffd
fff001
000000
000002
000001
fff000
000ffe
000fff
000ffe
fff001
000000
001ffe
fff000
fff003
fff000
001000
000000
000002
fff000
000ffd
005003
002000
fff000
001001
002fff
000003
ffe002
fff000
002ffe
ffffff
001fff
001fff
001fff
000ffe
000ffe
fff000
ffe001
fff000
fff001
ffeffe
000fff
002001
001000
fff000
001002
fffffe
ffe000
000000
000003
000001
ffe000
000002
ffd000
ffffff
000001
000fff
000fff
001000
000ffe
001000
000003
002002
002000
ffd000
001000
002001
fff001
000ffd
000fff
fff001
001002
ffdffb
ffffff
002003
000001
fffffe
001000
fffffd
ffffff
fff001
003ffd
fff002
ffffff
001fff
000001
ffeffe
002001
002ffe
000002
001ffd
ffeffc
000002
001ffe
000000
000002
ffcffe
001ffd
001fff
000001
002001
002001
002000
001000
002000
001fff
fff002
000001
002003
ffe002
ffffff
fff000
fffffe
fff000
001000
fff001
fffffd
fffffc
000fff
ffffff
ffefff
001fff
001002
003002
ffffff
ffe000
004000
fff001
001fff
000002
000fff
001ffe
000001
001000
000001
001001
000002
ffffff
001003
003ffe
ffefff
000001
fff002
fff000
000fff
003002
002002
002000
fff003
000000
ffe002
ffeffe
000ffe
001001
002ffe
ffffff
000fff
001000
001001
001002
000000
000ffd
001000
fff000
000000
ffe000
000001
ffe000
001ffe
000fff
003001
000001
002002
004001
001003
000fff
002000
000000
002ffe
fff000
ffe000
001000
fff001
000ffe
000002
000001
ffffff
fff001
000fff
ffffff
002fff
ffe001
fff001
001001
fff001
001ffe
fff001
ffffff
fff000
001000
fff002
fff001
fff003
ffffff
ffe000
001003
fffffe
000fff
ffffff
fff000
002fff
000000
000001
fff000
000ffe
000ffe
000001
000000
002fff
ffd000
fffffe
001fff
fffffe
001001
003ffe
001fff
001000
004fff
fff001
000002
001000
001ffe
002000
ffc000
001000
002000
000000
000003
002000
fff000
000fff
000fff
ffefff
ffffff
fff002
000ffd
004ffe
fff000
001001
ffe000
001ffd
ffe000
000002
001001
000fff
002004
001ffd
002000
002ffd
000002
ffeffe
000003
001003
002000
000ffe
000ffe
003fff
001002
001fff
000000
000000
fff001
000fff
ffefff
001000
000002
001ffd
002ffd
001ffe
000ffe
ffe002
000ffd
001000
fff000
000ffe
002000
001001
001ffd
002ffe
ffe001
ffc001
000fff
000001
001ffe
001002
001002
001001
003002
000000
fffffe
002000
000ffd
001000
002ffd
001fff
000fff
001fff
ffe003
fff001
001fff
000fff
fff000
001ffe
001001
ffd001
fff000
000fff
001ffe
002001
001001
001001
000000
000000
002000
001fff
fffffe
fff000
000001
001001
000fff
ffd001
004000
001000
ffd001
001000
000ffe
000002
000000
002001
fff002
fff001
001000
000001
fff001
ffffff
ffeffe
000001
ffe000
001ffe
000ffe
002000
fff000
001003
001fff
fff000
001002
ffeffe
ffe002
fff002
000fff
ffffff
002ffc
fff000
002000
ffe000
001000
001fff
001002
000002
001000
ffefff
fff000
ffe000
ffffff
fff000
ffefff
fff001
001000
fff002
ffefff
000000
002002
000001
fff002
fff000
fff000
002000
001ffe
001000
fff001
001ffe
ffc000
000000
ffe000
002fff
000002
001fff
000003
000002
000ffe
ffffff
fff001
002004
ffd000
000fff
ffe002
001001
ffeffe
001fff
fff000
fff000
ffe002
ffe000
001ffe
000000
000ffd
ffe000
ffe003
000001
001000
ffe002
002000
004ffd
000ffe
fff000
000001
001000
ffffff
004000
000003
ffbfff
000001
000fff
002001
003fff
000002
fffffd
fff001
001fff
001fff
fff000
001ffe
000fff
002fff
000000
001fff
ffe000
000001
ffd000
fffffe
fff000
fff003
fff000
ffdfff
000000
fffffd
000fff
fff004
001fff
000ffe
000ffe
002ffe
ffefff
002ffe
000002
fff001
000002
003001
000fff
002002
000001
000001
fff000
000000
fff001
ffdfff
fff001
003000
001001
ffefff
003000
001000
ffeffe
001002
fff001
fff000
002ffe
fff003
fff000
ffe001
000ffd
001fff
000fff
000ffe
001000
001002
000fff
001000
000004
003fff
fff001
001fff
000000
ffe000
ffcfff
000001
000ffb
001002
002ffe
001000
000000
ffdffe
ffffff
003ffc
ffefff
002ffe
001002
002ffd
000fff
000001
fff002
000002
fff000
002ffe
ffeffd
fffffe
ffffff
001ffe
000000
000000
ffe000
ffffff
ffd000
000ffe
001001
001001
ffcffe
000fff
fffffe
000ffd
003ffe
002001
fff000
ffe002
001001
ffdfff
002fff
001fff
ffe000
002000
fff001
ffcfff
003000
001fff
000fff
fff000
001000
003ffe
000fff
000000
fff000
001fff
001001
000000
fff000
ffeffe
002000
000000
002003
ffd002
ffe001
002ffe
000fff
003001
000000
001002
002001
001fff
001001
001003
ffe002
000fff
fff003
000ffd
000000
002001
000fff
fff000
002000
ffefff
000000
001002
fff000
ffffff
ffcfff
000000
001ffe
001001
000003
000ffe
001fff
002ffe
fff001
000fff
fff000
000000
000001
000003
fff002
000ffe
ffefff
000fff
001000
fff003
fff001
000000
fff000
fffffe
003001
fffffd
000ffe
002001
001001
003ffe
003001
000001
ffe000
000ffd
002001
001000
004fff
fff000
ffefff
000001
000fff
ffdfff
fff000
ffe002
002ffb
000000
ffefff
fff002
ffe000
003000
fff001
ffeffe
002001
fff003
001000
002ffe
001001
fffffe
001000
ffc002
002000
000001
000000
000001
fff000
fff000
000ffe
001ffc
000000
001000
000002
000003
000001
001ffe
ffeffd
fff002
fff001
ffe001
002000
ffe001
ffe000
000000
000ffe
ffcffd
001002
002000
003003
003001
ffe001
000001
001001
ffe000
fff000
ffe001
fff000
fffffe
fff001
003fff
001002
001001
000fff
001000
002003
ffb001
000fff
ffe001
001ffd
000001
ffe000
000fff
ffe001
002000
001000
fff001
001fff
002fff
fffffe
000001
000001
ffefff
001001
ffe000
fff001
000001
ffe000
000fff
ffffff
ffe001
002000
fff001
000ffe
002002
fff002
000fff
fffffe
003000
001fff
ffe000
001001
fff000
fff001
000000
002003
000fff
001000
fff000
000fff
ffd002
000fff
000fff
000fff
fff000
001000
002001
001000
001001
000002
ffc001
fff001
fff000
004fff
002fff
000fff
ffeffd
000001
fff002
000000
ffe002
ffe001
ffd001
000000
001ffe
ffdffd
000000
001fff
001002
000002
fff000
ffe003
000000
ffe001
001000
fff002
ffffff
001002
002000
fff002
fff001
fff002
000000
000001
002ffe
002002
003000
003ffe
ffe000
001001
fff004
001ffd
ffdfff
001ffe
ffffff
000000
ffe002
ffffff
002001
001000
002002
001000
001fff
001fff
001001
000fff
ffdfff
003000
ffd000
001002
fffffe
000fff
000000
000001
ffe000
001fff
fff000
003000
fff001
003fff
001001
000001
000002
fff000
001ffe
001fff
003fff
fff000
001001
000000
001000
ffefff
000001
fff000
002ffe
ffffff
ffdfff
ffcfff
001000
000000
001000
ffffff
001fff
000000
000fff
001000
fffffe
ffd000
fff001
002000
fff001
ffe000
fff001
002000
002002
fff001
ffefff
fffffe
000000
ffffff
001ffe
ffefff
fff000
002000
fff002
ffe003
ffe000
002001
000001
002000
001fff
fffffe
fffffd
002ffd
000fff
001ffd
fff000
ffffff
ffdfff
002001
ffeffc
002002
fff000
fff001
fffffe
fffffe
000000
003002
ffefff
ffe000
003002
ffffff
001002
000001
fffffe
fff000
ffffff
000fff
ffeffd
001000
ffdffe
000001
000001
ffe001
003000
001001
002fff
001ffc
002000
001ffe
fff001
ffe002
ffe000
001ffe
ffeffd
003fff
000000
003002
fff000
000003
000002
002003
000000
001001
ffe001
001002
001ffe
004003
fff000
ffdfff
000002
000000
ffefff
000002
001fff
002fff
fff000
fffffe
ffe001
001001
000fff
002003
fff001
002000
001000
000002
ffe000
001000
001fff
003002
000000
001000
001000
001fff
ffffff
000001
000001
002000
000ffd
001ffd
001003
003001
ffffff
000001
000001
fff002
000001
000ffe
001003
000001
001ffe
001001
fff002
002fff
001ffe
fff000
fff000
ffeffd
fff005
000ffe
000000
ffe000
fff001
fff001
ffefff
002001
000fff
002ffe
001002
ffe000
000ffe
fffffd
ffffff
ffe002
ffffff
002fff
002fff
fff000
000001
003000
fffffd
001002
001fff
fff000
000ffe
fff000
fff000
ffffff
000002
001000
001000
001000
ffd001
000000
ffe000
ffffff
003000
ffffff
000ffe
000ffd
002000
fffffe
ffffff
ffe001
002ffe
fff003
000001
000000
fff001
ffffff
000ffd
fff001
ffffff
fff000
000002
002fff
001000
000000
ffd000
000ffe
000001
000002
001000
000fff
001001
fff000
000000
003ffe
001000
003001
000003
002000
002fff
fff001
000000
001001
003ffe
ffe002
003fff
ffefff
002000
ffe000
000fff
002ffe
fff000
002000
001001
000000
000000
002000
001000
000003
000000
fffffc
001000
000001
ffe001
002000
fff001
002002
000fff
002004
fff001
001fff
004001
000000
000fff
fffffe
001ffd
000ffd
ffffff
000002
002001
000000
000fff
002fff
ffefff
003000
ffe000
000000
000001
000001
fff001
003002
ffe000
001001
fff001
000000
000002
001001
000002
000ffd
001fff
ffe000
ffe000
000000
001001
fff001
000fff
001000
ffcfff
002001
000000
001fff
003003
ffeffe
001003
002ffe
fff000
000fff
001000
000fff
ffffff
ffffff
ffe001
001000
000001
000001
002002
ffffff
fff001
003002
ffe001
001001
000fff
001001
001002
000001
fff002
000000
ffffff
001000
000001
ffefff
002fff
003fff
fffffc
fff003
001fff
ffcfff
003ffe
001002
003ffe
002002
ffefff
001ffc
000ffe
003ffe
000000
fff001
003ffe
ffffff
ffe000
ffefff
000000
001002
002000
002fff
003fff
fff001
000001
fff001
002003
000fff
000000
002000
fffffe
000fff
001002
003fff
fff001
000001
001ffc
001000
000fff
002ffe
ffdffd
fffffd
000000
ffdfff
001000
001002
003002
000ffe
002000
ffffff
004fff
000ffc
fff000
001003
003ffe
ffe005
000fff
000fff
002ffe
000ffc
fff001
002001
001000
000000
000fff
002ffe
002ffe
ffe002
fff000
fff000
002fff
001002
fff003
000fff
000001
000ffd
001001
003001
001ffe
fff000
001ffd
002001
001000
ffeffe
000004
ffeffd
001fff
001ffe
002fff
000002
001fff
ffe000
001001
001001
000002
002000
fffffd
002fff
000001
ffeffc
ffe001
001000
000fff
ffefff
fff001
000002
ffffff
ffe002
ffeffd
ffffff
001fff
003002
ffd001
ffffff
001001
000001
001fff
001000
003000
002fff
000001
fff004
002fff
000002
000fff
ffc000
000000
000002
004002
fff001
001002
ffdfff
001ffe
ffefff
ffe002
000ffe
000002
002fff
ffffff
001000
002001
001002
000004
001000
001ffe
000000
ffd000
ffc000
000fff
ffe000
ffffff
001001
003003
001fff
fff001
fff000
000ffe
ffffff
ffefff
fff002
003fff
002fff
000002
ffffff
001fff
000000
fffffc
001ffd
001fff
005000
000000
fff000
000000
002000
002000
ffd000
ffeffd
fffffd
001ffe
002002
002002
000000
000fff
002002
001000
001000
fff000
fffffe
001ffe
001001
fff000
ffefff
000002
000001
001ffe
001002
000ffe
001fff
000ffe
001000
001fff
000001
000000
001001
fff000
002002
001fff
002000
000fff
001ffe
fff000
000fff
000ffe
002fff
ffe001
005000
fff000
001ffe
000001
ffd001
001000
001001
000002
fff000
002000
002004
000003
fff000
001fff
fff000
000001
ffe002
fff002
ffffff
000ffc
000001
000000
002fff
fff001
000001
ffd001
000000
fff001
001000
001000
002fff
002000
004ffd
fff001
002ffd
000fff
001fff
000000
000000
000ffe
ffe000
002000
002fff
000fff
ffdffe
001000
003001
fff001
fffffe
fff002
001002
002ffd
000001
000ffe
fff000
001001
002002
001000
ffffff
001fff
001002
fff000
003000
000ffb
002004
ffeffd
fffffe
002000
000002
fff002
001000
001fff
000001
000000
001001
fff003
ffe000
001000
fff001
fff000
fff002
fff001
fff002
001001
fff003
ffe000
001001
000003
ffffff
fff001
ffefff
002000
000001
fffffe
ffffff
ffffff
fff002
000ffd
ffcffd
ffd000
002001
001ffe
000ffd
003ffd
fff000
002000
000ffe
002000
003fff
ffefff
000ffd
001ffe
003ffe
002fff
000ffe
003000
001ffe
003000
fff000
001001
002000
000002
ffffff
003fff
001001
000fff
fff001
fff000
002000
003000
002002
002003
ffe002
fffffe
001ffe
fff002
005fff
002001
000ffe
001fff
000001
ffffff
002fff
001ffe
000ffc
fff004
ffffff
002ffe
fffffe
002000
000003
003000
000fff
003000
000001
000fff
001fff
003fff
003ffd
fff001
001001
003001
001fff
000ffd
003ffe
001001
000002
001000
001000
000ffe
002001
000000
000001
ffefff
fff000
fff000
ffe002
000fff
ffffff
000000
ffe001
fff001
ffffff
001fff
000000
001ffe
001003
001fff
000ffe
fff001
001001
002001
001000
000fff
fffffe
000001
000002
fffffe
000ffd
001000
000000
002003
ffe001
002001
003001
ffd001
000003
000fff
000000
ffe000
ffe001
ffe000
002002
ffe002
000001
ffe001
ffefff
fff000
000002
fff001
000ffe
fffffe
fff001
003fff
fff000
001002
000000
fff002
001000
001ffe
003003
003002
000000
ffeffe
000fff
000fff
ffefff
002002
000fff
000002
000001
001002
000000
000000
000000
003000
000000
ffe002
fff002
fff001
002ffe
ffe000
fffffd
001000
ffe000
ffd002
ffffff
ffeffe
003001
fffffe
ffe000
000fff
000fff
ffffff
001000
001001
fff001
001002
001000
fff000
002ffd
002fff
ffeffd
000fff
ffe000
fff003
000fff
fff000
000000
000001
ffd001
000000
003001
000fff
000001
000000
003000
000ffe
fff001
001ffd
000001
fff000
000001
fffffe
fff002
001001
fff000
ffffff
001fff
002fff
000002
fff000
002005
001000
000000
ffe004
001ffc
fff001
000000
001ffe
fff002
fffffe
001001
001fff
ffffff
000000
001fff
000003
001ffd
003000
fff000
fffffe
000001
ffe000
001002
fff000
004003
001003
ffffff
000000
000fff
000001
001fff
001ffe
ffffff
fff000
000000
fff000
ffe000
000002
002002
002000
001ffe
000fff
001ffe
001fff
000fff
000fff
ffdffd
fff000
000ffe
002002
001001
002005
003001
000001
001001
000001
000002
000001
fff000
000002
000002
001000
001000
000000
000001
ffefff
001002
003001
000fff
000003
001fff
000fff
ffeffe
ffeffe
001000
000000
004002
001000
fff001
ffdffc
000001
fff000
000003
fff000
000002
003000
001000
003fff
001fff
001fff
000fff
002ffe
fff001
fffffe
ffd001
000000
002fff
ffe002
002000
000fff
001ffd
000001
ffe001
001000
001000
002fff
ffd002
fff000
000000
000000
001001
001001
001000
001ffc
fff001
ffe000
000000
ffeffe
002003
001000
000000
000003
000001
001001
001000
001003
000000
ffe001
fffffe
fff000
ffeffe
000000
ffeffe
ffe001
000001
000ffe
002000
fff000
002000
fff001
fff001
fff001
000ffe
000000
ffe000
fff000
ffd002
000000
001ffe
000000
002000
fffffe
fff000
fff000
ffe002
001001
000fff
001ffe
001ffe
ffffff
000002
000001
001ffe
002001
000000
ffefff
ffd002
fff001
fffffd
002000
ffe000
ffe000
001000
ffe001
000002
ffe004
ffffff
000000
000000
fff000
fff002
001004
001001
ffeffd
ffffff
fffffc
001ffe
001002
fff001
ffe000
ffd002
001000
002001
fff001
fff003
000002
fff001
ffd002
000001
ffeffe
000ffe
003000
fff001
fffffe
fff000
fff002
ffc001
001001
002001
fffffe
000002
003001
000fff
001001
002ffd
001001
002fff
fff001
002000
000ffc
ffe001
001001
001fff
000000
001001
ffe002
fff001
000fff
ffffff
fff002
ffeffe
000002
002fff
000fff
001000
000000
000000
001fff
001002
004ffe
002000
fff003
ffe001
000002
000000
003000
fff002
fff001
ffe002
ffeffc
fff001
002001
002000
003ffc
000ffe
001ffe
fff000
000003
005000
003001
fff000
000001
001001
003002
ffe001
002ffd
fff001
fff001
001fff
fff000
001000
001002
fff000
fffffe
ffffff
000001
003000
000ffd
ffffff
fffffe
ffd000
fff000
000001
001fff
001000
000fff
000fff
000ffd
002ffc
002001
000fff
001fff
000fff
fff002
003000
001002
001001
000001
001fff
003fff
001003
ffcffe
003ffe
ffe000
ffffff
001001
000fff
ffdfff
000001
ffffff
002fff
ffe000
001ffe
fff002
001001
000fff
ffe000
001000
ffd002
003fff
ffe000
ffe000
fff001
000001
ffe000
fffffd
001000
000002
002fff
000ffd
000001
000000
000fff
000fff
fff000
001000
002002
ffe001
001001
fff000
001002
fffffe
001ffd
000000
000001
001000
005003
000fff
001001
002003
002001
000002
000ffc
ffffff
ffe001
002fff
ffdffe
003000
001000
ffe001
ffe000
fffffd
002000
002fff
002ffe
000000
001fff
001ffe
fff001
003001
ffffff
000003
ffefff
002003
003001
ffe001
001000
000002
000ffe
002001
ffeffe
fff000
002001
ffffff
fff001
ffe000
000001
ffe002
002001
ffe002
ffe001
001ffe
fffffd
ffd000
000003
001001
fffffc
000000
002ffe
000fff
002002
000ffe
002ffd
ffe000
001fff
000001
ffdfff
fff001
000000
003ffc
fff001
001fff
ffe000
ffffff
000fff
003000
ffffff
fff000
000001
fff001
fffffe
000001
ffefff
ffcfff
002000
fff000
ffe000
fff000
ffffff
005fff
ffdffe
002002
001003
001002
000000
000001
fff000
002002
fff001
001001
002000
000001
fff004
fff000
001001
ffd000
001001
003ffe
fff000
001fff
fffffd
002000
000fff
000001
003000
000001
001fff
ffe002
fff000
000003
ffefff
fffffe
000002
001000
002fff
000000
000000
002fff
ffefff
000003
fffffe
000000
fff001
000001
002002
000fff
001000
002fff
001001
003001
001fff
ffefff
001fff
fff001
ffffff
000000
fff002
001002
002002
002fff
000002
ffe001
fff000
004ffe
001000
001ffd
001001
000001
fff002
001001
000ffe
ffe000
001ffe
fff002
fff000
ffffff
000000
002001
000ffd
002000
000fff
fff002
000fff
000002
ffe001
001000
001001
ffffff
ffd001
ffe003
002001
ffe001
000003
002000
000ffb
fff002
000fff
003000
ffffff
001000
003001
fff002
ffefff
ffefff
001000
ffdfff
fff001
fff000
ffcfff
000002
000000
ffe001
001002
ffefff
fff000
ffffff
001000
000000
001001
fff000
001fff
000002
000fff
000fff
ffdfff
fffffe
ffc000
ffe000
ffdfff
001ffe
002ffe
002001
002001
000fff
000000
fff000
000002
fff001
001001
002001
003000
000000
000000
fff003
001000
000002
001001
001000
ffd001
001000
000ffe
001002
fff001
ffe001
000fff
fff001
fffffe
fff002
fff003
f2deeb
152051
ec1092
09bec9
049151
ef0f24
15cfff
ef00d8
04cea9
09a138
ec4f6b
152fad
f2d111
ffaea8
0e110c
eacfba
136f61
f75140
fa8eaf
1170cc
ea200e
108f1b
fbf157
f58ed0
141085
eaf061
0c7ee5
01615b
f13eff
159034
ed40ab
07febc
06914f
edbf3e
15bfe0
f020f1
02feab
0b3129
eb9f88
14bf8e
f42124
fdaea4
0f30f7
ea6fd7
126f46
f8f14b
f89eb7
12b0b7
ea702f
0f2f06
fe315a
f3eee1
148069
ebc07e
0aded3
03215a
efff14
15d016
ee40c6
05feb1
084140
ecdf5a
158fc6
f1a105
010ea3
0ce119
eaffa5
13df73
f5f135
fbcea9
10a0df
ea6ff7
116f2c
fa9153
f6dec3
137099
eab04d
0daef2
00115e
f26eee
15704d
ec709a
091ec3
052152
eebf2c
15cff8
ef60df
045eac
0a1135
ec1f73
14ffa5
f36117
ff1ea2
0e6106
eabfc4
131f5a
f7b142
fa0eb1
11e0c6
ea3014
103f14
fcc157
f52ed3
14507f
eb1066
0c4ee1
01e15a
f11f02
15802e
ed60b5
079eb8
06e149
ed9f44
15bfda
f0a0f5
026ea7
0ba125
eb7f92
14af8c
f4b129
fd0ea7
0fc0f2
ea4fdd
124f40
f9514c
f82ebb
12c0ae
ea5034
0eceff
fe815b
f36ee2
14e063
ebe084
0a6ecf
03b156
efdf1a
15d011
ee70cd
05eeb0
08a140
ecaf5f
155fbd
f1f10b
009ea5
0d3116
eb0fac
13df6e
f64139
fb5eac
10e0dc
ea0ffd
111f27
fb6155
f67ec7
139094
eb0055
0d7eee
00715b
f21ef8
155047
ecb09f
08cec4
054151
ee9f34
15dff4
ef70e2
03bea7
0a7131
ec1f7c
14efa0
f3511c
fecea7
0ea103
ea9fc9
12df51
f7e146
f9beb5
11f0c3
ea401d
0faf10
fd115a
f4fed6
14807a
eb406c
0baedd
02215c
f0bf07
157027
ed50bb
06feb7
075148
edcf46
15bfd3
f090f8
01fea6
0bf123
eb4f93
147f87
f4f12b
fcdea7
1000ee
ea6fe8
11ff3b
f9b14d
f7debc
1310ac
eac039
0eaefe
feb15b
f35ee4
14e05b
ebf086
0a4ecb
03e159
ef9f1e
15e00a
ee70d2
05aeae
09113b
ecaf5f
155fb9
f2310c
003ea2
0d510f
eadfaf
139f6b
f6b13c
fb1eac
1120d8
ea5000
110f23
fb3152
f62ec6
13d092
eb1058
0d3eea
00a15d
f1fef7
157044
ecd0a2
08bec0
05d151
ee7f34
15cfec
efb0e9
03bea6
0a7131
ebff7a
150f9c
f3811f
fe6ea6
0ee100
ea9fca
12bf50
f81144
f96eb4
1220bf
ea6020
0f9f10
fd4158
f4aed7
148078
eb6073
0bcedd
02515b
f0cf0c
158025
eda0bb
06eeb8
076148
ed7f4b
158fd3
f120f9
01fea6
0bf124
eb4f98
147f80
f5112c
fceeaa
1010ed
ea6fe8
11cf3b
fa014e
f7bec0
12f0a7
ea9039
0e9efd
ff215e
f34ee8
14d05a
ec1089
0a1ecb
043157
ef7f20
15c009
eea0d2
055eb1
09013d
ec7f65
151fb5
f24110
000ea1
0d9110
eaafb1
139f67
f6a13c
fafeae
1140d7
ea5002
10df23
fba154
f63eca
13b08f
eac056
0d1ee9
00715e
f1eef7
15803e
ecd0a4
08bebf
05f14f
ee5f37
15bfed
efa0e6
039ea9
0aa12f
ebef7c
14ef9b
f3a11e
fe5ea5
0ee0ff
ea8fcf
12df52
f85145
f95eb5
1210c0
ea6022
0faf0f
fd315a
f4aed7
148079
eb6070
0baedd
02615a
f0af0a
15a026
edb0b9
071eb6
076148
ed9f4d
15bfd3
f0e0f8
01fea4
0c3121
eb1f95
141f83
f5312d
fccea8
1000eb
ea5fe8
11ff39
f9c14f
f7debe
1320a8
eaa03d
0e9efd
ff015d
f32ee6
14e05b
ec208c
0a2ecb
042156
ef8f1e
15a00b
ee80d2
054ead
09013d
ecaf61
155fba
f2110c
006ea2
0d6113
eadfb0
138f6a
f6913b
fb0eae
1110d7
ea5003
10ef23
fb8156
f64eca
13f090
eae052
0d1ee8
00915c
f20ef7
155042
ecd0a3
08aec1
05b154
ee9f35
15cff2
ef90e5
03dea9
0a7130
ebef78
14ff9e
f3611c
fe9ea5
0e9102
eaafcc
12df54
f81141
f9aeb4
1220c5
ea501d
0fbf13
fd215a
f4ded5
145079
eb506a
0bfede
02215b
f0df0b
15b028
ed90b7
072eba
073148
ed8f49
159fd6
f0a0f9
021ea7
0bf124
eb6f94
144f87
f4c12b
fd1ea8
0fc0ef
ea4fe5
11ef3b
f9a14e
f81ebb
12f0ac
ea6035
0e9eff
feb15d
f36ee6
14e05e
ebd084
0abed1
03c156
ef8f19
15e00d
ee50cd
05aeaf
08a141
eccf5c
156fbd
f21109
009ea5
0d6114
eaffad
13cf70
f63135
fb7ead
1100dd
ea1ffc
110f26
fb0151
f67ec2
138095
eb0052
0daeef
00615b
f23ef3
154047
ecc09d
091ec4
054151
ee8f2e
15dff4
ef70e0
040eab
0a4133
ec0f78
14efa2
f3311b
ff0ea5
0e8104
ea9fc5
131f59
f79142
f9deb1
11d0c8
ea601a
102f16
fcb158
f52ed3
14607a
eb5065
0c1ede
01d15a
f11f02
15a02e
ed80b3
07ceb9
06b14b
edcf44
15cfda
f080f4
028ea9
0b8128
eb7f8d
149f8b
f46127
fd7ea8
0f70f4
ea6fdd
124f43
f9114b
f83eba
12c0b4
ea702f
0eef03
fe515a
f3cee0
14e068
eba080
0aded1
037158
f01f18
159016
ee40c5
060eb2
087144
ecdf56
156fc5
f17104
010ea4
0cc11b
eb0fa6
141f75
f5e135
fc0eab
1090e3
ea4ff6
116f2e
fa8152
f70ec2
13709c
eaa049
0deef4
ffa15c
f2beee
15204d
ec6091
098ec6
04e153
eeff2b
15cffd
ef00db
04ceaa
09e137
ec5f6e
151fad
f2d114
ff6ea6
0df10e
ea9fba
135f60
f7213e
fa9eaf
1170d0
ea4012
108f1a
fbe155
f5aecd
13e088
eb3061
0ccee6
01315c
f17efb
15a037
ece0a8
07eebb
06514d
ee0f39
15afeb
f000ec
033ea7
0af12d
ebcf81
14df9a
f40123
fe1ea8
0f00fa
ea8fd1
12af50
f8a145
f90eb4
1260be
ea8023
0f8f08
fdb15a
f48ed9
14a074
eb6075
0b6ed8
02b157
f08f0b
157022
edc0bd
06eeb8
07a146
ed5f4f
15afcf
f120fd
01dea6
0c0120
eb4f97
142f82
f5412f
fcbea8
1010f1
ea6fe7
11df3c
f9d14c
f7debb
12e0aa
ea703b
0e5efc
ff015c
f35ee6
15005d
ebd08a
0a3ecd
041157
ef7f1d
15c00a
eea0cf
058ead
08e13c
eccf62
153fba
f1f10e
009ea5
0d5114
eaefad
13bf6c
f64138
fb3eaa
10f0db
ea6000
111f26
fb5152
f65ec8
139092
eaf052
0d6eed
006159
f21ef3
155048
ecb09d
090ec7
055150
ee9f30
15dff4
ef90e2
041eab
0a2136
ec1f76
14efa4
f3411a
ff2ea3
0e8103
eabfc7
133f59
f7a145
fa1eb2
11d0c6
ea5015
101f15
fcb159
f54ed4
142082
eb4066
0c4ede
01b15a
f0feff
15902f
ed50ae
078ebc
06a14c
edef40
159fdd
f040f2
02dea7
0b4126
eb9f8a
149f90
f45124
fdbea6
0f60f8
ea6fd8
125f46
f8f14a
f8ceba
12a0b5
ea802a
0f2f06
fe015a
f3eed9
14e06c
eb907c
0b3ed4
032159
f03f14
15d01b
ee20c2
06aeb4
080145
ed2f52
159fcb
f130ff
014ea7
0c711f
eb4f9c
141f79
f58131
fc4ea9
1060e8
ea3fef
11cf34
f9f14d
f78ec0
1310a2
ea703f
0e2ef9
ff315c
f2fee7
15305b
ec208d
0a0ec9
046154
ef2f23
15c005
eea0d4
052ead
09213d
ecaf67
154fb8
f2510e
001ea4
0d8111
eaefb2
13bf69
f6713b
fb2eaf
1110d6
ea1005
10df21
fb7154
f63eca
13a094
ead055
0d3eec
00815e
f1eef3
158043
ecc09f
08bec2
05714f
ee8f34
15aff1
ef90e5
03eea8
0a4136
ec1f78
14efa4
f3411a
feeea5
0e6102
ea9fc6
130f59
f7f142
f9deb0
11d0c5
ea4017
0fff15
fcf159
f55ed2
14607f
eb3068
0c3ede
01c15c
f12f01
157030
ed50b3
079ebd
06a14a
edcf42
15afe0
f060f5
02eea7
0b612b
ebaf89
14bf90
f44126
fd9ea6
0f40f4
ea6fd7
127f44
f8c14a
f8aeb9
1290b8
ea602c
0f5f07
fdf159
f41ede
14b06d
eba07b
0b4ed4
02c158
f01f0f
15b01f
ee00c1
069eb3
07e144
ecef53
15afcb
f14100
019ea6
0c5120
eb3f9d
143f80
f57130
fc6ea9
1030e9
ea7fea
119f36
fa014e
f7cebc
1350a8
eaa03c
0e5efb
ff0157
f31ee7
14f058
ebf08e
0a1ecc
042154
ef7f1f
15c00c
ee90d3
055ead
09213b
ec5f62
155fba
f25109
007ea3
0d6113
eadfad
13cf6d
f68136
fb7eae
1110da
ea5ffe
110f28
fb2152
f69ec7
13b096
eac051
0d6eee
00415a
f23ef4
155048
ec909e
090ec4
053153
eecf2d
15aff7
ef70e1
045ead
09f135
ec1f74
152fa7
f3211b
ff5ea5
0e4108
eaafc1
133f5c
f74140
fa1eb0
11b0cb
ea400e
104f17
fc4156
f58ed0
142087
eaf060
0c8ee4
01815a
f15efe
157035
ed20ac
083ebf
066151
ee1f3c
15bfe7
f020ee
033ea7
0b012e
ebaf83
14cf94
f3e123
fe3ea4
0f10fb
ea5fd3
128f4b
f86147
f92eb5
1220bb
ea5021
0f8f0c
fd6159
f47ed9
149078
eb6070
0b7edc
029158
f0bf0b
158025
edd0bb
071eb5
078146
ed5f4b
157fd4
f0c0fb
021ea4
0bf122
eb4f92
148f87
f4e12e
fd0eaa
0fd0ef
ea2fe5
121f3b
f9514c
f82ebb
12d0ad
eab037
0ebf00
fe915e
f3bee2
14e067
eba083
0aaecf
03a157
f00f16
15c012
ee50c9
062eb1
086143
ecef5b
155fc2
f1b107
00fea2
0cd11c
eb1fa4
142f77
f5f133
fbeeab
1070e3
ea7ff4
117f31
fa8151
f72ec2
13409e
ea9044
0e0ef5
ff715a
f2eeea
151055
ec4090
09bec8
04a153
ef1f24
159004
eee0d7
050eaf
094137
ec7f67
154fb3
f27112
ffcea6
0da10f
eadfb4
138f67
f6913d
faeead
1130d7
ea6005
10df23
fb8154
f65ecc
13d092
eae053
0d1eeb
00915b
f1eef6
157042
ecd09e
08bec2
05a150
eeaf2e
15cff4
ef50e3
042eaa
0a0131
ec1f76
14ffa4
f32117
ff2ea4
0e8106
ea6fc3
132f59
f7a13f
fa1ead
11e0c9
ea5015
101f16
fc7157
f56ecd
146083
eb2064
0c9ee0
01b15b
f13f00
15a036
ed00af
080ebb
06914b
ee0f3d
15dfe1
f040f0
032ea8
0b112b
ebbf84
14cf94
f41123
fe1ea1
0ee0fb
ea6fd4
12af4c
f86149
f8feb7
1210bc
ea5023
0f6f0b
fd9159
f47ed7
14b076
eb5071
0bbeda
02815b
f08f09
15b025
edb0bf
070eb7
076145
ed5f48
159fd6
f0d0fc
022ea6
0bd123
eb4f94
144f88
f4c12b
fd2ea6
0fd0f2
ea5fe4
122f41
f9714c
f84ebe
12d0b2
ea6033
0eef03
fe515c
f3fedf
14f067
ebc081
0aded1
036158
efff14
159016
ee20c5
062eb3
086145
ecef56
158fc7
f17106
011ea4
0c811b
eb0f9f
142f79
f58134
fc4eac
1060e6
ea4ff1
119f32
fa5150
f76ebe
1360a0
eaa042
0e4ef7
ff215c
f2eeea
14f05a
ec108f
09cecc
044157
ef6f1f
15d008
eed0d2
054eae
09013d
ec8f62
154fba
f2210c
002ea5
0d1112
eabfad
13cf6b
f65137
fb7ead
1110db
ea2ffe
10ef2a
fb1155
f6dec8
13a097
ead051
0d9ef2
00215d
f26ef4
15404c
ec909b
091ec4
051154
eeaf28
15bffb
ef20dd
046eac
09b139
ec3f71
151fad
f2d113
ff9ea5
0de108
eaafbc
135f60
f7313f
fa6eb1
1150d1
ea300d
10bf1d
fbf155
f5decd
13f08a
eb105b
0cdee6
01015a
f1cef8
15703c
ece0a6
085ebe
05d14c
ee4f34
15efec
efb0e5
039ea7
0aa130
ebdf7b
14ff9d
f3711d
feaea3
0e9101
ea7fca
12df57
f7f145
f9ceb3
1210c4
ea6017
100f14
fcb15a
f50ed4
14207f
eb3068
0c2edd
01c15c
f15f02
157030
ed40b6
07cebb
06b151
eddf41
15dfe1
f030f1
02dea5
0b412c
eb8f88
14af93
f44123
fdcea7
0f20f8
ea6fd4
127f48
f8a149
f8eeb5
1270bd
ea7027
0f6f07
fdb15a
f4beda
14a075
ebb072
0b8ed7
02a15b
f0bf0c
15b025
eda0bd
071eb4
076145
ed5f49
159fd5
f100f9
022ea5
0bf121
eb6f93
143f87
f4e12c
fd2ea4
0fe0f1
ea4fe1
123f3f
f9714e
f85eb8
12c0b2
ea5031
0edf03
fe215c
f3dee1
14e068
ebc07e
0aaed3
03515c
efff14
15c019
edf0c3
064eb4
082141
ecff55
159fcb
f16101
016ea2
0c611d
eb2f9c
141f7c
f57132
fc5eab
1040e5
ea5ff0
11cf37
fa014e
f79ec2
1350aa
ea903f
0e6efb
ff215c
f31eea
14f05f
ec2088
0a4ed1
03f158
ef5f1b
16000e
ee90cf
058eb1
08d13e
ecdf5e
158fbe
f20109
00cea4
0d1118
eaffaa
13cf6d
f61139
fbaeab
10c0de
ea7ff9
115f2b
fa9151
f6fec6
13709a
eaa047
0ddef4
ffb15e
f2aeee
154051
ec4094
097ec8
04c153
eeff26
15d003
eef0d9
04feac
09713b
ec6f67
156fb0
f2610f
ffeea2
0d810e
eaefb4
139f67
f6913d
faeead
1110d8
ea6006
10ef26
fb4157
f60eca
13e091
ead054
0d6eea
00715f
f21ef3
157048
eca09e
08dec2
057150
ee9f2d
15cff8
ef60e1
040ead
0a1133
ec2f73
151faa
f2e117
ff2ea2
0e1107
eadfbe
135f5b
f74140
fa3eb0
1190ce
ea300e
106f1c
fc1156
f5becd
140089
eb305b
0caee6
01015d
f1aefb
15903c
ecc0a7
088ebe
06114c
ee2f34
15cfeb
efe0e9
03aea7
0aa131
ec1f79
14df9f
f3611c
febea4
0ea102
ea6fc7
12ef56
f7d142
f9aeb2
11f0c9
ea7019
0fdf15
fcb15a
f52ed3
146080
eb3065
0c5ee3
01b15c
f13f01
159031
ed30af
07debb
06a14c
edef3c
15cfe0
f020f3
031ea5
0b312b
ebbf83
14df96
f40123
fe2ea3
0f10fc
ea6fd1
12cf4c
f87149
f93eb5
1240c1
ea6023
0f8f0e
fd315c
f4aed5
149076
eb5070
0bcedb
02215c
f0df09
15a027
ed80b8
075eb9
071148
ed9f46
15afdc
f0a0f6
027ea7
0bc125
eb4f8c
148f8c
f4a128
fd8ea5
0f60f4
ea5fd9
125f46
f8e149
f8aeb8
1270b7
ea7027
0f3f09
fde15b
f45edb
14906e
eb7078
0b6ed1
02f157
f06f0d
15a020
edd0c2
06ceb4
07b145
ed5f4b
15afd0
f0f0fe
01dea1
0c2121
eb3f9a
145f84
f4f12c
fcfea8
0fc0f1
ea5fe5
11cf3a
f9614d
f81eba
1300ae
ea8035
0eef00
fe715b
f3dee4
14c068
ebf080
0aced2
03815a
f02f17
159016
ee10c7
063eb2
080141
ed2f54
155fca
f19102
019ea5
0c811c
eb1f9f
142f7d
f5912f
fc7eaa
1040e7
ea4ff0
11af36
f9f151
f79ec0
1310a6
ea803d
0e6ef9
fed15e
f32ee7
14f05c
ec0088
0a6ecf
03c158
ef8f1b
15d010
ee60d3
059eb0
08b13e
ec9f5f
156fbf
f1b108
00fea4
0cf114
eaffa6
13df74
f5f136
fbeeab
1090e3
ea9ff7
116f30
fa9153
f72ec3
13609f
eac048
0e0ef7
ff815c
f2ceee
152056
ec4091
0a0ecb
047156
ef1f22
15c008
eea0d4
054eae
09013d
ec7f62
156fb8
f2010e
005ea4
0d7113
eadfaf
13df6c
f64139
fb4ead
10c0db
ea1ffc
113f2b
fb2153
f6cec7
13a099
ead04d
0d9ef1
00315d
f26eee
15504d
ec7097
096ec7
04f155
ef0f28
15e000
ef10dc
04fead
098138
ec7f6a
154fb0
f28113
ffdea7
0de10f
eacfb5
137f68
f6b13c
faeeab
1140d6
ea6005
10ff22
fba154
f61ec7
13f091
eac054
0d5eeb
00815e
f21ef7
154048
ec809e
08fec3
056151
eeaf2f
15cff4
ef50e1
044eac
0a0134
ec1f72
152faa
f2e115
ff6ea4
0e210a
eaafbd
134f5d
f7213e
fa7eaf
1180cf
ea300c
106f20
fbf157
f5decc
13f08c
eb005a
0ceeea
00f157
f1cef8
15803e
ecc0a4
08debe
05d14e
ee5f33
15efef
efb0e3
03eea7
0a9132
ec1f79
14cfa3
f34117
feeea4
0e7106
ea9fc4
132f5a
f79143
fa0eae
11b0cb
ea6015
108f18
fc7158
f56ed0
141084
eb1063
0c7ee4
01615e
f15efe
155039
ed40ad
084ebe
06414f
ee0f37
15bfec
efe0e9
036eaa
0ab12c
ebef80
14cf9a
f3a120
fe7ea6
0eb0ff
ea7fca
12ff54
f7f143
f99eb6
11f0c1
ea501b
100f14
fc915a
f55ed1
145081
eb3068
0c3ee0
01c15a
f11f01
157035
ed00b0
07febb
06814b
edef3f
15cfe0
f000ee
030ea4
0b112d
ebff88
14ff97
f3e123
fe1ea6
0f10fc
ea7fd2
12af4e
f83147
f95eb7
1240be
ea601f
0fcf10
fd4158
f4ded3
144079
eb206f
0beedc
01e15b
f0df05
15802c
eda0b5
076eba
07114b
edcf41
158fdd
f060f4
028ea2
0b712a
eb9f89
148f92
f43125
fdbea7
0f50f6
ea7fd8
124f49
f8b147
f8ceb9
1270b9
ea5025
0f6f08
fd915a
f46ed9
148075
eb7075
0b9ed7
027157
f09f09
15c024
ed90bd
071eb8
076147
ed7f47
15afd8
f0c0f8
024ea5
0bf126
eb4f8e
146f8a
f4b129
fd6ea5
0fb0f3
ea6fdc
122f44
f9014a
f8beb6
12a0b4
ea602b
0f2f06
fdf15e
f43ee0
14906e
eba07a
0b5ed7
02f158
f06f10
15801f
edd0c0
06ceb3
07c147
ed6f4c
15afd2
f0f0fb
01eea7
0bf123
eb5f94
146f82
f4c129
fd0ea7
0fb0ee
ea7fe2
126f40
f9914d
f85ebb
12c0b0
eaa033
0f0f03
fe415b
f3fee0
14a069
ebc07f
0b0ed4
032159
f02f14
15b01c
ede0c5
066eb3
07d146
ed1f53
158fcc
f130fe
01bea5
0c411f
eb6f99
144f82
f5212f
fcaea7
0ff0ec
ea6fe8
11ff39
f9a14c
f80ebd
1300ab
ea6037
0eaf01
fe715c
f38ee4
150063
ebe082
0aded2
039157
efbf18
160015
ee50c6
062eb1
08613f
ecff54
158fc7
f15102
015ea5
0c811c
eb3f9c
142f79
f57132
fc7ea8
1050e8
ea6fec
11df36
f9e14e
f7bebc
1310a8
eac039
0e8efb
fec159
f35ee3
15005d
ebd088
0a6ecd
03e155
efdf1a
15d00f
ee30cb
05deb2
08b140
ecff5b
156fc3
f1b108
010ea3
0cd11c
eb3fa4
13ef75
f5b132
fc0ea7
1060e7
ea7ff1
11bf32
fa4151
f78ec0
1320a4
ea8041
0e4efb
ff215b
f32eea
15105b
ec308a
0a2ecd
043152
ef4f1c
15d00b
eea0ce
05deae
08d140
eccf62
155fbd
f1e10b
00aea3
0d0116
eaffa7
13ff72
f60136
fbaea9
1090e2
ea3ff7
116f2e
fa714f
f70ec2
1330a0
eab045
0dfef5
ff415d
f2feea
150055
ec3092
0a1ec9
046154
ef7f24
15d007
eef0d4
054eb0
08e13b
eccf67
154fb7
f2310d
003ea5
0d5116
eacfab
13ef6e
f63135
fbbeaf
10b0dc
ea6ff9
115f2b
faf152
f70ec6
138099
eaa04a
0ddef2
00115c
f28ef0
155052
ec3095
09aec4
04c158
ef4f24
15d004
eec0d6
050eaf
09713d
ec8f65
156fb1
f27111
004ea4
0d9112
eadfb1
13af6a
f67134
fafeaf
10f0d6
ea3fff
111f24
fb2153
f69ec6
13b096
eaf050
0d8eef
00415e
f28eef
15404d
ec6097
098ec8
050154
ef3f2a
15cfff
ef30da
04deaf
09b138
ec5f6c
152fb4
f29112
ffdea6
0dc10f
eaefb3
139f65
f6913d
faeeae
1120d6
ea5005
10ff22
fb5152
f64eca
139093
ead052
0d6eed
00615a
f24ef4
153048
ec909c
093ec4
052152
eedf2a
15cff9
ef40de
046eaa
09e139
ec1f71
153fac
f2d115
ff9ea2
0dd10c
eabfb9
136f65
f7113d
faceae
1140d9
ea6007
10af21
fbb157
f62ec9
140092
ead054
0d1eec
00915d
f20ef6
154042
ec909e
091ec1
059151
ee8f31
159ff7
ef80e1
045eac
0a0137
ec4f71
151fa8
f30117
ff5ea6
0e4107
eacfbd
136f60
f7413e
fa7eb2
1170d1
ea200c
105f1e
fbf158
f5fecd
13d089
eb005a
0ceee8
00e15c
f1def9
157041
ecc09e
08aec3
05b14f
ee9f32
15eff4
ef70e5
040eaa
0a5132
ebef76
150fa3
f32118
ff0ea5
0e6104
ea8fc0
132f5c
f75140
fa6eb1
1180ce
ea1011
106f17
fc0157
f5becd
13f087
eb205f
0ccee7
01015b
f19efb
15703e
ecd0a7
086ebf
05f150
ee6f34
159fee
efd0e7
03beaa
0a8130
ec1f7a
14dfa1
f3611b
fedea4
0e7104
eaafc6
12ef54
f7b142
fa2eb2
11c0c9
ea5015
105f17
fc4158
f56ed0
141086
eb1060
0c8ee1
01315c
f17eff
158039
ecd0aa
081ebd
06014f
ee4f39
15cfe8
eff0ec
038ea7
0aa12f
ebef80
14df9c
f3611f
febea5
0ea103
ea8fc9
12ef54
f82146
f9beb1
1200c8
ea6016
100f13
fca159
f52ed4
142080
eb2065
0c2ee0
01615d
f14f01
156036
ed20af
083ebb
06614c
ee1f39
15bfe5
f010f0
034ea8
0ad12c
ebef82
14bf9a
f3e11f
fe4ea4
0ef0fe
ea6fcd
12ef54
f82146
f9beb3
11f0c1
ea901d
100f11
fcf159
f53ed3
145081
eb4069
0c4ee0
01b15b
f12f05
15a032
ed30b1
07eebb
06a14c
edff3d
15afe5
f040ee
02fea7
0b312c
ebaf83
14cf98
f3f122
fe0ea6
0f10fd
ea5fd2
12bf4b
f84147
f94eb5
1200be
ea701f
0fcf0d
fd115a
f4eed6
14807a
eb606e
0bfede
01f159
f0df06
15802d
ed80b3
07beba
06b149
eddf41
15afde
f080f1
02eea7
0b612b
eb9f87
149f92
f42123
fdfea5
0f40f9
ea7fd4
12af4a
f87148
f93eb4
1240bd
ea7024
0faf0d
fd615a
f46ed4
149078
eb8070
0bdeda
02615b
f0bf08
158029
ed80b8
077eb9
07014b
ed9f44
159fdb
f060f5
028ea5
0b6129
ebbf89
148f90
f47124
fdaea6
0f20f8
ea4fd8
12af49
f89149
f8feb2
1270b8
ea5025
0f6f08
fd815a
f47ed7
148072
eb5074
0baed9
025159
f0cf09
15a026
eda0ba
075eb7
074149
ed8f49
15afd8
f0b0f7
025ea6
0b9127
eb3f8e
146f8b
f4a128
fd8ea5
0f90f5
ea6fdb
127f43
f90148
f8aeb5
1280b7
ea502c
0f3f09
fdc15a
f44ed9
14a06e
eb6077
0b8ed6
02b15b
f05f0e
15d024
edc0bf
06feb4
077145
ed7f4d
159fd4
f0d0f8
021ea8
0be123
eb7f94
146f87
f4a12e
fd4ea6
0f80f2
ea4fdf
125f41
f9314b
f86eba
12b0b3
ea7030
0f0f04
fe215b
f42edf
14b06a
ebb07b
0afed9
02e15a
f04f0c
15a01e
ede0c3
06beb5
07b145
ed6f4e
156fce
f0e100
01fea5
0bf123
eb6f93
146f84
f4f12e
fcfea8
0fc0f1
ea4fe6
121f3d
f9414d
f82ebb
12e0ae
ea5032
0eef03
fe515b
f3cee1
14c066
ebb07a
0aded4
032158
f00f13
15c01b
edf0c5
068eb4
07e145
ed5f52
15afcf
f12100
019ea6
0c611d
eb2f9b
145f81
f5012e
fcaea9
1030ee
ea7fe8
120f3b
f9b14d
f7cebe
12d0ab
eaa034
0ebefe
fe915c
f39ee0
14f066
ebf081
0aded1
037157
efff14
15d017
ee30c6
062eb4
082140
ed3f55
15bfc7
f17101
016ea4
0c711d
eb4f9d
141f7d
f56131
fc8ea7
1030e6
ea6feb
11cf39
f9e14f
f7bebe
1300a8
ea8039
0e8efd
fec15b
f3aee6
14c061
ebf085
0a8ece
03d155
efdf19
15b012
ee10ca
05eeb4
089143
ed1f59
159fc4
f16105
012ea1
0cc118
eb3fa0
140f75
f59130
fc2eac
1050e8
ea4ff2
11af36
fa114d
f78ec1
1340a4
eaa03e
0e5efa
ff015c
f33ee5
15005b
ec108a
0a6ecd
03c157
ef7f1d
15d00d
eea0ce
05beb0
087141
ecdf5d
154fc2
f1d106
00fea3
0ce11b
eb1fa4
140f74
f5d131
fbeea9
1080e5
ea4ff2
117f30
fa814f
f72ec1
1350a2
ea8043
0e2ef8
ff315c
f2eee9
14e058
ec308d
09feca
044156
ef5f20
15a00c
eeb0d2
057eaf
08e13f
ec8f61
158fbc
f1c109
007ea4
0d0116
eaefaa
13df72
f60136
fbceab
10c0e0
ea5ff8
116f2a
fab152
f6eec3
13809c
ea9047
0ddef2
ffa15a
f2ceeb
155053
ec3092
09ceca
047155
ef5f21
15c005
eec0d6
04feab
09313e
ec9f65
155fb7
f2210f
004ea5
0d5114
eaffad
13bf6b
f67139
fb5eab
10e0dd
ea4ffd
111f2b
fb0154
f6cec6
13b099
eac049
0d9ef2
00115f
f29ef0
154050
ec4099
097ec5
04d152
ef0f25
15a000
eef0db
050eab
096137
ec7f6b
154fb1
f28111
fffea5
0da110
eadfb5
13bf68
f6a13d
fb1eab
1110d8
ea4004
110f26
fb6155
f68ec7
13a095
eaf050
0d7eef
00415d
f26ef4
15304b
ec709b
091ec5
052152
eebf2a
15affd
ef30d9
049ead
09c139
ec6f70
152fae
f2c113
ffdea2
0dd10b
eacfb8
137f64
f6b13b
fadead
1130d4
ea2004
10df22
fba155
f61eca
13c090
eaf056
0d3eea
00a15d
f21ef4
156046
ec809e
090ec2
054151
ee8f2c
15eff9
ef40dc
042eaa
09f136
ec3f74
152fa8
f30118
ffbea3
0e010b
eacfbd
135f60
f7413d
fa7ead
1150cd
ea400a
109f1e
fbe156
f5fecc
14008d
eae058
0cfee7
00f15b
f1eef7
156041
ece0a4
08debf
05814f
ee8f36
15dff1
efa0e5
040eab
0a6131
ebff76
151fa4
f3311a
ff0ea4
0e6105
ea7fbf
133f5c
f7313f
fa5eb3
11d0ce
ea4010
105f19
fc2155
f5cecc
143087
eaf060
0cbee5
01315c
f1aefd
15803b
ecf0aa
089ec3
06014e
ee4f34
159fe9
efb0e6
03aeac
0a812e
ebcf7d
14efa0
f3711b
fecea3
0e9102
ea6fcb
131f55
f7d142
f9eeb3
11c0c7
ea4018
101f14
fc715a
f55ed0
143085
eb1065
0c6ee1
01815c
f14efc
158039
ed30ad
081eba
06714e
edef3a
15afe5
efe0ed
033ea7
0ae12a
ebdf81
14ef9b
f3d122
fe7ea6
0ee101
ea7fd0
12bf52
f82143
f98eb3
1220c0
ea501d
0fcf10
fd1157
f50ed2
14707d
eb3066
0c4ee1
01d158
f11f03
15902f
ed50b1
07aeba
06a14c
edef3e
15dfdd
f040f2
02fea7
0b212d
eb8f87
149f96
f40122
fe0ea4
0ee0fa
ea4fd7
12bf4e
f86149
f93eb5
1240bf
ea6023
0f9f10
fd6159
f4bed5
146078
eb5071
0beedc
023159
f0cf07
15c029
ed90b5
076eb9
06f149
ed9f45
15dfdc
f0a0f5
026ea8
0b9126
eb7f8d
148f8e
f46129
fdcea7
0f60f5
ea3fd6
126f46
f8f14a
f8debb
1260bb
ea7027
0f5f0c
fdc15a
f45edb
14a070
eb9075
0b9ed7
029155
f05f0b
15c024
edb0be
070eb5
078146
ed8f4d
15bfd5
f0d0fb
021ea7
0bf123
eb5f92
147f86
f4a128
fd2ea7
0fb0f2
ea6fdf
124f42
f9514b
f87eb8
1290b3
ea802f
0eef04
fe015e
f40ee0
14b06a
eb807a
0afed6
031159
f03f13
15801f
ede0c3
06aeb4
07e143
ed3f50
156fcf
f140ff
019ea6
0c211f
eb5f97
146f80
f5112f
fccea8
1000ed
ea5fe6
121f3c
f9814d
f80ebe
12d0ae
ea6037
0ecf00
fe715b
f38ee4
14b066
ebd07f
0adecf
036158
f00f15
15e018
ee20c7
063eb0
084142
ecff5a
159fc8
f18103
013ea2
0cb11d
eb3fa0
140f7c
f59132
fc5eab
1030e8
ea6fed
11af33
fa1153
f79ec1
1340a6
ea803b
0e6efa
fef15b
f32ee6
15105c
ec0088
0a2ecc
040158
efaf1c
15c00c
ee80ce
05aeaf
08b13e
ecaf60
159fc1
f1e107
00aea3
0d3117
eb1fa5
13df73
f5e133
fc0eab
1090e1
ea4ff4
11af2f
fa9152
f72ec3
1340a1
eac042
0e0ef7
ff8160
f2fee9
14f057
ec4090
09fec9
045158
ef5f25
15d004
eeb0d2
055eae
09313d
ec5f66
154fba
f2310d
002ea3
0d5114
eb0fae
139f6e
f66139
fb8eab
10c0de
ea6fff
114f29
fb1151
f6aec8
13909d
eae04b
0d9ef0
00015d
f29eee
15304f
ec6097
097ec6
051152
eeef29
15a001
ef10da
04eead
09c13a
ec5f6d
154faf
f29111
ffdea3
0db10c
eadfb6
138f66
f6d139
fafeb0
1110d4
ea4005
10cf25
fb5153
f62eca
13e08f
eb0053
0d2eee
00615e
f21ef4
153047
eca09e
08fec5
05714f
ee8f2d
15aff5
ef60df
044eaa
0a0132
ec0f74
151fab
f32118
ff4ea3
0e4108
eaafbe
136f5c
f7413f
fa5eaf
1160d2
ea400f
108f1a
fc2157
f5decd
14108a
eb105c
0ccee6
01015a
f1befb
15803d
ecf0a6
086ebc
05f150
ee6f36
15afec
eff0e9
03aeaa
0a6133
ec0f7d
14ff9f
f3611a
fedea5
0e7102
eabfc7
130f56
f7f140
f9beb2
11e0c5
ea5017
100f16
fca157
f55ecf
143085
eb2067
0c4edf
01a15a
f13f03
15a038
ed30ae
07febc
06714a
ee2f3c
159fe4
f010ee
033ea8
0b012c
ebaf86
14bf96
f3f121
fe2ea5
0ef0fc
ea5fd0
12cf4c
f88146
f95eb5
1240be
ea5020
0faf0b
fd315b
f4ced8
148076
eb506f
0bbedb
02415b
f0cf06
15902a
ed70b8
077ebb
06e14d
edcf47
159fdb
f090f8
028ea8
0b8129
eb6f8d
148f8d
f48125
fd9ea8
0f60f4
ea6fd7
125f43
f8f14a
f8deb7
12a0b6
ea6029
0f6f07
fdc15a
f45ed9
14b06f
eb707a
0b4ed5
02b15b
f03f0f
15a022
ede0c3
06feb8
07c145
ed8f4d
159fd0
f0e0fb
01fea5
0c2124
eb6f94
143f82
f5012c
fceea6
0ff0ee
ea5fe4
120f3c
f9714e
f7eebd
1300ae
ea8035
0eaf01
fe415c
f3aee2
14c066
ebe081
0aced1
037157
f00f15
15c013
ee40c6
064eb2
085140
ecff56
15afc6
f19102
014ea7
0c811b
eb0fa1
141f79
f57134
fc2ea7
1080e6
ea2fec
11af36
fa114f
f79ec5
1320a6
eaa03f
0e5efa
ff415e
f31eea
15005b
ec308b
0a2ecb
041158
efaf21
15c00e
eeb0cf
058eb0
08d140
ecaf5f
156fb9
f1f10a
00dea3
0d1115
eaefaa
13cf6e
f64138
fb7ea9
10c0de
ea1ffa
113f2c
fad154
f6eec4
13709b
ead04a
0dcef1
ffd15d
f26ee9
15404e
ec3096
097ec7
04a154
ef1f28
15a000
eed0d9
04bead
09913a
ec6f6a
153fb1
f26113
ffeea5
0da10c
eacfb6
139f66
f6c13b
fafeae
1110d3
ea4006
10cf22
fbc155
f64ec8
13a08e
eac058
0d4ee9
00b15a
f20ef5
155043
ec90a0
08fec2
058152
ee8f2f
15bff8
ef60e0
043ea8
0a0131
ec4f75
150fa5
f32119
ff3ea4
0e6106
ea9fc3
133f5a
f77140
fa1eb2
11c0ca
ea3013
102f1a
fc3159
f57ecc
141086
eb105f
0c9ee7
01815b
f18efc
159038
ed20ad
086ebc
06214e
ee3f3a
15cfeb
f010eb
035ea6
0ac12e
ebcf80
14cf99
f4111f
fe6ea4
0ee101
ea8fcf
12df51
f85144
f95eb7
1220c3
ea501f
0fdf0e
fcd154
f4eed7
147078
eb706d
0bfede
020159
f0ff08
15902c
ed50b3
076eb8
07014a
edbf43
15afdc
f080f5
028ea3
0b7128
eb7f8a
148f90
f47126
fdaea9
0f60f2
ea4fdc
124f46
f8f149
f8beb8
1280b6
ea802a
0f3f08
fdf159
f41edb
14b06e
eb807a
0b4ed8
02c15a
f02f0f
15b01c
edd0c0
069eb5
07b148
ed5f4f
157fd0
f110fb
01dea6
0c4121
eb3f97
146f81
f5212a
fccea7
0fd0ef
ea4fe8
11ef38
f9c150
f7eebd
1300ad
ea9037
0e9efd
fea15c
f36ee3
14e064
ebe086
0a7ecf
03c15a
efcf19
15b011
ee40cc
05beb0
08a140
ecff5d
156fc4
f1b107
00cea5
0cd118
eb0fa5
13df78
f5f136
fbeead
10b0e1
ea2ff4
117f32
fa9152
f70ec4
1350a0
eaa047
0dcef7
ff815c
f2beeb
154053
ec3091
09deca
048155
ef2f24
15b003
eee0d8
051eac
09313a
ec9f66
155fb6
f26110
000ea3
0d8111
eacfb3
13af68
f6813b
fb4eae
1100d6
ea7002
10ef22
fb5153
f64ecb
13c093
eae051
0d4eed
00815d
f25ef3
159048
ec909f
08fec3
05514f
eecf2f
15aff5
ef70e2
040ead
0a3135
ec0f76
152fa6
f3411a
ff1ea3
0e4108
ea9fbf
131f5c
f7813f
fa4eb1
11c0cd
ea6015
103f1b
fc4156
f59ece
144087
eb1060
0c5ee1
017157
f19efe
156037
ed10a9
07eebc
06414f
ee0f39
15afe6
eff0ec
037ea9
0ae12e
eb9f84
14cf9b
f3d11f
fe6ea6
0f00fd
ea5fd0
129f50
f81147
f94eb6
1260c0
ea3020
0faf0f
fd015b
f4ced7
148079
eb8070
0beedc
02815c
f0df06
159027
ed70b9
072eb5
07414a
edbf47
15bfd9
f0b0fa
024ea6
0ba126
eb7f90
148f8b
f4b12b
fd6ea5
0fa0f2
ea5fe0
124f41
f9414a
f86eba
12d0b4
ea8030
0eff02
fe415a
f3eee0
14c066
ebd080
0afed0
033158
f03f12
15a01b
ee20c3
063eb2
081144
ed0f56
158fc9
f18102
016ea5
0c711c
eb1fa0
142f7b
f59134
fc4eaa
1040e5
ea6fed
119f34
fa214f
f78ec1
1350a0
ea8040
0e2ef5
ff415b
f33ee8
155055
ec208d
0a0ec9
045155
ef6f20
15b009
eef0d4
055eaf
09113f
ec8f65
156fb8
f2410d
005ea3
0d3112
eadfb1
13af6a
f67138
fb5eac
1120dc
ea1002
111f28
fb3153
f66ec6
13c096
eb0050
0d8eef
00415d
f23ef5
155048
ec909b
091ec3
055151
eeef2e
15eff9
ef70e0
044eaa
0a2135
ec0f73
14ffa8
f32119
ff5ea5
0e1108
eaafbe
131f5e
f7913d
fa4eae
11b0d0
ea600e
105f1c
fc3156
f59ed1
144087
eb005f
0c9ee3
014159
f17efc
158037
ed10ab
084ebd
06614b
ee1f3c
15bfe7
f020ed
033ea8
0ae12e
ebbf81
14af9a
f3e121
fe2ea5
0ef0fc
ea9fd0
12af4e
f89145
f8feb5
1230bc
ea6021
0faf0d
fd6159
f49ed7
149076
eb8071
0b8ed9
02a159
f0cf0b
15802a
ed70b8
073eb8
079149
ed8f4d
158fd2
f0e0f9
021ea3
0c0123
eb6f94
145f87
f4f12c
fd0ea8
0fe0f1
ea4fe4
122f41
f9a14b
f81ebc
12d0b0
ea7035
0eaf01
fe715a
f37ee3
14e061
ebf081
0a8ed2
03b158
efcf16
15b013
ee30cc
05eeb3
088141
ed0f5a
156fc3
f1a107
00fea1
0cd118
eb0fa6
13ff75
f5c135
fbeeac
1080e4
ea3ff5
115f2e
fa9153
f71ec1
13709d
eab044
0e1ef5
ffb15e
f29eeb
154051
ec5095
09cec6
04c152
ef4f24
15b002
ef00d8
04deaa
09813c
ec9f69
152fae
f29112
ffdea7
0dc10d
eacfba
13af64
f6e13c
fadeb0
1150d0
ea5009
10af20
fbc156
f60ec9
13e08e
eb2059
0ceeea
01015b
f1eef9
15703d
ecb0a3
085ec1
05f14f
ee5f35
15efec
efd0e7
038eaa
0a9130
ebef7d
14bf9f
f3811e
feaea5
0e8101
ea8fca
12ef54
f82145
f99eb1
11f0c3
ea301b
0fdf13
fcf157
f4fed8
14807b
eb506d
0bdeda
01f158
f0ff04
159029
ed80b4
077eb8
06d149
edaf43
15afd6
f0d0f4
025ea7
0bc129
eb6f8e
148f8a
f48128
fd4ea5
0f70f2
ea4fdf
124f43
f9414a
f89ebb
12a0b4
ea902e
0eef05
fe315a
f39edd
14b067
ebd07d
0afed2
035157
efff12
15c017
ee20c8
062eb2
080144
ecff57
159fc7
f17105
012ea5
0cb11a
eb0f9e
142f77
f5c131
fc2eaa
1090e3
ea7ff4
117f32
fa5152
f73ec3
1380a0
ea8044
0e0ef6
ff715c
f2cee8
151054
ec1091
098ecb
049154
ef3f24
15c002
ef00d7
050eaa
09713b
ec9f6a
153fb4
f29113
ffeea4
0dc10e
eacfb4
136f67
f7013a
faaeb1
1170d1
ea3007
10af21
fbb154
f61ecc
14308c
eb0056
0ceee9
00d161
f1cef9
15803f
ecb0a5
089ec1
05d14c
ee5f37
159ff0
efa0e8
03dea9
0a7130
ebff7c
151f9e
f3a11f
fe9ea8
0eb101
ea8fc9
12df54
f84147
f9ceb4
1200c2
ea401d
0fef0d
fd1159
f4eed6
14507a
eb306c
0bdedc
02115c
f0ef08
15902a
ed60b8
074eb9
07214d
edaf48
158fd8
f0c0f7
025ea6
0bb126
eb7f92
14bf87
f4a12b
fd0ea5
0fc0f0
ea7fe2
121f42
f9614b
f84eba
12d0b0
ea7033
0eff01
fe715b
f3aee0
14d068
eba082
0abecf
03a158
efdf18
15d014
ee60ca
05feb2
087142
ed1f57
155fc2
f1c10a
00cea4
0cc11c
eaffa6
140f73
f61133
fbbeaa
1090e0
ea6ff7
118f2f
faf153
f6dec3
13609a
eac04b
0dbef2
ffd15d
f29ef0
153051
ec6096
097ec6
050152
ef1f2a
15affe
ef30d9
049eac
09a137
ec4f6d
152faa
f2d117
ff6ea5
0e210a
eaafbb
135f60
f7413d
fa8eb0
1180ce
ea500c
105f1f
fc2158
f57ecd
142088
eae05d
0caee4
01515d
f16f00
157039
ed10aa
083ebb
06414d
ee2f3c
15dfe5
f020ee
032ea8
0b412b
ebaf83
14df95
f40123
fdeea4
0f10f9
ea7fd4
12bf4b
f8c147
f90eb6
1270bb
ea7026
0f7f0a
fd715b
f44edb
149072
eb7077
0b5ed9
02a159
f07f0f
15a022
edc0c0
06ceb8
07a145
ed5f52
157fd2
f120fe
01aea5
0c3120
eb4f99
143f7d
f5412b
fcbeab
1040e8
ea5feb
11cf35
f9f152
f79ec0
12d0a2
ea8039
0e3efb
ff115e
f31ee8
14f05d
ec208d
0a3ecc
044154
ef5f20
15c00a
eeb0d2
056ead
08f13a
ecbf62
154fb5
f2110e
002ea3
0d7112
eadfb0
13ef69
f6c139
fb0eae
1100d9
ea3003
111f23
fb8156
f63ec7
13a093
eab059
0d2eec
00715d
f1eef4
157040
ec90a1
08eec1
05b150
eeaf34
15dff0
ef90e7
03ceab
0aa132
ebff7e
14ef9f
f3511e
feaea3
0e9105
ea6fcd
12df56
f7f144
f99eb4
1210c2
ea501d
0fdf11
fce158
f4ded4
145079
eb906c
0bcedc
02215a
f0df07
15902a
ed60b5
075eb8
072149
ed6f47
15bfd6
f0b0f6
025ea4
0bd126
eb5f95
147f87
f4c129
fd4ea6
0fd0ef
ea4fe2
121f3e
f9814e
f80ebe
12e0af
ea6034
0ebeff
fe715b
f37ee3
14d061
ebf086
0a7ed1
03a159
efbf19
15e010
ee70ca
05beb0
088140
ecdf5e
157fbe
f20108
00aea5
0d3116
eb0fab
13ff6f
f62136
fb8eab
10d0da
ea4ffb
110f29
fb1151
f6bec3
139097
ead04d
0d6eee
00215e
f26ef2
15404b
ec709c
092ec5
053153
eeaf2f
15eff9
ef80e0
042ea9
0a2134
ebff75
150fa5
f33117
fedea3
0e6105
ea8fc4
132f57
f7b142
f9eeb4
11d0c7
ea7017
101f16
fc9158
f51ed1
14207f
eb206a
0c2edf
01f15d
f11f01
15702e
ed70b1
078eb9
06d149
eddf44
158fdb
f070f6
025ea6
0b9125
eb5f8e
146f8e
f4a126
fd4ea7
0f80f3
ea5fdc
124f40
f9214a
f85ebb
12b0b1
ea6032
0edf02
fe815b
f3eede
14d064
ebc083
0aced1
038157
f00f14
15d015
ee40cb
061eae
087141
ecdf56
155fc2
f1d107
00fea4
0ce118
eb0fa6
13df73
f61136
fbceac
10c0de
ea4ff7
115f2b
fb014f
f6eec4
13709a
ea804a
0daeef
00115d
f27ef1
15404b
ec7099
092ec6
050151
eecf2b
15dffb
ef40dd
044eab
0a1138
ec3f74
151fa9
f31119
ff4ea5
0e4108
eabfc5
134f5c
f78145
f9feb3
11a0cb
ea4016
100f14
fc7158
f54ed0
144080
eb3067
0c4ee1
01c15b
f10f00
159031
ed40b3
07aeb8
06b14b
edef42
15afe1
f050f0
028ea7
0b6129
eb6f8c
148f8f
f48129
fd8ea6
0f60f3
ea7fdc
123f42
f9314b
f86eb7
1290b3
ea6031
0eef05
fe515a
f3eedf
14d069
ebc082
0aced1
035159
efdf18
15b016
ee50c7
05deb0
088142
ecff59
157fc4
f19106
010ea3
0d0119
eb0fa5
13ff73
f60135
fbaea9
10c0de
ea5ffa
112f2b
faf152
f70ec4
13a09b
eac049
0daef2
fff15b
f26ef1
15604b
ec4097
092ec4
053153
eeaf2c
15bff9
ef50df
043eaa
0a0136
ec2f74
14efa5
f3311a
ff0ea4
0e4108
eaafc1
131f59
f7b13f
fa0eb4
11c0c8
ea4015
102f17
fca158
f54ed3
14407d
eb4065
0c3ee0
01d159
f12f04
15602d
ed40b1
078eba
06e14c
edbf43
159fdc
f070f4
026ea7
0b9126
eb7f8e
147f8a
f4c12a
fd7ea8
0fa0f3
ea4fdf
122f43
f9114c
f83ebc
12e0b0
ea9034
0eff01
fe715b
f3bedf
14f063
ebc07f
0aaed1
03b157
efdf18
15e012
ee50cb
05ceb2
08a13d
eccf5e
156fbf
f1d108
00cea5
0d1117
eaffa7
13cf71
f62137
fb7eab
1110dc
ea2ffe
112f2a
fb1153
f68ec7
139096
ead04e
0d4eed
00415c
f22ef2
150048
eca09f
092ec1
056152
eebf2e
15eff5
ef80e1
03feac
0a4135
ec1f77
150fa4
f3611a
fedea6
0e9104
ea8fc6
12ef56
f7b141
f9ceb5
1220c3
ea601a
0fef13
fd215a
f51ed6
14707b
eb706d
0bfedd
02415c
f0bf08
15a028
ed80b7
075eb9
072148
ed9f48
15bfda
f0d0f8
024ea4
0c0124
eb6f92
147f86
f50127
fd1ea7
0ff0ef
ea6fe5
120f3d
f9b14f
f7febf
12e0ad
ea9038
0e9f01
feb15a
f36ee5
14c05f
ec0088
0a3ecf
03e158
ef8f1d
15a00b
ee80cf
057eb0
09113b
ecbf60
155fb7
f2210d
007ea1
0d4113
eadfb1
13af6a
f69137
fb3eaf
1120d5
ea4005
10cf25
fb7156
f63ec9
13c090
eb1053
0d0ee8
00c15a
f1bef6
157040
ecb0a4
089ebf
05c152
ee7f35
15afee
efc0e9
03bea9
0ab12e
ec0f7d
14df9b
f38121
fe7ea4
0ee0fe
ea8fce
12bf4d
f83148
f93eb4
1220c2
ea5024
0f9f0d
fd515b
f48ed8
145072
eb6073
0b9ed8
02b15c
f05f0b
15c020
edd0c0
06ceb4
078146
ed5f4c
15afcd
f110ff
01cea7
0c311f
eb4f9b
145f80
f56132
fc9eaa
1050ea
ea6fec
11bf34
fa1153
f74ebf
1340a5
eaa041
0e0efb
ff715b
f31ee9
14f056
ec3092
09fec9
048153
ef1f25
15d003
eee0d8
04eeae
09413a
ec8f6c
154fb1
f2a112
ffdea5
0dd10c
eabfb9
135f62
f7213e
fa7eae
1190d0
ea600c
109f1b
fbf156
f5bece
140085
eb405c
0cdee7
01315a
f15efd
157036
ed30ac
07febd
06714a
ee0f3e
159fe2
f060ee
02bea6
0b2129
eb7f85
14bf90
f42125
fd9ea7
0f50f9
ea7fd8
125f47
f8e145
f8beb7
1290b6
ea802c
0f3f06
fe2159
f41edd
14c06c
ebf07e
0aded5
032158
efcf15
15a017
ee40c8
063eb1
085142
ecef57
156fc3
f1c107
00fea4
0cc11b
eaefa4
13ef73
f5d133
fbcead
1080e0
ea4ff8
114f2d
fad152
f6eec4
138099
eaa04d
0dbef2
ffe15b
f24ef0
15304a
ec9097
092ec5
051151
eecf2c
15aff7
ef60e1
042eab
09f133
ec0f77
150fa7
f3311b
ff1ea5
0e5107
eacfc6
131f57
f7c143
f9eeb2
11d0c8
ea4018
0fff13
fcc157
f51ed3
14507e
eb506d
0bcede
01f15b
f0cf06
15a02e
ed60b6
071ebc
07414c
ed8f4a
157fd7
f0c0f8
023ea8
0be125
eb6f95
147f87
f4f12d
fcfea9
0fe0ef
ea6fe5
11df3b
f9a14d
f7febc
1330ac
ea9037
0e7efe
fef15a
f32ee5
14f05d
ebf086
0a3ecd
03f157
ef7f1e
15c009
ee90d1
056eb1
09013c
ecaf64
154fb6
f2710f
004ea3
0d6110
eadfb4
13cf69
f6c139
faeead
1130d9
ea3004
10cf23
fba154
f5eecc
13d08e
eb0057
0ccee9
00c15d
f1eef8
15803e
ecf0a6
086ebe
06014c
ee2f36
15dfea
efe0e9
036ea7
0b0131
ebcf7f
14ff96
f3d121
fe2ea6
0f10f9
ea7fd3
127f4b
f8b145
f8feb7
1250b9
ea4025
0f5f0a
fdb15c
f46ede
14806d
eb9077
0b3ed5
02d157
f01f0f
15901f
ee00c2
066eb2
07f147
ed1f55
157fca
f17102
014ea2
0ca11b
eaffa3
140f79
f5a133
fc1ea9
10c0e4
ea5ff1
118f2f
fa6152
f6fec1
13509c
eac048
0dceef
ffc159
f28eee
154050
ec8097
095ec3
04e153
eeff29
15dffb
ef40df
048eac
09e136
ec2f6f
150fa9
f2f116
ff3ea5
0e5108
ea8fc2
134f5a
f7e141
f9feb0
11d0ca
ea7014
103f15
fca158
f54ed1
144081
eb4067
0c2ee1
01c158
f0ff07
15802d
ed50b1
076eb9
06c147
edcf46
159fda
f0c0fa
025ea4
0bb126
eb5f92
146f89
f4c12d
fd2ea9
0ff0f1
ea4fe3
123f3f
f9a14d
f7febf
12d0ae
ea8038
0ecf00
fea15d
f35ee3
14e060
ec0088
0a7ecc
03f159
ef8f1a
15900e
eea0d2
059eae
08f13f
ecaf61
156fb9
f21109
002ea4
0d6114
eaefb2
139f6b
f6b138
fb1eae
10f0d7
ea3006
10cf22
fb8155
f61ec8
13e08e
eb1055
0d2ee7
00c15c
f1def8
15603e
ece0a4
087ec1
05f150
ee3f37
15afe9
eff0e9
035ea9
0ab12d
ebaf7d
14df99
f3d122
fe1ea5
0ef0fe
ea7fd1
12bf4c
f8814a
f8eeb6
1260bd
ea4026
0f7f0d
fd9159
f45eda
14b071
eb707a
0b5ed6
02e159
f04f0e
15b01c
edf0c4
067eb3
07f143
ed3f53
157fc9
f17103
016ea4
0cc11c
eb2fa2
141f79
f5b131
fc2eab
1070e2
ea5ff5
117f2d
fa7151
f70ec4
13809e
eab047
0ddef4
ff915f
f2aeee
15204e
ec6095
097ec4
04e154
eeff2b
15effd
ef50dc
046eac
09e137
ec4f74
150fa8
f2f118
ff3ea1
0e6106
eacfc1
132f59
f7a142
f9ceb3
11c0ca
ea5017
102f14
fcb15a
f51ed2
14207f
eb2069
0c5ee0
01e15d
f0df04
15602e
ed50b5
077eb6
07114b
edbf45
15afd9
f080f7
026eaa
0c0125
eb7f94
149f87
f4b12a
fd0ea8
0fb0ed
ea4fe4
11ff3c
f9a14c
f7eebd
1310ac
ea7038
0e7efd
fee15c
f37ee6
15005d
ec2089
0a4ecb
041156
ef5f1f
15c00c
ee90d3
057eb0
09313c
ec8f63
154fb6
f27111
002ea5
0da10d
eabfb3
138f67
f6d13c
faeeae
1130d6
ea7006
10ef20
fbb156
f5feca
13e08e
eb0057
0ceee8
01015c
f1aefc
15803e
ed10a9
08aec2
06314d
ee3f3a
15ffea
efd0e9
033ea8
0b112d
ebcf81
14cf95
f3e120
fe1ea4
0f20fc
eaafd6
128f48
f8c14a
f8feb7
1270ba
ea6028
0f4f07
fdb15b
f43edb
14c071
eb807a
0b3ed3
03415b
f01f14
15901a
ee00c6
065eb1
080143
ed1f56
156fc2
f19104
013ea7
0cd11b
eb1fa2
13ef75
f5b133
fc0eab
10a0e1
ea3ff6
119f2b
fab154
f71ec5
136095
eab04d
0d8ef1
fff15b
f26ef0
15504e
ec7096
095ec4
051153
eebf2c
15dff8
ef80e2
043eaa
0a2134
ec0f76
150fa5
f3411a
feeea4
0e7106
eaafc3
12df57
f7d144
f9ceb2
1200ca
ea1019
0fdf14
fcf158
f4fed5
14207b
eba06b
0bfedc
023159
f0df05
15a02a
ed80b8
073eb8
076148
ed9f49
15afd6
f0e0f7
023ea4
0bf124
eb5f94
146f85
f5212d
fcaeaa
0fe0ef
ea6fea
121f39
f9c14f
f7bebe
12f0a7
ea903b
0e4efa
ff115b
f32ee6
14f05b
ec008c
09eecd
044156
ef8f1f
15f007
eec0d3
053eaf
09713c
ec8f6b
153fb2
f26111
fffea4
0da111
eadfbb
136f64
f7013d
facead
1160d6
ea400c
109f1d
fbf153
f5fecd
141086
eb305c
0cdee5
01215b
f17efd
15803a
ed20ab
081ec1
06514d
ee0f3e
15cfe3
f000ef
02feaa
0b412a
ebaf88
14df91
f41124
fdbea8
0f30fb
ea4fd9
127f48
f9014b
f89eb7
12c0b8
ea902c
0f0f05
fe3159
f41edf
14c068
ebd07d
0aded1
036158
efcf13
15d015
ee20cc
061eb0
088140
ecff59
156fc1
f1a104
00cea6
0d1119
eacfa9
13bf72
f5f138
fbaea9
10c0de
ea3ffb
114f2a
fb2150
f68ec5
139099
eac050
0d6eed
00415a
f22ef3
155048
ec909d
091ec4
059151
ee9f31
15cff2
efa0e3
040ea7
0a7135
ebcf79
150fa2
f3711c
feaea4
0ec103
eabfc8
12ef56
f81144
f95eb3
1200c2
ea701d
0faf0e
fd515b
f4eed5
149077
eb6070
0bbed7
028159
f0bf0b
158023
edc0bb
06eeb6
07a144
ed7f4d
156fd0
f110fc
01bea5
0c3120
eb1f9a
143f80
f5612c
fc7ea8
1050e9
ea3fee
11ef35
fa0150
f77ebf
1330a5
eac044
0e1ef7
ff315b
f2feec
154058
ec2092
09eec7
048156
ef1f23
15a001
eee0db
04deaf
096138
ec6f6e
156fae
f2b112
ffbea5
0e0109
eaafbc
135f5f
f7413f
fa5eb1
1190cc
ea3010
104f19
fc4157
f57ed0
13f083
eb1062
0c5ee3
01315c
f14f00
158034
ed20ad
07febc
067147
eddf42
15afe2
f060f4
029ea7
0b7129
eb6f8d
14bf8f
f45128
fd7ea7
0f70f4
ea6fdf
124f44
f9514b
f85eba
12a0b2
ea7031
0edf02
fe515a
f38ee1
150062
ebe084
0a9ed0
03a157
efbf19
15b012
ee40cd
05aeaf
08d13e
ecaf5f
156fbe
f2010b
007ea4
0d5114
eb0fad
13cf6d
f66139
fb5eac
10e0d9
ea3000
112f27
fb5150
f67ec6
13c093
eab052
0d5eed
00715d
f1eef6
157043
eca0a0
089ec4
05a152
ee7f32
15bff1
efb0e8
03aea8
0a8131
ebdf7d
14cf9c
f3a11e
fe4ea8
0ec100
ea8fd2
12df4e
f80146
f95eb6
1240bc
ea6022
0f6f0d
fd7159
f48ed7
149071
eb8075
0b4ed7
02c15b
f06f0c
15a01f
ede0c0
06aeb1
07e145
ed4f52
158fcc
f14102
018ea3
0c411e
eb2f9d
142f7f
f58132
fc5ea8
1060e9
ea3ff2
117f31
fa614f
f74ec3
13309f
eab044
0e1ef2
ff715e
f2aeec
153053
ec5097
09aec9
04a154
ef0f26
15b001
ef30dd
049eac
09b137
ec3f70
154fac
f2e113
ff7ea4
0e1108
ea9fc0
133f5b
f7613f
fa3eb3
11f0ca
ea3013
105f18
fc6154
f57ed0
143084
eb3067
0c6edf
01a15a
f12f01
15a031
ed30b3
07aeb7
06d14b
eddf43
15cfdc
f070f7
02bea4
0ba126
eb5f8c
149f8c
f4c12b
fd5ea6
0fa0ee
ea5fde
11ff40
f9614c
f81ebb
12d0b2
ea7035
0ebf00
fe615a
f36ee4
14e063
ebf088
0a6ecf
03b158
efbf1c
15c00f
eea0ce
05ceaf
08c13c
ecaf5f
157fb8
f2210a
007ea6
0d5114
eaefac
139f6d
f6713b
fb1eac
1110d8
ea6002
10df23
fb7156
f66eca
13a091
eae053
0d3ee9
00b15c
f1fef7
15603f
ecb0a2
089ebf
05a14f
ee4f37
159fef
efc0e9
039ea6
0ad12d
ebff7e
14df9b
f3c120
fe1ea5
0ed0fe
ea7fcf
12af51
f85146
f94eb5
1220bb
ea5021
0faf0b
fd7159
f45ed9
146071
eb9077
0b8ed7
02d15b
f07f10
15c020
edd0c2
06aeb4
07a144
ed5f4f
15afca
f15102
018ea2
0ca11d
eb3fa0
140f7a
f57131
fc6ea9
1070e4
ea4ff0
11af33
fa5151
f73ec0
13509f
eab044
0dfef7
ffa15e
f29ee9
152051
ec6094
098ec6
04d156
eeef28
15bfff
ef30dc
048ead
09d136
ec4f6f
152fab
f2d115
ff8ea4
0e4109
ea9fc0
134f5b
f7a140
fa2eb2
1190ca
ea4011
102f17
fc815a
f55ed0
143082
eb5066
0c3ee1
01c15a
f13f03
15a030
ed50b1
07beb9
06c147
eddf44
15ffdb
f0b0f4
028ea6
0b512a
eb9f90
148f8b
f49129
fd6ea9
0f80f3
ea5fe1
122f41
f9714c
f83ebc
12d0af
ea6032
0edf01
fe715c
f38ee4
14f063
ebf084
0a7ed0
03b156
efaf19
15d013
ee90cb
05ceb1
08d13e
eccf5c
156fbc
f1f10a
008ea2
0d7114
eadfae
13cf6a
f68139
fb5eac
1120d9
ea5003
10ef25
fb6157
f65ec9
13b094
eac054
0d2eeb
00815a
f1eef6
155045
eca0a3
08eec2
05e150
ee7f35
15cff0
efb0e7
03ceaa
0a912f
ebef7d
14ff9b
f3911e
fe8ea3
0ef100
ea8fcd
12df52
f85143
f92eb6
1250c2
ea401f
0f9f0d
fd315c
f49eda
147075
eb8074
0b6edb
029159
f06f0e
15a024
edc0bd
06deb7
078143
ed7f50
159fd1
f100ff
016ea6
0c411f
eb6f9d
146f7c
f5612f
fc7eaa
1050e7
ea5fee
11bf34
fa3151
f76ebf
1350a4
eab03f
0e0ef8
ff315b
f2eee9
151055
ec4092
09aec8
048152
ef3f25
15e003
ef10d7
04feac
098137
ec4f6b
152fb0
f2c115
ffcea4
0e110a
eadfbc
138f5e
f7013f
fa6eb0
11a0d1
ea500b
105f19
fc4159
f57ed1
141087
eae05f
0c7ee6
01515a
f16efe
157037
ed50b1
07debf
06814f
eddf3b
159fe0
f040f1
02eea7
0b4129
eb8f8a
14bf90
f44126
fd8ea7
0f80f6
ea5fd7
126f41
f90147
f87eb9
1280b3
ea802e
0f3f07
fe215b
f3eedf
14c067
ebc07d
0aded3
036155
efef13
159017
ee50c6
05feb0
084140
ecff59
157fc2
f1a105
00eea3
0d0118
eb0fa9
13df73
f62136
fbceac
10b0de
ea3ffa
116f2c
faf152
f6dec5
139097
eab04b
0dbef2
00215d
f24ef1
155049
ec809d
090ec4
054155
ee9f2e
15eff8
ef60e0
042eab
0a5134
ec0f77
14efa4
f33119
ff2ea4
0e6103
ea9fc6
130f58
f7d143
f9eeb4
11e0c6
ea401a
0fef11
fce157
f4fed4
14407c
eb606d
0bfeda
023159
f0df08
15902c
ed80ba
075eb9
072147
edaf47
15afd9
f0b0f9
023ea6
0bb123
eb7f92
145f88
f5112b
fccea7
0fb0ee
ea5fe5
121f3d
f9a14a
f80ebb
12d0ab
ea8037
0eaeff
fea15a
f39ee7
14f05d
ec1088
0a9ecd
03e156
efaf1d
15c00c
ee80cf
05beb2
09113c
ec8f60
159fbe
f2210c
008ea4
0d8116
eacfb0
139f69
f68139
fb2eae
1150d4
ea1005
10ef23
fb7155
f64ec9
13d090
eaf058
0d3eeb
00b15b
f1eef9
156042
ecc0a4
08aec1
05e151
ee5f36
15fff0
efb0e6
039eaa
0a812f
ebef7d
14df9b
f3a120
fe7ea1
0ef0fe
ea8fca
12df50
f86147
f96eb3
1220c0
ea7021
0fcf0c
fd3158
f48ed8
14a072
eb9072
0baed8
026159
f08f0c
158024
edb0be
071eb8
07d146
ed6f4f
15afcc
f120ff
01dea3
0c4120
eb1f9b
144f7f
f52130
fc7ea7
1030e8
ea4fec
11bf38
f9f150
f78ebf
1320a4
ea903f
0e3ef6
ff315e
f30ee7
153057
ec008c
09decb
044153
ef2f21
15d006
ef00d3
04feac
09413a
ecaf69
153fb0
f2710f
000ea5
0da10f
eadfb7
138f66
f6e13c
fabeaf
1180d2
ea300a
10cf1e
fc1155
f5eecc
13d089
eb005a
0ccee7
01315b
f1cefb
15903d
ecf0ab
07febc
06414f
ee1f3b
15dfe9
f010ee
033ea9
0ae12e
ebcf81
14cf95
f3f124
fe3ea5
0f50fc
ea6fd3
12df4b
f8e148
f90eb5
1240b9
ea6028
0f6f09
fdb15a
f41eda
14b06e
eb907b
0b4ed7
030159
f04f10
15c01e
edd0c2
06aeb3
07e146
ed2f55
157fc9
f14102
016ea6
0c911f
eb0fa0
141f7d
f57131
fc4eaa
1060e5
ea3fef
11af33
fa9151
f75ec1
1350a1
eac040
0e1ef5
ff815b
f2aeea
152051
ec6094
09bec9
04b154
ef3f25
15b002
eef0d9
04beab
098137
ec4f6c
150fae
f2b115
ffbea3
0e110b
ea7fba
138f63
f7213e
fa7ead
1180d2
ea400d
108f1b
fc1155
f5decd
142089
eb205f
0caee4
01215a
f18f00
156039
ed20ac
081ebb
06614c
ee0f3d
15efe4
f020f0
031ea5
0b412a
ebaf84
14af95
f41124
fddea7
0f40f9
ea3fd9
128f48
f8c149
f8eeb9
1270ba
ea8029
0f3f08
fdb156
f43ede
14906a
ebc078
0b4ed4
031157
efff11
15b01b
edf0c1
06beb3
07f142
ed2f54
159fc8
f17102
014ea3
0ca11e
eb1fa2
143f7b
f5b133
fc5ea6
1060e2
ea6ff1
117f30
fa814f
f75ec0
1370a2
eab044
0dfef5
ff815b
f2deea
153053
ec5094
09cec8
04c156
ef0f27
15e002
eef0dc
049eae
09a139
ec1f6b
151faf
f2a113
ffbea2
0e010d
eadfb9
133f61
f7013f
faaeb1
1190cf
ea400b
106f1c
fc1157
f58ecf
144089
eae05d
0cbee2
01215d
f18eff
15703a
ecf0ad
081ebf
06514f
ee0f3f
15cfe5
f030f1
02eea6
0af12f
ebbf83
14df94
f3f124
fdfea6
0f10f7
ea7fd5
129f49
f8a147
f8deb6
1260b9
ea4029
0f6f08
fdd159
f46ed8
148070
eb807b
0b3ed8
02c158
f04f0f
15a01e
ee00c1
068eb4
080146
ed2f52
15afcf
f13100
018ea2
0c811f
eb4f9d
141f7d
f59134
fc6ea5
1040e8
ea3fef
11af31
fa214f
f76ec2
1360a0
eab044
0e3ef5
ff815b
f30eeb
153055
ec1090
09eec8
049156
ef4f21
15afff
ef00d7
051eab
09713c
ec8f6a
151fb1
f28113
ffeea4
0dc10f
eadfba
136f62
f6f13f
faeeae
1150d1
ea4008
109f20
fbf155
f60eca
13f08a
eb005a
0ccee8
00c15d
f1eefa
15603c
ed00a5
086ec0
06014f
ee4f38
15bfeb
f000ea
036ea6
0ae12f
ebcf82
14bf97
f3d121
fe3ea4
0eb0fe
ea8fce
129f4d
f85145
f93eb7
1210bf
ea4025
0f9f0e
fd315c
f48ed8
149072
eb7072
0b8ed9
029159
f06f0c
15e023
ede0bb
06deb5
07b147
ed5f50
157fd1
f130fe
01cea4
0c3121
eb5f98
145f7f
f5212c
fc7ea6
0fd0ec
ea8fea
11cf37
f9f14e
f7bebd
1300a8
eab03d
0e7efb
ff115c
f32ee4
15105c
ec2087
0a3ecd
042156
ef6f1b
15d00a
eeb0d0
056eae
08f13b
ec6f63
153fb7
f2510f
002ea7
0d6111
eaffb0
13bf6c
f6913b
fb4eac
10f0d6
ea8002
112f26
fb8155
f67ec6
13d091
eae054
0d4eea
00915a
f1fef5
154047
eca0a0
08dec2
05a150
ee8f35
15cff3
ef90e7
040eaa
0a5132
ebff7b
152fa2
f3611e
fedea4
0e8102
ea9fc4
12ff55
f7f142
f9beb4
1200c5
ea501b
101f12
fcc158
f4eed3
14507b
eb706c
0c1edc
01f15d
f0df03
15b02e
ed40b4
078eb9
06e146
edbf41
15afd8
f080f4
027ea8
0ba129
eb7f91
14af8d
f4c129
fd3ea4
0f70f3
ea3fe0
125f43
f94148
f88ebc
12c0b3
eaa031
0eef00
fe615c
f3aee1
14b065
ebf07f
0acecf
037158
f00f14
15c016
ee00c8
061eb1
086142
ed0f5a
157fc4
f19107
00fea4
0cd119
eb0fa7
13ff74
f5f132
fbeea9
10c0e1
ea5ff6
115f2e
fa814f
f6dec1
13709e
ead043
0dcef5
ffa160
f2beec
153052
ec6094
098ec8
050153
ef2f26
15cfff
ef30dd
048ea9
09b135
ec3f71
152fad
f2a116
ff9ea4
0e010d
eaefba
134f62
f71141
fa8eae
1180cd
ea300f
108f1d
fc0157
f5cecd
13e087
eaf05f
0cdee3
01415d
f16efd
15703a
ed20a8
085ebf
06214d
ee0f3a
15bfe9
eff0ec
037ea9
0b0130
ebff82
14bf9a
f3d120
fe2ea3
0ed0fd
ea8fd0
128f4e
f88146
f93eb6
1220bd
ea3021
0f7f0c
fd4157
f4aed8
14a074
eb5071
0bbed8
02715d
f08f0a
159026
edb0ba
06feb6
079145
ed7f4b
159fd5
f0f0fb
01dea6
0c111f
eb5f94
146f84
f5112d
fceea9
0fe0ef
ea3fea
11ff3c
f9914d
f80ebd
12d0ac
ea9037
0eaf00
feb15d
f34ee5
14e062
ebf088
0a7ece
03d159
efbf1d
159010
ee80cc
05aeaf
08c141
ecaf5f
157fc0
f2010c
009ea4
0d3115
eaffab
13cf73
f62135
fbbeaa
10b0df
ea4ffa
114f27
fb0154
f6deca
139099
ead04a
0dbef0
00015c
f23ef2
15304c
ec7097
094ec3
052156
eebf2b
15cffb
ef70dd
046ea9
09c136
ec3f70
151faa
f31115
ff7ea2
0e3108
eabfc2
135f5b
f76141
fa4eb0
11b0ce
ea4011
107f1b
fc415a
f5aecd
142087
eb2060
0c8ee3
015159
f16efe
159037
ed10ab
080ebd
06414f
edef3d
15afe4
f040ef
035ea6
0b212b
ebbf82
14df98
f3f123
fe2ea4
0ef0fd
ea6fd2
12af4c
f87147
f90eb8
1240bc
ea5025
0f7f0c
fd815b
f46ed9
146072
eb5073
0b7ed9
028158
f07f0d
158024
edc0be
06eeb9
078147
ed7f4e
15bfd3
f120f8
021ea5
0c1121
eb6f95
146f83
f4d12a
fcdea8
0fd0ea
ea6fe4
11ef40
f9b14d
f80ebe
1300aa
ea8036
0eaefa
fe815b
f37ee3
151061
ebf086
0a8ed0
03b158
efef1b
15a012
ee70cb
05deaf
08a13d
ecbf5b
155fbf
f1b109
00bea5
0d2116
eb4fa7
13ff72
f5e135
fbbeab
10b0e1
ea4ff7
117f2d
fab151
f6eec3
13509b
eaa048
0dcef2
ffc15d
f29eed
15204d
ec7096
098ec8
04d151
ef0f26
15c000
ef20db
04beac
09a13b
ec4f6f
152fac
f2a113
ffbea2
0e110a
eabfbc
135f5f
f7213d
fa7eb0
1170d3
ea300b
105f1d
fbf157
f5eecd
13e08f
eb005d
0cdee8
01015c
f18ef7
15803c
ed10a6
088ebd
05e151
ee5f35
15afeb
eff0eb
039ea9
0aa12c
ebef7e
150f9b
f3811d
fe9ea5
0eb0ff
ea6fcb
12ff52
f7f146
f99eb3
1200c0
ea201c
0fdf10
fcc157
f4ced5
14907a
eb806d
0bfede
022159
f0df07
15802b
ed60b5
075eba
071149
edaf46
15afdb
f080f7
026ea7
0ba128
eb7f8f
148f8b
f48128
fd7ea4
0fb0f2
ea6fdf
124f44
f9414a
f89ebb
1290b2
ea602f
0f1f03
fe1159
f3fedb
14a06a
ebb07d
0b0ed4
03015a
f03f14
15b01b
ee00c4
068eb4
080144
ed1f53
155fca
f14101
016ea2
0c811c
eb2f9c
140f79
f59130
fc4ea5
1050e7
ea8fee
11af34
fa4150
f76ec2
1330a6
ea8040
0e5ef7
ff015b
f31ee8
150059
ebf08a
0a2ecc
044155
ef7f20
15b00b
eeb0cf
057eab
09113f
ecdf63
158fbb
f2010a
006ea3
0d2114
eaefac
13df6c
f6a137
fb6ead
10d0dc
ea2ffe
112f27
fb2153
f69ec7
13b094
eae04e
0d5eee
00415e
f27ef0
15604d
ec909a
096ec5
054153
eeef2e
159ffb
ef30de
047eac
09d137
ec3f71
151fab
f2d115
ff7ea3
0df10b
eaafc2
136f5f
f7313f
fa7eb1
1170cd
ea500f
105f1a
fc1157
f5becd
142088
eaf05c
0cdee4
01415c
f18ef8
15903d
ed00a6
085ebd
06014e
ee1f37
15bfe9
efc0e9
039ea9
0ac12f
ebcf7c
14ff9a
f3a11f
fe9ea4
0ee0ff
ea7fcc
12ef52
f83145
f99eb2
1210c3
ea601c
0fdf10
fd0156
f4eed6
145078
eb406b
0beedb
022158
f0cf06
15a02b
ed70b6
07aeb7
06f14a
edcf46
159fdc
f070f2
02bea6
0b5128
eb7f8f
146f8d
f46127
fd8ea8
0f80f6
ea3fdb
124f47
f8e14d
f8aeba
1270b5
ea702d
0f3f08
fde15c
f44edb
14c06c
eb707a
0b2ed7
02d157
f05f10
15c01e
ede0c0
069eb4
07d145
ed4f4e
158fcd
f0e0fd
01aea5
0c411f
eb3f9a
144f7e
f5512e
fc6ea8
1020ee
ea8fe7
11cf3a
f9b150
f7cebd
1300a6
ea9039
0e8efd
fee15c
f35ee6
14f05f
ebd085
0a5ece
03d156
efbf19
15d00d
ee90cc
05beb0
08913f
ecbf5b
158fc1
f1a105
00dea3
0cd118
eaffa7
13df73
f60136
fbceab
10b0e0
ea3ff6
113f30
faa150
f73ec8
13709c
ea8045
0deef4
ffb15c
f2ceeb
153053
ec3091
09cec9
04b153
ef1f24
15c000
ef10d6
050eaf
09613b
ec5f6a
152fb5
f29111
fffea5
0db10f
eadfb2
13bf67
f6c13c
fafead
1110d6
ea6006
110f23
fb5154
f62eca
13c091
eac056
0d2eed
00715c
f21ef5
156047
ec809e
091ec1
058150
ee8f32
159ff4
ef80e3
042ead
0a2135
ebef74
151fa5
f30116
ff2ea2
0e2109
ea5fc2
133f5c
f7613f
fa6eb3
1190cc
ea2011
105f1b
fc4157
f59ed1
144085
eb205f
0cbee3
01415c
f19efb
158038
ed00ac
086ebd
06014c
ee5f39
15cfe8
f010eb
038ea9
0aa12e
ebcf7f
14df9c
f3a11d
fe7ea6
0eb100
eaafcd
12af52
f80145
f97eb2
1220bf
ea601c
0fff10
fcf15b
f51ed4
14507b
eb6069
0bcedd
020158
f0ff08
15802b
ed50af
07aeb9
071149
edbf45
15bfdf
f070f4
02cea7
0b8127
ebaf8a
147f8d
f47124
fdcea4
0f60f9
ea5fd7
128f47
f8c148
f8feba
1280b9
ea6028
0f4f0a
fdb158
f45edd
149072
eb5076
0b5ed8
02a158
f04f0f
15a024
eda0bd
06feb7
076148
ed4f4c
159fd4
f0f0fd
020ea5
0c0121
eb4f92
147f83
f4e129
fcfea8
1000f0
ea5fe1
123f3f
f9514b
f80eb8
12d0ae
ea7031
0eef01
fe615a
f3cee0
14b068
eba07b
0aded0
035158
efff17
15801b
edf0c6
065eb1
081140
ed3f52
156fc7
f17105
017ea2
0c711e
eb0f9d
142f7a
f55130
fc7ea9
1040eb
ea6fee
11bf37
f9f151
f7bebf
1310a7
eaa03c
0e6efe
ff215d
f32ee8
14f05b
ec108a
0a4ecb
040154
ef7f1e
15d00c
ee80cd
058eae
08c140
ecff5e
156fbc
f1e10a
00aea2
0d0119
eaffaa
13bf70
f5f134
fbdeaa
10c0e2
ea3ff6
112f2c
fac150
f70ec3
13709e
eaa044
0e0ef5
ffc15c
f2ceee
151056
ec4090
09fec9
04c153
ef1f23
15b003
eee0d6
053ead
094138
ec7f63
154fb5
f25110
000ea2
0d6111
eadfb2
13af68
f69139
fb1eab
10c0dc
ea3001
10ef27
fb2155
f67ec8
139096
eae054
0d7eed
00615d
f24eed
152048
ec509b
093ec5
052154
eeef2a
15affb
ef40e0
047ea8
09d135
ec4f6f
152faa
f2c116
ff9ea2
0de109
eacfbe
135f60
f7013e
faaead
1170d4
ea3009
10af1c
fbe155
f5fecc
13d08d
eb005a
0cfee8
00915c
f1eef8
154040
ecd0a3
089ec0
059151
ee3f2f
15bff1
efc0e3
040ea9
0a6132
ec0f79
150fa3
f3511b
ff0ea3
0e6105
eaafc4
135f5a
f79142
fa2eb1
11d0c9
ea3014
106f18
fc7154
f57ed0
140085
eb1063
0c8ee4
01615a
f19efd
15a03c
ed00aa
085ebf
06114c
ee2f38
15bfeb
eff0e9
035eab
0ab12f
ebef7e
14af9f
f3d120
fe6ea8
0ed0ff
ea4fca
12cf53
f80141
f98eb2
1200c2
ea6019
101f11
fcd158
f4fed2
145080
eb606a
0c3edc
01c15a
f0ff02
15b02e
ed30b0
078eb9
06914c
ee0f3e
15bfdf
f070f1
02deab
0b312a
ebaf89
14df93
f41124
fe1ea8
0f10fc
ea5fd6
12cf4c
f86145
f92eb6
1280bf
ea3020
0fbf0b
fd615a
f49ed9
149079
eb8071
0bcedb
02315a
f0ef09
15b027
ed90b6
075eb9
07114a
edaf49
15afdb
f080f6
026ea5
0bc129
eb9f8e
148f8c
f4a12c
fd8ea7
0f70f4
ea7fdb
127f46
f8f149
f8beb7
1290ba
ea6028
0f1f08
fdc159
f45edb
149070
eb7077
0b8ed6
02a15a
f08f0d
15a025
edb0bc
06eeb8
076146
ed7f48
15afd2
f110f9
023ea5
0bf126
eb4f92
143f88
f4c12d
fd3ea4
0fd0ed
ea5fe2
124f40
f9514b
f83ebb
12c0b4
ea8030
0eef01
fdd15c
f3dede
14c069
ebc07c
0b1ed2
031157
f00f12
15b021
edf0c3
066eb6
07f144
ed0f51
159fcc
f140ff
01bea4
0c3120
eb2f97
146f7d
f5212b
fccea5
1020eb
ea3fe7
120f39
f9b14f
f7eebc
12e0ae
ea6036
0eaeff
fe715e
f39ee5
14b064
ebe081
0a9ed3
03a156
f00f15
15c016
ee50ca
062eb4
084145
ecdf55
156fc7
f16102
015ea4
0cc11e
eb3f9f
142f7c
f5912e
fc3eaa
1040ea
ea6fed
11cf35
fa014d
f7aebe
1300a5
ea903f
0e8efa
ff115e
f34ee5
15005e
ec0086
0a7ed0
03e155
ef6f1b
15c00f
ee60cc
05eeb2
08813e
ecef5d
156fc2
f1e104
010ea3
0cf118
eaffa5
13ff76
f5f136
fc4ea9
10a0e6
ea3ff4
115f34
fa5152
f73ebf
1350a2
eaa041
0e2ef6
ff615b
f32ee8
15005a
ec308c
0a1ecb
042155
ef7f20
15d00a
ee80d1
059eae
08d13f
ecbf5f
157fbd
f2010c
008ea2
0d4116
eb3fa9
13ff74
f5f138
fbaeab
1090df
ea3ff9
117f2a
fad153
f6fec3
13509d
eac047
0deef3
ff915d
f2deee
151051
ec4092
09beca
046154
ef5f22
15e006
eeb0d2
054ead
09113a
ec9f67
156fbb
f2610b
002ea2
0d5114
eacfb0
13af6a
f64135
fb8eae
10d0db
ea5ffd
115f2a
fb0152
f6eec7
139099
eac04a
0dcef1
ffe15c
f29eed
154050
ec5092
097ec8
04a151
ef1f25
15b001
ef10da
04feac
098139
ec8f6a
151fb5
f25111
000ea6
0dc112
eacfb2
13af67
f6913a
fb2eab
1100d7
ea5003
110f25
fb4153
f67ec6
139094
eae051
0d9eee
00215c
f26ef1
15504a
ec909a
093ec6
051151
ef1f29
15dffb
ef20de
049eac
09b139
ec3f6b
152faf
f2b113
ff8ea6
0dc112
eabfb9
138f64
f6f138
fadeaf
1130d4
ea2006
10df23
fb9154
f64eca
13c093
eb2054
0d4eee
00515d
f22ef4
156049
ec709f
08fec1
053151
eeaf2e
15dff7
ef30df
047eaa
09d136
ec0f70
151faa
f2c115
ff6ea2
0e210b
eacfbb
135f62
f6f13c
fa9eae
1140d2
ea300c
10af1f
fbd155
f62eca
13f091
eae056
0ceeeb
00a15c
f1fef8
157045
ecc09d
08eec0
05514d
ee9f2f
15aff4
ef80e6
044eac
0a3135
ec1f72
151fa9
f30114
ff4ea4
0e2109
eabfbc
134f5d
f7513c
fa6eae
11a0d1
ea400c
108f1c
fbf158
f5deca
13c08d
eae05a
0ceee6
00b15c
f1bef9
15303f
ecd0a4
08aebf
05a150
ee7f31
15aff3
ef90e5
03eea9
0a2130
ec1f77
151fa4
f34118
ff4ea3
0e7108
ea8fc0
133f5c
f76140
fa4eaf
11a0cc
ea4011
106f1d
fbd153
f5decf
14108a
eb005c
0caee6
00f15c
f1cefa
15703e
ecd0a7
088ebe
05f150
ee5f35
15cff2
efc0e6
03ceab
0a3132
ebdf79
151fa3
f3311b
feeea2
0e9107
eaafc5
131f58
f7813f
fa0eb1
11d0ca
ea500f
105f17
fc1158
f56ecf
143087
eb1061
0caee3
01315a
f1beff
15603a
ecf0a7
085ebe
06114c
ee5f37
15cfec
efe0e7
03aeab
0a9131
ebff78
14bfa0
f3911b
fecea5
0e7102
ea8fc5
130f58
f7a143
f9eeb1
11c0c9
ea3014
102f18
fc615a
f57ed0
144083
eb1062
0c9ee3
01615d
f18efe
15903a
ed00a8
082ebd
06314d
ee1f37
15cfee
eff0ea
037ea9
0aa12e
ebdf7e
14ff9c
f3811f
fe9ea6
0ed100
ea9fc8
12ff55
f7d142
f9beb2
11e0c7
ea5014
101f17
fc5156
f57ed3
143083
eb3066
0c5ee5
01515c
f14efe
15a038
ed10ac
081ebd
06414d
ee1f39
158fe9
efe0eb
035ea5
0ab131
ebef7c
14bf9b
f3811e
fe6ea5
0ec101
ea9fca
12df53
f7f144
f9aeb2
11d0c5
ea5017
0fff14
fc8158
f50ed3
143080
eb2064
0c8edf
01b15d
f12eff
15b036
ed40ad
07cebe
06414a
ee3f3b
15afe5
f010ec
035ea6
0af130
eb9f80
14bf99
f3c120
fe7ea7
0ed100
ea8fcd
12ff4f
f80145
f99eb3
1220c3
ea7019
103f12
fcc159
f50ed4
14407c
eb2065
0c4ee0
01a15c
f10f01
158033
ed40af
07eebc
06714c
ee1f3d
159fe3
f000ee
033ea6
0b012b
ebbf84
14ef99
f3b123
fe6ea6
0f00fa
ea7fcf
12af50
f84145
f97eb3
1200c5
ea401d
0fff14
fcd15a
f52ed2
14407f
eb6067
0c1edd
02015b
f13f03
159030
ed40b2
07beba
06914d
edff3d
15cfe3
f040ef
030ea7
0b212b
ebdf82
14bf98
f40121
fe2ea5
0f10fc
ea5fce
12cf4f
f85145
f97eb3
1210c0
ea601a
0fef0f
fd015a
f51ed3
14507e
eb606b
0c1ee1
01d15e
f0ff02
15b02f
ed60ae
07cebb
06914a
eddf43
15bfe4
f030ed
030ea7
0b112c
ebaf86
14cf97
f40121
fe1ea5
0ec0fd
ea4fd1
12ff4b
f86145
f96eb5
1240c2
ea701d
0fcf12
fce157
f4ced5
14407a
eb3069
0c1edd
01b15b
f12f03
15602e
ed50b3
079ebb
06914b
edcf42
15afe3
f030ee
030ea9
0b212c
ebcf84
14bf93
f43123
fe1ea5
0f10fc
ea7fd0
12af4f
f86146
f95eb5
1210bf
ea301d
0fcf12
fd215a
f4eed8
14b07b
eb606b
0c1ede
01f15a
f0df04
15a02d
ed60b1
079eba
07014d
edcf41
15bfe2
f060f1
02eea5
0b112b
ebaf87
14af96
f41120
fe0ea5
0f30fb
ea5fd3
12cf4b
f87147
f92eb5
1220c1
ea4020
0fcf0e
fd3159
f4ded7
147079
eb606b
0bfede
02115b
f10f06
15902d
ed50b3
077eb9
06914b
ed9f42
15cfdd
f060ef
02eeaa
0b412b
ebef85
149f92
f43123
fdfea7
0ef0f9
ea6fce
12bf4b
f87147
f95eb5
1240c0
ea8020
0f8f0e
fd4158
f4ced5
145079
eb306a
0bfedc
01f15b
f0bf05
15a031
ed60b4
078eb7
06e14c
edcf42
15bfe0
f040f1
02dea8
0b512a
eb8f8a
14bf93
f3f123
fe1ea4
0f10fb
ea7fd5
12af4e
f86148
f93eb8
1260c0
ea5021
0fbf0e
fd215c
f4ced4
14607b
eb5070
0c0edc
02015a
f0ef06
15a02d
ed60b6
078eb8
06c14a
eddf41
15cfde
f070f1
02eea4
0b2129
ebbf87
14bf93
f41123
fdeea4
0f40fa
ea6fd2
128f4d
f87146
f90eb6
1230bf
ea4021
0f9f0e
fd4158
f4bed6
147076
eb806d
0bcedc
024157
f10f06
15702e
ed50b5
075ebb
06c149
eddf43
15dfdc
f070f2
02eea7
0b512a
eb9f86
148f93
f42124
fdfea5
0f20fa
ea6fd5
12af4b
f86148
f94eb7
1250bd
ea5024
0faf0d
fd215a
f4ced9
148078
eb606f
0bdedd
01f15a
f0df06
15902b
ed50b6
078eb9
07014b
edcf3f
15cfdc
f060ee
02dea6
0b312b
eb9f87
149f92
f45125
fdfea6
0f20fb
ea9fd1
12bf4a
f86147
f94eb4
1230bb
ea4023
0f8f11
fd2159
f4ced6
145076
eb706e
0beedc
02015c
f0df06
15b02c
ed50b5
079eba
06e148
edbf43
15bfdd
f070f2
02cea8
0b6129
ebaf88
14cf8e
f42124
fddea6
0f20f9
ea6fd1
12af49
f8a147
f94eb4
1230bd
ea7021
0faf0d
fd215b
f4fed6
14a077
eb5070
0beedd
02515d
f0cf07
15c02b
ed50b3
07beb8
06d14a
eddf42
15dfdd
f070ef
02aea9
0b612a
eb9f88
14af90
f41124
fdfea6
0f20f8
ea6fd1
129f4a
f89147
f92eb4
1240be
ea6023
0fcf0d
fd3158
f4bed6
145076
eb406d
0beedc
02215d
f0df03
15b02e
ed70b5
078eb9
06e149
edbf42
15afe1
f070f2
02dea6
0b4128
ebbf86
148f95
f44124
fdfea6
0f20f9
ea7fd2
129f4b
f8a146
f93eb9
1220bd
ea4024
0f9f0e
fd5159
f48ed5
149078
eb606f
0c0edd
01e15a
f0cf04
15902e
ed60b3
076eb7
06d14a
edbf42
15bfdd
f080f3
02bea5
0b812d
ebbf88
14cf94
f45124
fdfea2
0f20fb
ea8fd3
12af4d
f89147
f94eb6
1230bf
ea4021
0fbf0c
fd515a
f4bed6
149076
eb606e
0c2ede
02315c
f10f06
15802b
ed70b4
076ebb
06e14b
edcf45
15afe0
f060f2
029ea9
0b512a
ebbf87
14bf91
f42124
fddea5
0f30f9
ea8fd3
12bf4b
f88148
f90eb7
1250c0
ea701e
0fbf0e
fd3159
f4aed5
147078
eb706d
0c0edc
02015a
f0bf06
15902e
ed70b3
078eb9
07014c
eddf47
158fdf
f060f1
02dea4
0b6129
eb7f87
14af90
f41125
fdfea1
0f20fa
ea7fd3
12af4c
f88145
f92eb6
1260be
ea3022
0f9f0d
fd315a
f4aed5
149074
eb806e
0bdedb
022159
f0cf06
15802c
ed70b7
079eb8
06f14c
edbf43
159fdd
f050f0
02bea6
0b512a
eb8f85
149f93
f43124
fddea6
0f30f9
ea7fd5
129f48
f86148
f92eb5
1270be
ea401f
0faf0e
fd3158
f4ced5
147077
eb706f
0bdedc
02115b
f0ef06
15802b
ed50b8
079ebc
06c14b
edff41
158fdc
f090f4
029ea7
0b712a
eb9f88
148f91
f41122
fddea5
0f60f9
ea4fd4
12af4d
f86145
f90eb6
1280bd
ea7023
0fbf0d
fd715c
f4ded5
144078
eb706f
0bfedf
02215a
f0df07
15702b
eda0b5
078eba
06d14b
ed8f41
15bfdf
f060f3
02eea5
0b812b
eb7f88
148f96
f43121
fe0ea7
0f50f8
ea5fd7
129f4a
f88145
f8eeb8
1230bf
ea3023
0f9f0b
fd415c
f49ed7
145078
eb3072
0beede
023159
f0ef06
15902b
ed70b6
075eb9
06f14b
eddf43
159fde
f090f0
02bea8
0b5126
eb7f89
14cf91
f42124
fdeea5
0ee0f9
ea8fd4
129f49
f8a14a
f91eb4
1230be
ea6025
0f9f0d
fd615c
f4bed5
146076
eb5070
0bfedc
02515a
f0cf08
15a02a
ed60b8
075eb8
06d149
eddf41
15afe0
f090f2
029ea8
0b8128
eb7f89
147f90
f44125
fddea8
0f60fa
ea8fd4
126f4c
f87149
f8eeb8
1240bb
ea5027
0f9f0e
fd315a
f4ced7
146076
eb406f
0beedb
02315b
f0cf05
15a028
ed80b8
079eb9
06c14a
edbf45
15dfdd
f070f4
028ea8
0b6129
eb8f8a
14bf8f
f44126
fdaea6
0f20f8
ea5fd5
128f49
f8a145
f93eb8
1240bb
ea8023
0f7f0b
fd515a
f49ed8
148076
eb7072
0bbedd
02415c
f0bf0a
15902a
ed60b7
075eb7
074148
edbf43
15afdc
f080f5
028ea7
0b5128
eb9f8c
147f90
f45123
fdcea6
0f30f9
ea5fd4
129f4a
f8b14a
f8feb9
1250bc
eaa025
0f8f0b
fd6158
f4aed9
148073
eb6072
0bcedb
026159
f09f08
159029
ed90b7
076eb8
07114b
eddf44
157fd9
f070f4
029ea3
0b9129
eb7f8a
148f8e
f44127
fdaea7
0f50f8
ea8fd7
12af48
f8d14b
f8eeba
1290b9
ea6024
0f9f09
fd915a
f48ed9
148072
eb6072
0bbeda
026159
f09f07
15b028
edb0b8
072eb8
07314a
edaf43
159fd9
f090f4
028ea7
0b9127
eb8f8e
149f8e
f48126
fdaea7
0f60f6
ea4fd9
125f47
f8e148
f8febb
1230ba
ea9026
0f8f0a
fd815a
f47edb
148072
eb9073
0b8eda
02915b
f06f09
15a02a
edb0b9
074eb7
074148
ed8f49
159fd9
f090f7
026ea6
0ba126
eb9f8d
14af8e
f48125
fd8ea4
0fa0f7
ea7fdc
126f44
f8d146
f8aeb6
1280b9
ea5029
0f6f0a
fda15c
f46edb
147074
eb8075
0b8ed9
02a159
f09f0a
15a025
edc0ba
071eb7
074148
ed9f4a
15afd8
f090f7
028ea5
0ba124
eb5f8f
147f8b
f49129
fd8ea8
0f80f4
ea8fdd
126f46
f9014b
f8beb9
1250b6
ea6028
0f4f07
fdd159
f44edc
149071
ebb072
0b9ed8
027157
f09f0e
15a022
ede0be
070eb8
076148
ed9f48
157fd8
f0c0fb
026ea9
0bc125
eb8f91
149f8a
f4b12b
fd5ea7
0f90f4
ea3fdc
125f43
f91149
f87eb7
12a0b5
ea802c
0f3f09
fdd15a
f41edf
14706c
ebb077
0b6ed7
02d15a
f04f0f
15e024
eda0bc
06eeb4
078148
ed7f4a
15afd1
f0e0fa
022ea6
0bf126
eb5f91
149f86
f4a129
fd1eaa
0f90f1
ea6fe0
123f45
f9514a
f87ebb
12c0b3
ea802c
0f3f05
fe015b
f44edc
14d06d
eb907a
0b8ed3
02e158
f08f10
15e020
edf0c0
06ceb5
07d146
ed5f4c
159fd1
f0e0fc
022ea5
0c1121
eb3f95
147f85
f4e12c
fd2ea5
0fe0ef
ea4fe2
125f41
f93149
f85eba
12c0b3
ea9031
0f0f05
fe215b
f40ede
14c06d
ebc07b
0b0ed3
03215a
f04f10
15d01b
ee40bf
068eb4
07d144
ed4f4f
15bfce
f110fe
01cea3
0c311f
eb4f9a
143f80
f4d12d
fceea9
0fd0f0
ea6fe4
120f3f
f9914c
f82eb8
12c0b0
ea7032
0eff04
fe515b
f3fee0
14b068
eb907d
0afed4
034158
f01f12
15e01f
edf0c5
066eb5
080148
ed2f4e
157fcc
f12102
01bea8
0c5120
eb3f96
142f80
f5412c
fcbea7
0ff0ec
ea4fe4
11df39
f9a14d
f81eba
12d0b0
ea9036
0ecf00
fe715b
f3aee2
150063
ebb080
0b0ece
035157
f01f13
15c016
ee10c5
067eb1
07f145
ed5f52
158fcb
f16101
017ea2
0c6120
eb1f9c
143f7f
f55130
fcaea9
0fe0eb
ea4fe9
11ff38
f9d14d
f7cebf
1310ae
ea8037
0e9efc
feb15d
f38ee2
14c062
ebe084
0acecf
03a157
efcf18
15d014
ee30c9
061eb2
087144
ecef56
15afc5
f18103
013ea5
0c911c
eb2fa0
141f7b
f57131
fc4ea9
1030e8
ea3ff0
11cf33
f9f151
f7aec0
1320a8
eaa03e
0e8ef9
fed15c
f35ee5
14e05e
ebf087
0a8ecf
03b156
efdf17
15d00e
ee50c9
05feae
08813e
ecef59
155fc1
f1a105
010ea6
0cc11c
eb3fa6
140f77
f5b132
fc1eaa
1050e6
ea3ff1
11af35
fa5150
f77ebf
1320a6
ea903f
0e3ef9
fef15b
f33ee8
14f05c
ec1089
0a3eca
040159
ef8f1c
15c011
ee80ce
05ceb3
08a13e
eccf5e
156fbf
f1a10a
00cea4
0cd117
eb0fa5
13ff73
f60136
fc0ea9
1090e2
ea2ff5
119f2f
fa9152
f73ec3
1340a1
eac043
0ddef9
ff4159
f2eeeb
151057
ec308f
09fecb
041155
ef4f21
15d009
eed0d2
055eae
08f13c
ecaf63
156fbb
f2310a
008ea1
0d5115
eaffab
13cf70
f62138
fbaeab
10b0dc
ea3ff9
115f2c
fac152
f6fec3
13709c
eaa046
0deef5
ff915b
f2ceed
153054
ec6094
09cecb
049154
ef2f26
15c004
eee0d7
050eaf
092139
ec8f66
153fb8
f2610f
004ea6
0d6112
eadfb0
13df69
f67138
fb4eac
10e0db
ea5fff
113f28
fb2152
f67ec6
13809a
eac04f
0d9ef1
fff15e
f28eed
15204d
ec5099
09aec9
04c152
ef1f28
15b000
ef20da
04feaa
099139
ec5f69
154fb1
f29112
ffcea4
0da10f
eadfb3
13bf6a
f6b13a
fafead
1110db
ea5003
10ef25
fb7158
f65ec7
13a096
eac052
0d7eee
00415b
f24ef2
158047
ec709b
094ec4
05114f
ee9f29
15cffb
ef60dd
048eac
0a0136
ec4f6f
153fab
f2c116
ff6ea3
0df10b
eaafb6
135f62
f7113c
fabeb0
1160cf
ea3009
10cf1f
fbd153
f5eecd
13d08f
eae054
0d2ee9
00915c
f1fef3
153045
ecb0a0
08dec1
059154
ee8f32
15bff5
ef60e4
043ea9
0a0134
ebef74
14ffa6
f2f117
ff1ea2
0e4107
eabfbe
133f5c
f72141
fa4eb1
1160d0
ea300d
107f19
fc3155
f5becc
13e089
eaf05d
0ceee4
01215b
f1defc
15903b
ed00a4
089ec2
05f150
ee6f34
15bfec
efb0e5
040eaa
0a7130
ebff7c
14ff9f
f3511a
febea3
0e8104
eabfc6
130f58
f7a141
fa0eb1
11c0c9
ea5013
103f18
fc9158
f57ece
143086
eb3061
0c7ee3
01715b
f16efe
158038
ed20a9
085ebc
06414f
ee1f3c
15efea
eff0eb
033ea9
0ad130
ebbf7d
14af9c
f3b11d
fe6ea5
0ea102
ea9fca
12df51
f7f145
f98eb5
11e0c3
ea601a
0fef13
fce158
f4fed5
14707d
eb4067
0c2ee0
01f159
f12f01
159030
ed60b1
07bebc
06d14b
edef43
159fe1
f040f1
02dea7
0b312b
eb8f84
14af95
f43122
fe0ea4
0f20fa
ea5fd3
128f4b
f86147
f92eb5
1270bd
ea9022
0f8f0b
fd315a
f49eda
147074
eb7070
0bced9
02615a
f0cf0a
15a029
ed80ba
074eb8
071147
ed7f46
15bfda
f0c0f6
027ea6
0bb127
eb8f8c
149f8a
f47127
fd6ea5
0f80f5
ea7fd9
124f46
f8e148
f8aeb8
1270b9
ea6029
0f5f0a
fdc15a
f42edc
14b06d
eba078
0b3ed7
02b15a
f03f0c
15b023
edd0be
06deb6
07a146
ed5f4a
15afd2
f0e0fa
021ea5
0be122
eb3f95
147f84
f4e12c
fd1ea8
0ff0ee
ea5fe0
123f3e
f9714a
f82eb8
12c0b3
ea6034
0eff02
fe615e
f3bee2
149069
eba07e
0b1ed4
034159
f00f11
159019
ee20c3
065eb1
07f141
ed3f56
158fc9
f180ff
017ea3
0ca11d
eb0f9f
146f7e
f5512f
fc9ea8
0fe0ed
ea5fee
11df36
f9b14e
f7debc
12f0ab
eab03d
0e6efc
fef15e
f37ee4
14f05d
ec0088
0a7ed0
03d159
efaf18
15c010
ee50ca
060eae
089142
eccf5c
15afc1
f1d107
010ea5
0cc117
eaffa8
141f74
f5d137
fbeea9
10a0e3
ea3ff5
117f31
fa6152
f73ec1
1350a4
ea9046
0deef5
ff815d
f30eea
150056
ec4091
09decb
045157
ef4f20
15c008
eea0d3
055eae
08d13a
ec9f66
156fb8
f2010f
004ea5
0d7112
eaefad
13af6e
f65137
fb6ead
10d0dc
ea5ffe
112f29
fb0153
f6aec4
13b099
eaa04a
0daef2
00115e
f29eef
15204f
ec5097
098ec2
050154
eeef2a
15affd
ef30da
04aeaa
098138
ec5f6c
154fad
f2b114
ffcea4
0de10b
eaefb6
137f64
f6f13c
faceab
1150d1
ea5006
10df26
fb8152
f62ec9
14008e
ead055
0d3ee9
00715a
f22ef7
155040
eca0a1
08dec2
058151
ee7f2e
15fff8
ef80e5
041ea9
0a1132
ebff75
150fa3
f32117
fefea3
0e4105
ea9fc1
133f5b
f7c141
fa5eb0
11c0cc
ea2013
104f19
fc3156
f58ece
141086
eb1060
0c8ee3
01515d
f16efb
155037
ed20ac
087ebe
06414c
ee5f38
15dfec
eff0eb
036ea9
0ac12f
ebff81
14bf9a
f3c11e
fe4ea6
0ea102
ea9fd0
12cf53
f80146
f97eb4
1200c5
ea501d
0fef12
fcd15b
f4fed4
14607f
eb406c
0c1edf
01d15c
f12f05
158031
ed80b3
079eb8
06a149
edbf40
158fdd
f060f6
02cea6
0b512c
ebaf89
14af8e
f46126
fdbea6
0f40f4
ea5fd6
127f49
f8b146
f8ceb9
1260b6
ea6027
0f4f07
fd815a
f45ed8
148070
eb6076
0b5ed8
02b15a
f08f0d
158023
edc0bd
06feb4
073148
ed7f4e
159fd1
f100fa
01fea4
0c1121
eb4f93
146f88
f4c12b
fcfea5
0fe0ee
ea4fe4
121f3f
f9614c
f81ebc
12d0af
ea6034
0eff00
fe915b
f39ee2
14c064
ebc084
0aded4
036156
efff17
15b018
ee30c3
064eb1
082141
ecdf55
159fc8
f16104
013ea4
0c711c
eb0fa0
140f79
f5a133
fc5ea9
1050e6
ea3fed
119f37
f9f153
f7aebf
1340a5
eab040
0e2ef8
ff215a
f33ee7
150059
ec208b
09eecc
042156
ef9f1e
15d009
ee80d2
055eaf
09013e
ec9f5f
155fbc
f2110e
009ea4
0d3113
eabfb1
13cf6e
f64138
fb8eac
10d0de
ea3ffc
112f2a
fae153
f6cec3
13909a
eaf04b
0d9ef0
ffe15c
f29eee
15304f
ec7098
09aec5
04f155
eedf28
15cfff
ef30d9
047eab
099138
ec6f6d
153faf
f2a112
ffcea5
0dd10c
eabfb5
137f64
f7013b
fabeae
1140d2
ea2008
10bf20
fbe157
f60ecb
13d08f
ead057
0cfee9
00e15a
f1eef8
157043
ecb0a5
087ebe
05c153
ee5f33
15dff1
efb0e5
03eea9
0a7133
ebef79
14efa2
f3611b
feeea5
0e8101
ea8fc8
12ff57
f7e144
f9ceb2
11d0c7
ea5017
100f12
fc8159
f52ece
14507f
eb2064
0c5ee0
01815a
f14efe
15a033
ed40af
07debd
06914a
edbf3c
15cfe1
f040ed
02fea6
0b412c
eb9f83
14cf95
f40120
fdcea5
0f30f9
ea6fd2
128f4e
f8914a
f92eb7
1220ba
ea8026
0f8f0c
fd6158
f47ed8
147072
eb9072
0b8eda
027159
f07f0a
159025
eda0bc
071eb6
072148
ed8f49
15cfd3
f120fa
022ea3
0bd124
eb5f94
146f86
f4f12b
fd2ea6
0fc0f1
ea5fe2
122f40
f9714a
f80ebb
12c0ae
ea9034
0edf00
fe615b
f3cedf
14d063
ebe082
0aded2
035157
efef15
15d016
ee30c8
062eb4
085141
ed0f58
15afc5
f18105
014ea3
0cb11d
eb1fa1
141f77
f5c131
fc3eaa
1040e5
ea9fef
115f31
fa7151
f72ec1
1330a0
eab03f
0e1ef6
ff7159
f2eee7
14e057
ec2090
09deca
044157
ef4f25
15b006
eec0d4
054eaf
09013d
ec7f63
153fb6
f24111
003ea4
0d610d
eacfb0
138f6d
f6613a
fb4eac
1110d9
ea2004
110f24
fb7158
f68ec7
139092
eac053
0d8eed
00615b
f24ef4
155047
eca09d
090ec2
059151
eeaf2d
158ff7
ef50e2
043eaa
0a1136
ec2f74
152fa5
f2f119
ff4ea9
0e3105
ea8fc1
136f5c
f76143
fa4eae
11c0cc
ea2010
104f1b
fc3157
f55ed0
13f085
eb1060
0c8ee2
01215b
f19efc
15803b
ed00ab
082ebb
066151
ee2f39
15afe5
eff0ec
034ea5
0ae12b
ebbf82
14ef97
f40123
fe0ea6
0f00fb
ea6fd2
12cf4f
f83148
f94eb2
1260bc
ea7022
0faf0c
fd515b
f47ed4
148077
eb9074
0baedc
02615b
f0af09
15b024
eda0b8
073eb6
074149
ed6f49
159fd5
f0f0f7
023ea6
0bd122
eb5f95
143f87
f4d12c
fd6ea8
1000ef
ea6fe2
125f41
f9614c
f84ebb
12d0b2
ea6035
0e9f02
fe315a
f3bee4
14d065
ebb080
0abece
038157
efef15
15b017
ee50c7
05feaf
083143
ecff5a
159fc5
f1a104
011ea6
0ce11b
eb2fa3
140f76
f5d137
fc2ea8
1080e3
ea3ff3
116f30
fa8152
f73ec1
13309f
ea8044
0e0ef6
ff915d
f2eee9
152056
ec7090
099ec9
04a153
ef0f22
159007
eee0d5
050eb0
09313b
ec7f67
153fb4
f27110
002ea4
0dc112
eacfb6
139f68
f6b139
fafeac
1120d5
ea4003
10cf24
fb8157
f64ecb
13e091
eac055
0d1eed
00a15a
f1eef6
156041
ec90a2
08dec2
05c151
ee9f32
15cff0
ef80e4
03eeaa
0a7133
ec2f76
14dfa1
f3811b
fedea3
0ea102
ea7fc7
130f56
f7d141
f9deb1
1200c5
ea5018
101f15
fc815a
f52ed2
14407f
eb3067
0c2ede
01e15b
f0ff05
157032
ed50b2
07ceb8
06c149
edff42
15afe1
f060f5
029ea4
0b6129
eb8f89
147f8c
f48124
fd9ea5
0f60f7
eaafda
127f46
f9014a
f8beba
1280b7
ea7028
0f3f02
fde15a
f42edc
14906e
eb907c
0b2ed6
02e159
f04f13
15d01d
ede0c0
06aeb3
07e148
ed1f51
158fcb
f14100
018ea5
0c4122
eb2f9b
141f7e
f5512d
fc5ea8
1030ec
ea3fe9
11bf38
fa114e
f7bebe
12f0a8
eaa040
0e3efa
ff015a
f34eea
151057
ec008b
0a2ec8
041155
ef7f22
15f00a
eea0d1
056eae
08f13d
ec9f62
157fb8
f2610d
004ea4
0d9113
eacfac
13cf6b
f6713a
fb2eae
1100d7
ea3fff
10ff25
fb5156
f63ec8
139098
eb0051
0d2eed
00515e
f22ef3
154048
ec809f
090ec0
055152
ee9f2f
15dff5
ef70e1
040eaa
0a2134
ec4f74
150fa7
f3211a
ff2ea6
0e5104
ea6fc5
130f58
f7b141
fa0eb0
11e0c8
ea2014
102f14
fc9159
f54ecf
14507f
eb4067
0c6ee0
01b15a
f12f07
159033
ed40b1
07deb7
06d14d
edef3e
15bfde
f040f4
02dea6
0b612a
ebaf88
149f92
f41123
fd9ea6
0f00f6
ea6fd6
126f48
f8d149
f8eeb7
1270b7
ea5026
0f0f0a
fde15a
f43edc
14a06c
ebb078
0b4ed8
02e159
f06f11
15901e
edf0c3
067eb3
080140
ed4f53
15bfca
f140fe
017ea3
0c511e
eb2f9b
144f7f
f5612e
fc6ea6
1020e9
ea5ff0
119f34
fa1153
f79ec2
1330a6
eaa03d
0e6ef9
ff515b
f31ee7
15005a
ec208c
09fec9
043155
ef4f22
15e008
eed0d4
054eaf
09313a
ec9f63
154fb6
f2610e
002ea2
0d8114
eacfb1
13bf6a
f69137
fb3ead
1110d8
ea3007
110f22
fb6155
f65ec9
13a095
eac052
0d1eec
00915a
f1fef5
158040
ec90a0
08dec3
059151
ee8f31
15bff1
efb0e3
03fea7
0a5133
ebcf76
14ffa2
f3411a
feeea6
0e9102
ea9fc7
12df54
f7f141
f9beb0
1200c8
ea601a
101f14
fcf159
f51ed0
14307f
eb206c
0c4ede
01f15b
f0ef05
15902d
ed60b3
079eba
070147
edaf45
15afdb
f090f6
028ea6
0b9125
eb8f8e
146f8e
f4a12b
fd6ea9
0f60f5
ea5fde
122f42
f9214b
f86eb9
12a0b2
ea702d
0f0f05
fe3159
f3eede
14e067
ebc080
0b0ed1
037157
f01f14
15e016
ee00c7
061eb4
085141
ecdf58
158fc9
f1a103
013ea5
0cd117
eaefa1
142f76
f5b135
fc0eaa
1050e3
ea5ff3
114f32
faa14f
f73ec3
13709e
ea9042
0ddef6
ffa15d
f2ceed
15304f
ec5091
099ec9
04b156
ef1f23
15b000
ef10da
04ceab
099139
ec6f6c
152fae
f2b115
ff9ea1
0e010a
eabfb8
134f60
f7013e
fa9eab
1170d1
ea5007
108f1e
fc0157
f5eecd
142087
eaf05d
0cdee7
01115b
f19ef9
156039
ecd0a9
086ebf
06114e
ee3f36
15bfe7
f000ec
034ea6
0ac12d
ebcf80
14bf96
f41123
fe3ea3
0ed0fc
ea9fd1
12af4d
f89147
f92eb2
1230bb
ea5028
0f9f0d
fd6159
f47ed9
14b073
eb7073
0b5ed7
02a159
f0af0d
15b022
ed90be
06beb5
07c145
ed5f4a
157fd1
f100fc
020ea5
0c2121
eb4f99
142f80
f5112e
fcbeaa
1000ea
ea6fea
11ef36
f9e14b
f7dec1
1320a9
eaa03b
0e5efc
fed15c
f35ee5
14f05a
ec208a
0a3ecd
041157
ef9f1b
15c00c
eec0d3
056eb0
08d13d
ecbf60
157fb8
f2110b
005ea7
0d8112
eaefb2
139f6a
f67139
fb3ead
1100d8
ea4001
111f24
fb6154
f64eca
13a091
ead054
0d5eed
00715b
f21ef5
154046
eca0a2
08dec1
058153
ee9f33
15bff4
efa0e6
03feab
0a6132
ebff7a
14cfa2
f3611b
feeea3
0e9102
ea9fc7
12df54
f7f146
f99eb4
1200c5
ea301a
0fdf11
fcf158
f4ced6
14407d
eb406a
0beedf
02115b
f0bf06
15702b
ed90b6
074eb6
072149
ed9f46
157fd8
f0a0f6
023ea8
0ba126
eb5f8b
145f87
f4c12b
fd5ea5
0fb0f1
ea3fdf
121f40
f9614a
f81ebe
12d0af
ea9033
0ecf00
fe915a
f38edf
14e067
ebc080
0abecb
037155
ef8f17
15b013
ee60cc
05beb0
088143
eccf5c
157fc1
f1c107
00dea7
0d3116
eaefa8
13cf70
f63136
fb6ea8
10e0de
ea4ff8
112f28
fae152
f6cec7
13909b
eac04d
0d5eef
00015b
f26ef3
15504c
eca099
095ec4
053153
ee9f2c
15eff9
ef50e1
045ead
0a1136
ec2f72
14ffa8
f3211a
ff3ea5
0e3105
ea5fc4
133f5d
f78142
fa2eb2
11e0c9
ea5018
102f17
fc9158
f54ed0
145081
eb3065
0c3edf
01b159
f14f05
157031
ed40b2
07aebd
06c147
edbf41
15bfde
f070f1
029ea6
0b812a
eb7f8c
146f8e
f4712b
fd9eaa
0f90f3
ea5fdd
125f40
f9214c
f87eb9
12c0b3
ea802f
0f0f05
fe115e
f3fede
147067
ebd07f
0aeed4
035155
f02f14
15a016
ee20c6
062eb1
084141
ecef57
157fc5
f1b105
010ea3
0cb119
eb0fa4
140f73
f60135
fbeead
10a0e1
ea5ff4
115f2c
fad154
f6fec2
13609d
ead04a
0dcef2
ffe15d
f2aeef
15604e
ec4096
095ec7
04f151
eedf2a
15bffd
ef40db
048eaa
09d137
ec4f70
151fab
f2e116
ff5ea3
0e4109
eaafbf
135f5a
f77141
fa3eb0
1190ca
ea4014
104f1b
fc7156
f58ecf
141084
eb0065
0c6ee0
01815b
f12f01
15a034
ed20b0
07beba
06a14c
eddf3f
15cfe1
f060f0
02ceaa
0b4128
eb9f8e
14af90
f45126
fdaea7
0f60f6
ea5fdb
129f43
f8e14b
f8aeb9
12a0b6
ea602d
0eff08
fe215a
f3eede
14b06a
eba07e
0b1ed2
035157
f02f14
159016
ee20c8
061eb2
085144
ed0f58
158fc6
f15105
012ea3
0c911a
eaffa3
141f76
f5d136
fbcea6
1080e6
ea3ff3
117f32
fa9150
f73ec4
13a09d
ead049
0dcef4
ffd15d
f28eef
153050
ec9095
097ec6
04e152
eecf27
15bffe
ef40dc
049ea9
09d139
ec4f6d
153fa9
f2c116
ff7ea3
0e2107
eaafbf
135f5b
f75140
fa5eb0
11a0cc
ea7015
103f19
fc5157
f57ece
141082
eaf063
0c7ee0
01b15c
f15f02
157034
ed40b0
07debc
06a14e
eddf3e
157fe2
f050ee
02aea7
0b9128
eb7f88
148f90
f46128
fd9ea5
0f70f8
ea5fda
127f45
f8f14a
f87eb9
1280b7
ea702e
0f3f06
fe015c
f43edd
14b06a
ebd07c
0b0ed5
03115a
f00f14
15c018
ee30c9
064eb2
086144
ecff57
159fc3
f19104
011ea3
0cd119
eb0fa2
140f74
f5c133
fbeeab
1080e2
ea4ff7
115f2f
fac14f
f70ec5
13509d
eab048
0daef3
ffe15d
f26eef
15204e
ec7094
096ec7
051153
eeff2b
15fffc
ef40df
047ea9
0a0139
ec1f72
151fac
f2f118
ff7ea4
0e4106
eaafbd
132f5c
f76141
fa2eb3
11c0cc
ea5011
103f17
fc9159
f57ed2
142085
eb3068
0c5ee3
01b15a
f14f02
15a030
ed00b3
07eeba
06d14c
edbf40
159fde
f070f0
029ea9
0b8127
ebaf8d
14bf8e
f45128
fd8ea6
0f70f4
ea5fdd
125f43
f9214c
f87eb8
12d0b3
ea802f
0f2f05
fe415b
f3fee1
14c06a
eba080
0aced3
035157
efef16
15c014
ee40ca
05feb0
088140
eccf59
157fc4
f1c103
00eea5
0cd116
eaefa7
13ef72
f60137
fb9ead
10b0e0
ea3ff7
114f2a
fae150
f6cec4
13b09a
eb004c
0daef1
ffe15d
f27ef2
15404a
eca098
092ec2
052151
eeaf2c
15bffa
ef60df
044eac
09f136
ebff74
151fa9
f32116
ff1ea2
0e6105
ea7fc2
132f59
f7c141
fa1eaf
11e0c9
ea2018
103f16
fcb157
f53ed3
14407f
eb6067
0c3edc
01e15c
f0ff05
15c02c
ed40b3
077eba
06e149
eddf45
15dfdc
f0a0f4
022ea3
0b8127
eb6f92
148f89
f4b128
fd2ea8
0fa0f1
ea5fe1
120f3e
f9614b
f82eba
12e0b1
ea8035
0ebf01
fe615b
f3bedf
14c065
ebe081
0adecd
03a158
efcf19
15b00e
ee80c9
05ceaf
08d13f
ed0f5e
156fbe
f1f109
009ea4
0d5115
eaffad
13df70
f63138
fb6eaa
10f0dc
ea4ffb
110f26
fb2152
f67ec7
13c094
eae04f
0d5eed
00315d
f21ef4
156045
ec909e
08dec3
05714e
eeaf31
15eff5
ef80e4
040eab
0a6132
ec1f78
14efa1
f3611a
fedea4
0ea104
ea7fc5
12ff57
f81145
f9deb3
11f0c4
ea601b
0fef12
fcf158
f4fed4
14607a
eb506c
0beeda
02215a
f0ef08
15b02b
eda0b9
070eb8
07414c
edaf47
15bfd4
f0c0f9
020ea5
0c2122
eb6f94
144f84
f4e12d
fceea9
0fd0ed
ea5fe5
11ef3e
f9d14d
f7febc
12e0af
eaa037
0e8efb
fec15c
f34ee3
14d05e
ebf08b
0a2ecd
042154
ef9f1d
15d00a
eea0d1
056eaf
08b13f
ecbf61
154fb7
f2210c
006ea6
0d8110
eadfb2
139f6d
f6813b
fb5ead
1120d8
ea4003
10ef24
fb8155
f64eca
13a08c
eaf054
0d1ee9
00915a
f1fef6
158044
ecc0a3
089ec0
05d151
ee6f35
15dfef
efd0e7
037ea8
0a8131
ebef7e
14cf9c
f3b11e
fe7ea4
0ef0fd
ea7fd0
12bf4f
f85144
f92eb8
1250ba
ea5022
0f8f0f
fd815a
f49ed7
146073
eb8073
0b9ed6
028158
f08f0d
15b023
edb0bc
06eeb5
07a144
ed3f50
157fd0
f120fc
01bea7
0c6122
eb7f97
142f7f
f5612e
fc8eaa
1010e9
ea4fee
120f35
fa1150
f77ec0
1320a9
ea803e
0e4efb
ff415e
f2fee7
152058
ec608d
09deca
045154
ef5f24
15d005
eed0d5
050eae
09513c
ec6f67
152fb3
f28110
ffbea2
0db10e
eacfb8
139f64
f7013d
fabeab
11a0d0
ea300b
10cf21
fbf155
f5fec9
13e087
eb005d
0caee3
01315c
f17efa
155039
ed10a9
081ec0
065150
ee2f3c
15bfe5
f010ee
032ea9
0af12f
ebbf7f
14df95
f41124
fdeea2
0f10fa
ea6fd6
129f48
f8a147
f8feb6
1270b7
ea6028
0f6f06
fdd157
f45edd
148071
eb907b
0b3ed7
031158
f00f12
15a01c
ede0c5
067eb1
07f145
ed2f54
158fc9
f160ff
012ea4
0cb11d
eb0fa1
143f7c
f59133
fc0eaa
1080e2
ea2ff3
11af30
fa9150
f73ec2
13509f
ea9046
0e1ef3
ffa15b
f29eed
153050
ec4094
097ec9
04f153
ef0f29
15cffd
ef20df
04aead
09c137
ec3f6c
153fab
f2f116
ffaea5
0e010c
ea8fc0
133f5d
f73141
fa5eb0
11b0cb
ea3012
106f1a
fc3159
f55ed1
143083
eb4066
0c6ee0
01915e
f14f04
158034
ed60ae
07deba
06c14a
eddf41
15afe0
f050f3
02cea8
0b812b
eb7f87
149f8e
f46127
fd9ea8
0f60f2
ea5fdd
126f43
f8f148
f88ebb
12c0b2
ea7030
0f0f02
fe215b
f3dedf
14d066
ebd082
0acece
039159
efdf17
15c014
ee70c8
05feb1
088140
ecef59
157fc1
f1a107
00fea2
0cd116
eaffaa
13df71
f61137
fbbea8
10f0e1
ea3ffc
116f2b
fb0154
f6cec2
138098
eae04c
0daeee
00215d
f25ef2
151049
ec809b
092ec3
053152
eeaf30
15bff6
ef20e4
042eab
0a2135
ec3f76
151fa5
f3511a
ff1ea6
0e3106
eabfc2
130f56
f7c143
f9ceb2
11f0c6
ea301a
0fff13
fcb15a
f51ed5
14607d
eb706a
0beede
01f15d
f0ff05
15a02c
ed60b5
076eb9
07214a
edaf46
15afd7
f0b0fa
023ea6
0bd126
eb7f90
146f86
f4f12c
fceea6
0fb0ef
ea7fe3
120f3d
f9a14b
f81ebc
1300ae
ea6037
0eaefe
feb158
f38ee6
14c062
ebd088
0a3ec9
042157
efdf1b
15d00c
ee70cd
053eaf
08f13e
ec9f5d
153fbd
f2310d
004ea3
0d2116
eb0faf
13af69
f6b13a
fb3eab
1100d7
ea1000
110f23
fb6158
f67ec8
13a093
eae056
0d5eeb
00915c
f20ef7
153042
ecb0a4
089ec3
05b14f
ee7f38
15efef
ef70e9
03aea7
0a8132
ebff7d
14ef9f
f3b11f
fe8ea6
0ed100
ea7fcf
129f4f
f82146
f96eb5
1230c1
ea601f
0faf0d
fd515b
f4bed8
147075
eb9073
0b9ed7
02715a
f09f0c
159024
edc0bc
071eb5
078148
ed6f4a
159fd1
f150fc
01dea5
0c3121
eb4f97
146f80
f5412e
fc9ea6
1000ec
ea3fea
11ef36
f9d14d
f78ec1
1310a7
eaa03b
0e5ef9
ff215c
f32ee8
152056
ec208e
0a1ec9
045156
ef8f22
15a004
eec0d2
051eae
09313a
ec6f69
153fb4
f27111
001ea5
0db110
eadfb5
139f66
f6c13e
faceaf
1120d5
ea2009
10af1f
fbd156
f5deca
14108d
eb205c
0ccee7
01015d
f17ef9
15703b
ecd0aa
081ebd
06114f
ee1f38
15efea
efe0ec
032ea8
0ae12e
ebdf84
14bf97
f43124
fe3ea4
0f20fb
ea8fd3
129f4c
f8b147
f8eeb7
1250be
ea8028
0f5f08
fda157
f45ed8
14a06e
eb5077
0b8ed8
02f15c
f03f0f
15b01b
ee10c1
06aeb7
07d146
ed4f51
157fc9
f13102
015ea2
0c911b
eaef9f
143f79
f5b133
fc6ea8
1040e6
ea5ff4
119f33
fa714c
f75ec1
1360a4
eac044
0e0ef7
ffa15c
f2eeec
151055
ec4093
09eec5
04d156
eeef25
15bffd
ef00d9
04aea9
09a139
ec5f6d
155fad
f2b112
ffaea5
0de10a
eacfbd
137f5f
f7313f
fa8eb1
1170ce
ea200b
108f1d
fc1155
f59ed0
141086
eb4062
0c6ee2
01615c
f16eff
159038
ed40ab
07debb
06614e
eddf3e
159fe2
f040f0
02eea8
0b412c
ebaf87
14cf8f
f43123
fdcea6
0f50f8
ea6fd8
127f43
f8d149
f8aeb9
12a0b4
ea802b
0f3f03
fe015b
f40ee1
14a06a
eb807c
0b0ed2
033158
efff11
15c01a
ee10c8
05feb1
083141
ed2f55
157fc5
f1c106
011ea7
0ca11b
eb3fa3
13ef77
f5b135
fbfea9
10d0e1
ea4ff5
114f2e
fac152
f71ec2
13609c
eae046
0d9ef3
ffe15f
f28eef
15104d
ec5099
097ec6
052153
eedf2a
159ffd
ef60dd
047eab
0a1135
ec3f71
150fa7
f30116
ff6ea4
0e1108
ea9fc0
134f5a
f7913e
fa3eb2
11a0c8
ea3014
105f19
fc9157
f55ecf
13e081
eb2066
0c4ee1
01b15c
f11f02
157033
ed00ae
07eebb
06d14b
eddf42
15afdc
f080f5
02bea6
0b7127
eb8f8d
14af8b
f49129
fd6ea9
0f80f6
ea7fde
125f45
f9014a
f86eba
12e0b3
ea8034
0eff03
fe615b
f3aedd
14b067
ebb081
0aded5
038159
efaf16
15f017
ee40c7
060eae
086141
ecbf59
157fc3
f1e10a
010ea3
0d0118
eb0faa
13ef71
f62138
fbeeaa
10a0e0
ea2ffc
115f2c
fb0152
f6dec2
137099
eab04b
0d9eec
fff15b
f25ef3
15504b
ec609b
093ec5
053153
eecf2c
15cff8
ef40e0
044eaa
0a1136
ec2f75
14dfa7
f32119
ff2ea4
0e4105
ea5fc8
133f57
f79142
f9eeb2
11c0ca
ea6014
103f13
fca155
f53ed2
14407f
eb1067
0c1ede
01e15b
f13f03
15702e
ed60b6
078ebc
06f14b
ed6f44
15bfd8
f0a0f4
027ea6
0b8125
eb4f8d
147f8a
f4a127
fd4ea8
0fa0f0
ea7fdf
122f3e
f9514b
f81eba
12e0af
ea8036
0edf02
fe915c
f3bedf
14e065
ebb081
0a7ece
039159
efcf18
15c012
ee70cd
05feb1
08b140
ecdf5a
159fc1
f1e10b
00cea5
0d2117
eadfa9
13df72
f5f138
fb8eab
10f0df
ea3ffc
114f29
fb1154
f6aec5
13d097
eac04d
0d6ef0
00315c
f21ef3
15404a
eca09e
08fec5
055152
eedf2f
15cff8
ef70e1
042ea9
0a3135
ec0f75
152fa4
f3311a
fedea4
0e6104
ea9fc5
131f57
f7b145
f9deb2
11e0c5
ea4017
102f13
fce15a
f51ed4
14707d
eb3069
0c1edd
01e157
f0ff03
15a02d
ed40b3
075eb7
073148
edaf45
15bfd6
f070f6
024ea4
0bb126
eb4f8c
143f88
f4b128
fd6ea6
0fa0f0
ea7fe0
122f3f
f9514b
f85ebc
12c0b3
ea5036
0ebf03
fe815b
f39ee1
14c065
ebf084
0a9ed0
03a159
efdf17
15d012
ee40cc
05beb3
089141
ecbf60
158fbf
f1e109
00bea5
0d0117
eb0faa
13ff6c
f63136
fb8eac
10c0e1
ea2ffc
112f2a
fb3154
f69ec4
139098
ead04c
0d9ef2
00415d
f26ef2
151049
ec709c
093ec5
056151
eedf30
15cff9
ef30e4
041ea9
0a3132
ec2f74
150fa6
f2f118
ff0ea2
0e7106
eaafc4
132f58
f7a142
fa0eb0
11d0c3
ea6016
101f15
fcc15b
f51ed2
14407f
eb4068
0c1edf
01d15b
f0ff02
15702f
ed50b2
077eb9
06d147
edcf42
159fdf
f070f7
02aea7
0b7126
eb7f8d
146f8e
f4912a
fd4ea8
0fb0f2
ea6fde
123f41
f9514e
f84eb8
12d0b0
ea6031
0ebf02
fe6157
f3bee3
14a063
ebe081
0adecf
037154
efff16
15c015
ee70c7
060eb2
088142
ecff5b
156fc1
f1b107
00fea6
0cd117
eb1fa6
13df72
f60137
fbceab
10c0e0
ea3ff9
114f2c
fac152
f6dec5
13909c
eab04c
0daef1
00015e
f26ef0
15304f
ec709a
095ec3
053154
eedf2c
15aff8
ef20e0
044eaa
09d132
ec7f71
14ffa7
f2f116
ff3ea5
0e3106
eacfc2
135f5a
f79142
fa3eb0
11c0c8
ea7015
101f18
fc6158
f57ed0
143081
eb4063
0c5ee3
01b159
f14f04
159031
ed40b1
07aebb
06c148
eddf3d
15afdf
f040f1
02bea7
0b512a
ebbf8b
14af8e
f44128
fdaea7
0f50f6
ea8fd8
126f44
f9214d
f87eb6
12c0b5
ea602c
0f0f06
fdf15d
f3fede
14c06a
ebf07e
0aded3
034157
f00f13
15e01b
ee50c6
063eb4
07f141
ed3f55
156fc7
f18104
014ea2
0c9119
eb0fa3
140f77
f5a134
fbeeab
1090e3
ea3ff4
118f30
fa8150
f74ec1
13509d
ea9047
0deef7
ffc15c
f2eeec
152051
ec6094
09aec9
04d153
eeef27
15b001
eed0d7
04deac
09a139
ec6f6f
157fae
f2d115
ffcea4
0e010d
eadfbd
137f61
f7113d
fa9eb0
1160d0
ea300e
108f1c
fc1155
f59ecf
144087
eb105c
0c9ee5
01415d
f17efc
15803a
ed10ad
082ebe
06314c
ee1f39
15cfe8
f010ed
031ea9
0ad12d
ebbf84
149f98
f41121
fdfea3
0f00f7
eabfd5
129f49
f89148
f92eb6
1250ba
ea9027
0f5f09
fda159
f45ed7
14b071
ebb076
0b6ed5
02a15c
f05f0c
15a020
edc0c1
06beb7
079147
ed5f4e
159fcf
f14101
01dea4
0c411f
eb1f9d
145f7c
f5612e
fc9eaa
1040e8
ea6fec
11df35
fa0150
f78ebd
1340a7
ea903c
0e7ef8
ff015c
f33ee9
14f059
ec408e
0a1eca
042154
ef6f21
15d009
eec0d4
057eb0
09313a
ec8f64
155fb5
f23110
003ea4
0dc113
eaefb2
13af68
f6b13a
fb1eac
1110d7
ea3002
10df24
fba155
f65eca
13b090
ead056
0d3eea
00b15c
f1fef9
153043
ecc0a1
08aec2
059150
ee8f31
15aff1
ef90e6
03aea8
0a5130
ebff7c
14ff9e
f3711c
febea6
0ea101
ea9fc7
12ff53
f80143
f9aeb6
1200c6
ea701c
0fff11
fce158
f4eed6
145079
eb606c
0bfede
02215e
f11f05
15902a
edb0b9
076eb8
07214a
edbf4a
15afd9
f0c0f8
026ea8
0bc125
eb9f91
147f8b
f4b129
fd5ea7
0f90f4
ea7fde
120f42
f9514e
f80ebb
12e0b1
ea7034
0edf02
fe615b
f3bee1
152065
ebd083
0abecf
03a158
f00f15
157017
ee40c9
05feb0
088142
ecef5b
156fc1
f1a105
00eea4
0d0115
eb0fa5
13ff74
f5d135
fbdeac
10a0e0
ea4ff9
115f2b
fac152
f6dec4
13709d
eae049
0ddef2
00115d
f29eed
14f04d
ec6094
096ec7
050154
eeff27
15b002
eef0db
048eab
09913a
ec4f6e
154fac
f2f113
ff9ea6
0de10b
ea9fba
134f5e
f7613d
fa9ead
11b0d2
ea600e
108f1d
fbf153
f5dece
140087
eb105f
0ccee3
01315d
f14efc
15903a
ed00aa
085ebe
064150
ee4f3c
157fe8
f020ef
033ea9
0b112d
ebef81
14df96
f3c121
fe3ea8
0f10fb
ea6fd1
12cf4c
f87145
f92eb2
1260bb
ea4022
0f7f0d
fd915a
f49ed9
146072
eb7074
0b9ed8
028158
f06f0c
15c024
edc0be
06ceb6
07a148
ed6f4a
157fd2
f110fa
01eea7
0c1121
eb8f97
145f85
f4e12e
fcceac
0fd0ee
ea4fe6
120f3b
f9d14f
f7febd
12f0a9
eaa03a
0e7efc
fed15d
f37ee7
14e060
ebf086
0a8ed0
03e155
efcf19
15d00f
eeb0cf
05aeb0
08d13f
ecdf5f
159fbc
f1e108
008ea6
0d3113
eaffac
13df70
f64138
fb7eab
10c0da
ea3ffc
110f29
fb0150
f6aec8
138099
eae04e
0d9eee
00415a
f26ef0
155049
ec509a
094ec6
054153
ef1f2d
15effc
ef40de
046eab
09f137
ec2f70
151fac
f2f114
ff6ea5
0e2107
eadfc1
133f5e
f77143
fa2eb3
1190cb
ea3010
106f1c
fc3158
f59ecc
13f085
eb2061
0c9ee2
013159
f16efb
15c036
ed20ac
083ebc
06414e
ee2f3e
15bfe8
eff0f0
031ea7
0b212c
eb7f86
149f92
f40124
fdfea7
0f20fd
ea6fd5
126f4c
f89146
f8feb9
1240ba
ea6027
0f8f0a
fd8159
f46edb
14a072
eb8077
0b7ed8
02915d
f06f0a
15a023
edb0be
070eb7
07a146
ed2f4b
158fd1
f0e0fc
01cea3
0c3122
eb3f98
144f81
f5112e
fceea4
0ff0ed
ea6fe5
11df38
f9a14e
f7eeba
12e0ac
ea8039
0e8efa
fec159
f37ee6
14d05f
ebe086
0a7ece
03d158
efaf1a
15b00d
ee80ce
05deaf
08b140
ecdf5e
157fc0
f21108
007ea4
0d3116
eb2fa9
13ff72
f65137
fb8ead
10d0df
ea3ff9
111f2a
fae153
f6eec8
13a099
eaa04d
0deef4
00215c
f28ef1
15504e
ec609a
093ec5
051151
eecf27
15cffc
ef00dc
049eaf
09c13b
ec1f6f
155fab
f2c115
ff7ea4
0dd108
eaafbd
135f60
f7413e
fa9eaf
1180d1
ea500e
108f19
fc1157
f5cece
141087
eb105c
0cdee7
01015c
f1aefc
159038
ece0a9
082ebd
06214e
ee5f3b
15cfe9
efe0ec
036ea6
0ae132
ebbf82
14ff9b
f3b120
fe3ea7
0ef0fd
ea6fcd
12df4e
f84145
f94eb5
1230c0
ea501e
0fcf10
fd3158
f4bed6
149076
eb4070
0bced9
027159
f0ef0b
158028
edb0bb
071eb7
074147
ed7f4a
158fd6
f0d0fa
023ea7
0bb124
eb8f91
147f88
f4b12a
fd4ea7
0fb0f3
ea6fe2
124f3e
f9414d
f83eba
12c0b2
ea6032
0edf03
fe715d
f3eedd
14b066
eb9081
0aeed2
038159
efff1a
15a017
ee00c7
062eb1
083141
ed0f58
157fc5
f19105
014ea4
0c911d
eb1fa4
141f75
f5a130
fc2eab
1080e6
ea2ff3
119f31
fa6150
f75ec2
1360a4
eac044
0e2ef8
ff515d
f31eeb
153057
ec208f
09cecb
046153
ef3f1f
15c007
eee0d3
052eae
09413c
ec7f67
158fb4
f2410f
004ea4
0d8112
eadfb2
136f66
f6813c
fb1eab
1100da
ea3fff
110f22
fb5154
f66ec8
13d094
eae054
0d7eee
00515e
f1fef7
157044
ecc09e
090ec4
05614f
eebf2e
159ff3
ef60e3
042eab
0a1134
ec1f74
150fa6
f3511c
ff3ea6
0e5108
eabfc6
133f5a
f77144
fa3eb0
11c0c9
ea3012
105f17
fc8157
f56ed0
146083
eb4063
0c7ee4
01a15a
f14f02
15a036
ed00ac
07feba
06514c
ee1f39
15afe7
f030ed
031ea4
0ab12b
eb9f84
149f95
f41121
fe0ea6
0f10fb
ea8fd5
12af4e
f87144
f91eb9
1250bd
ea7025
0f8f0e
fd8159
f47ed5
145075
eb9071
0baed9
02715b
f08f08
15b027
edb0bd
071eb7
076149
ed5f4a
15bfd5
f0b0fa
022ea6
0bd124
eb6f92
145f86
f4e12a
fd3ea5
0fa0f1
ea3fe3
122f3f
f9514b
f84eb8
12d0b2
ea9032
0edf02
fe715b
f3aedf
14d066
ebb07e
0acecf
034159
f01f15
15c017
ee30c8
05feb2
083144
ecff57
154fc4
f16100
013ea3
0c811c
eb3fa2
144f79
f5b130
fc4ea7
1060e8
ea4ff2
11af31
fa5150
f76ec1
1320a4
ea9043
0e3efa
ff515a
f30ee7
150058
ec2091
09fecb
044155
ef7f23
158008
eea0d3
053ead
09313b
ecaf63
157fb7
f2410b
009ea5
0d6112
eadfb0
13af6c
f6513a
fb3eac
10e0da
ea2000
110f28
fb0150
f68ec5
139097
eac04e
0d6eec
00415d
f25ef3
153049
ec909a
092ec5
052154
eeaf2b
15cff8
ef60de
047ea8
09c135
ec3f71
14ffa9
f30115
ff6ea2
0e010b
ea8fc0
136f5d
f74140
fa7eb1
1180d0
ea400e
109f1b
fc3159
f5cecf
13f08b
eb205d
0ceee7
01315c
f1cefb
15703b
ecf0a6
086ebf
062151
ee5f37
15cfee
eff0ea
039eaa
0a912f
ebdf7b
14cf9c
f3911f
fe9ea0
0ea101
ea6fc8
131f54
f7f144
f9beb3
1210c5
ea701c
100f14
fcc15a
f52ed3
14507e
eb4068
0c1ede
01d15a
f0ff04
156030
ed50b4
079eb9
06d14b
edcf41
15bfe1
f060f1
029ea8
0b612a
eb8f88
149f90
f44125
fdbea3
0f50f8
ea7fd7
126f47
f8b148
f8ceb6
12a0b9
ea6027
0f4f0a
fdc15b
f47ed8
148070
ebb077
0b8ed8
027159
f06f0c
159022
edd0be
06deb7
079148
ed6f4c
159fd3
f0f0fa
01eea5
0be124
eb5f93
146f83
f4d12d
fd0ea8
1000ed
ea4fe4
120f3e
f9814c
f80eba
12c0ae
ea7036
0ecf01
fe515a
f3aedf
150066
ebf084
0aced0
03915a
f00f16
15c017
ee20c8
061eb1
086140
ed0f55
15bfc7
f15103
013ea6
0ce11c
eb0f9e
140f78
f59132
fc4ea8
1060e6
ea7ff1
11cf35
fa6150
f78ebf
1350a6
eac040
0e4efa
ff015e
f31ee9
152059
ebf08c
0a3ecb
043158
ef7f1e
15b009
eea0d1
059eb0
08d13e
ec7f61
154fbb
f2110b
009ea4
0d3115
eb2fad
13ef6e
f64138
fbaeae
10e0de
ea4ffa
113f28
faf151
f6bec6
138097
ead048
0d8ef1
ffb15d
f29ef1
15204d
ec6096
095ec5
050152
eeef25
15cffe
ef20d5
04cea9
099138
ec4f6d
152fb0
f28112
ffcea4
0db10e
eaafbc
137f66
f6e13a
fabeae
1150d6
ea4007
10bf22
fb9155
f62ecb
14008f
eaf055
0d3ee9
00c15a
f22ef8
153045
eca0a0
08eec2
056151
ee8f2e
158ff5
ef50e3
040ea9
0a2134
ec2f74
150fa5
f33116
ff1ea5
0e6104
eaafc4
132f5e
f78140
fa1eb2
11a0ca
ea5011
104f1d
fc3158
f59ecd
142086
eb105e
0c9ee4
01415c
f1aefd
15703a
ed20a8
084ebc
06114e
ee3f3a
159fea
eff0e9
036ea7
0aa12f
ebbf7e
14cf9a
f3a11f
fe7ea3
0ec104
ea5fcc
131f53
f81143
f99eb3
1230c1
ea501b
0fcf12
fd1155
f51ed6
14707a
eb4068
0c1ede
01d159
f0ff06
15802f
ed40b3
07beba
06a14d
edcf41
15cfe0
f050f2
02dea6
0b612c
eb7f8a
14bf94
f43126
fdcea8
0f20fc
ea6fd7
129f4a
f89145
f90eb6
1250bb
ea7023
0f7f0a
fd8157
f47ed4
14a072
eb9071
0b9edc
02715a
f09f0b
159022
eda0bd
070eb6
073145
edaf49
15cfd8
f0d0f9
026ea8
0bc124
eb8f91
145f88
f4c12b
fd1ea7
0fb0f3
ea7fde
121f42
f9214b
f85eb7
12b0b3
ea602f
0f3f07
fe115b
f3fedf
14c06b
ebb07c
0b0ed3
02f159
f04f11
15c01c
edd0c0
067eb3
07d144
ed5f50
159fcb
f140ff
01aea4
0c5120
eb1f99
143f80
f5312f
fcdea7
1030e9
ea6fea
11ef3b
f9d14c
f81ebb
12f0af
ea6035
0e9efe
fed15a
f38ee4
14d062
ebc086
0a9ed2
038155
efcf16
15c011
ee30c8
05feb0
086144
ecff5a
159fc5
f1a106
012ea6
0c911b
eb1fa0
13ef75
f59134
fc4ea6
1070e5
ea1ff0
11af33
f9f150
f74ec0
1330a8
eaa03e
0e1efa
ff415d
f34ee6
151059
ec208e
0a1eca
03d155
ef8f1d
15e00b
ee70ce
05beb1
08e13e
ecbf5f
157fb9
f1b10a
009ea1
0d2116
eadfaa
13ef70
f62135
fbbeaa
10c0df
ea6ff9
114f2d
fae153
f70ec3
13609e
eab047
0deef6
ffa15c
f2beec
152053
ec5093
09cec8
049157
ef2f22
15d002
eed0d7
050eb1
09413c
ec8f64
156fb4
f2510e
002ea3
0d9110
eacfb2
13cf6b
f6413c
fb2eab
10f0db
ea3000
114f28
fb4154
f6cec4
13a096
eae050
0d5ef1
00115c
f25ef1
15604b
ec8099
096ec6
051153
eeff26
15dffd
ef30db
04aeac
09b137
ec3f6e
152fad
f2a116
ffdea3
0e110d
eabfb6
137f63
f6c13b
facead
1140d3
ea4007
110f23
fb9157
f62ecc
13d08d
eac054
0d3eea
00715a
f21ef4
153047
ecc09e
08eec3
057152
eebf30
15aff4
ef60e1
042eac
0a0135
ec2f72
152fa7
f2e11a
ff5ea5
0e6107
eacfbe
135f5b
f7413f
fa6eb0
1170d0
ea6010
105f1c
fbf156
f5fecb
13f08a
eae059
0cbee7
00d15e
f1cefa
156041
eca0a4
088ec0
05c14e
ee7f34
15eff0
ef90e5
03cea8
0a9133
ebef7a
150fa4
f3611a
fecea3
0e7102
ea9fc6
130f58
f79140
fa0eb3
11c0c8
ea3011
104f1a
fc7159
f58ece
141083
eb1060
0c8ee3
01615c
f16efd
158038
ecf0a9
083ebd
06114e
ee3f3b
159fed
efd0e8
037eaa
0ad12d
ebff7c
14cf99
f3d121
fe7ea6
0eb101
ea6fc9
12ff52
f7f141
f9beb1
1220c7
ea501a
0fff14
fcc159
f54ed4
14507d
eb0069
0c0edf
01d15b
f13f02
15a033
ed50ae
07feba
06914b
edff3c
15afe6
f050ee
02eea7
0b112d
ebaf82
14df95
f41123
fe3ea7
0f1100
ea9fd1
12bf50
f83147
f93eb5
1220bf
ea7021
0fcf0f
fce15a
f4ded6
14507a
eb606e
0beedc
02115b
f0ff06
15a02e
ed50b4
07bebc
06e14c
edbf41
15dfdf
f060f2
02bea7
0b412a
eb9f8b
149f90
f41125
fddea6
0f20f7
ea5fd6
128f47
f8714a
f90eb7
1270bb
ea6026
0f8f0b
fd6158
f47ed9
148076
eb4071
0bbedb
02515a
f09f08
15d027
ed80b8
074eb9
070147
edaf48
15afdc
f060f6
029ea8
0b8126
eb7f8f
149f8c
f4812a
fd7ea3
0f90f4
ea5fdc
12af44
f90148
f8beb6
1250bb
ea402a
0f6f07
fdb15a
f45eda
14a06e
ebc074
0b6ed8
02b15a
f07f0c
15b023
edb0ba
06eeb7
076147
ed8f4d
158fd6
f0b0f8
020ea4
0bc121
eb6f91
146f88
f4d127
fd6ea8
0fb0f2
ea5fe1
123f40
f9314b
f89eb9
1290b6
ea502e
0f1f06
fde15a
f42edc
14c06a
eb7079
0b0ed3
02f15a
f03f11
15c01d
edd0c0
06ceb4
079147
ed7f4d
159fd2
f100fe
020ea4
0c0122
eb5f96
148f86
f4e12a
fcfea8
0fe0ef
ea6fe3
120f3f
f9a14c
f85ebc
12d0b2
ea302f
0f1f06
fe4159
f3dede
14e06a
eb907b
0b0ed5
033159
f01f12
15a01c
edd0c3
06aeb6
080143
ed2f50
15afc8
f140fe
01aea4
0c511d
eb4f9a
144f80
f51130
fcfea8
1020ed
ea5fe7
11ef3c
f9914c
f80ebb
12d0ad
ea6034
0eaeff
fe915a
f3dee1
14e065
ebd081
0aeed1
032155
efff14
15b017
ee10c5
063eb3
085144
ed1f53
159fc9
f15101
019ea5
0c711e
eb2f9c
142f7c
f5312f
fcaea8
1020eb
ea5fea
11df39
f9c14f
f7bebd
1310a9
ea903a
0e9efe
fef15d
f3aee2
14f063
ebe083
0aced1
03c158
efff13
15e013
ee40ca
061eb3
086143
ed0f56
159fc6
f16104
016ea7
0c911d
eaffa0
13ef7a
f5b131
fc6ea7
1040e7
ea3fed
11cf37
fa214e
f7aec0
1320a7
ea903b
0e8efd
fec15b
f33ee7
14c05e
ebf087
0a5ed1
03a158
efbf19
15e013
ee40cc
05eeb1
086143
ecff5b
158fc4
f19106
00fea5
0cb11a
eaffa4
143f77
f5d130
fc1ea5
1070e7
ea4fef
118f32
fa5150
f77ec0
1340a3
eac040
0e6ef9
fef15b
f32ee4
14e05f
ebf088
0a6ecb
03d156
ef7f1d
15e011
ee90cf
05aeaf
08b140
ecbf5b
157fc1
f1c108
00eea3
0ce11b
eaffa7
13ef77
f5d132
fc1ea9
10b0e4
ea5ff3
119f31
fa714f
f73ec1
1330a4
eab040
0e5ef8
ff5159
f33eeb
15105c
ec308d
0a3ecb
042154
ef6f1a
15a00d
ee40d0
05deb0
08d140
ecbf5e
157fc0
f1e10c
009ea4
0ce117
eaffa8
13ff78
f61136
fbeea7
1060e6
ea5ff4
116f2f
fa8152
f72ec3
13309e
eac041
0e1ef6
ff615f
f33ee9
153059
ec208e
09fecb
047153
ef6f1e
15d009
eec0d0
055eae
08c13d
ecbf60
155fbb
f1e10a
00aea3
0d3113
eb1fab
13ef71
f62136
fbbead
1090df
ea5ff9
118f30
fad152
f6fec3
1360a0
ea9047
0e1ef5
ff9159
f2feea
151055
ec108f
09fecb
047154
ef4f1e
15c009
ee90d5
055ead
09213e
ec7f62
159fb9
f2210d
008ea4
0d3116
eaffac
13df70
f60137
fbaea8
10c0de
ea3ffa
114f2e
fae151
f6eec3
13809a
eab044
0dbef2
ff915c
f2aeec
14f054
ec4093
09cec9
04a155
ef3f22
15d009
eec0d8
050ead
09313d
ecbf64
155fbb
f2410d
003ea3
0d6111
eaffad
13cf70
f63137
fb9eaa
10d0de
ea3ff9
113f2d
fae150
f6eec4
13709e
eab04a
0dbef4
ff915b
f2ceec
154051
ec5091
09bec8
047157
ef3f25
15c004
eef0d5
051eac
09413d
ec5f66
154fb7
f2310d
004ea6
0d6112
eadfaf
13cf6e
f69137
fb6ead
10c0d9
ea2ffd
111f29
fac150
f6cec5
138099
eab04b
0daef2
ffb15d
f2aeef
151051
ec5092
09bec6
046155
ef0f26
15e003
eee0d6
050eae
09413a
ec8f67
154fb7
f2410f
001ea4
0d7112
eaffb1
139f69
f6813b
fb5eac
1120de
ea5fff
111f29
fb1151
f6aec6
13809c
eaa048
0d8ef1
fff15c
f28eee
15304f
ec6094
096ec7
04c155
ef0f26
15c003
ef00da
04eeaa
09113c
ec8f6a
153fb6
f2510f
002ea3
0d7112
eacfb3
13cf6b
f68136
fb3eab
10e0dc
ea6001
114f27
fb3154
f69ec5
13809a
eac04c
0ddef4
fff15d
f27eef
15604d
ec8097
099ec5
04c157
ef1f28
15d000
ef00da
04ceaf
095137
ec6f6a
154fb1
f29110
ffdea4
0da110
eabfaf
13cf6c
f69138
fb2eaa
1120d8
ea4001
111f28
fb3154
f68ec6
13b097
ead04e
0d8ef2
fff15e
f27ef1
15304f
ec7095
096ec7
04d152
ef0f28
15f002
eee0d9
050ead
09813a
ec4f6b
154fb3
f26111
ffdea0
0dc110
eacfb3
13af69
f67137
fb1ead
1100d8
ea5fff
111f27
fb1153
f68ec6
139097
eae04f
0d7ef1
00215a
f27ef3
15204d
ec8098
095ec7
04d155
ef1f28
15bffd
ef20d9
04cea8
09713b
ec3f6a
153fb2
f28113
ffeea6
0da111
eabfb3
13af66
f69139
fb1eae
1100d8
ea3003
111f26
fb5154
f68ec8
13a098
eaf051
0d8eeb
00215a
f26ef1
15604c
ec609b
095ec5
050155
eeff25
15cffd
ef20d8
04beaa
09b13a
ec8f69
152fb2
f28111
ffdea3
0db10f
eabfb4
13bf69
f6a13a
fafead
1120d7
ea4001
10df25
fb6154
f67ec5
13c093
eae052
0d7eee
00015d
f26ef1
15404c
ec609b
093ec5
050155
eecf2a
15fffd
ef10db
049eac
09b138
ec5f6a
154faf
f2a113
fffea2
0d7111
ea7fb6
13bf66
f6c13b
fb0eae
1100d7
ea5004
10ef26
fb4154
f66ec7
13c094
eac04f
0d7eee
00315e
f26ef1
15404b
ec5097
094ec6
04f151
ef0f2a
15b001
ef10db
04aeaa
09a137
ec6f6c
154fb0
f2b112
fffea4
0dc10e
eabfb7
138f67
f68139
faceb0
1110d6
ea6004
10df23
fb5153
f66ec8
13c093
eac04f
0d6eee
00215c
f23ef1
15704a
ec6099
096ec6
04f154
eeef2a
15cffe
eef0d9
04aeac
098137
ec7f6b
155fb2
f2b110
ffcea5
0dc111
eaefb9
137f67
f6b13c
faeeb0
10e0d6
ea1003
10df23
fba155
f69ec6
13a093
eb004f
0d6eee
00215c
f25ef2
156049
ec609b
094ec4
050151
eebf2a
15afff
ef10db
048eab
099139
ec5f6c
152fad
f27113
ffdea1
0dd10d
eacfb5
139f66
f6e13e
fb2eaf
1140d9
ea3002
10ef25
fb7154
f67ec9
13b094
eae050
0d3eef
00415c
f25ef2
15604a
ec809c
095ec5
051153
eeff2c
15cffd
ef30df
04bea8
09d135
ec5f6b
153fad
f29112
ffaea4
0de10d
eacfb6
138f66
f6c13a
fb0eac
1140d9
ea0003
10df24
fb6157
f66ec6
13b093
ead050
0d6eee
00515b
f25ef0
15504a
ec8098
094ec0
053153
eecf29
15affb
ef20de
048eab
09b134
ec5f6c
150fb0
f2a114
ffaea4
0df10d
eabfba
138f64
f6e139
fafeae
1140d7
ea5005
10cf26
fb7154
f65ec9
13d095
eb0051
0d6eec
00415e
f24ef4
154049
eca099
093ec3
053155
eebf28
15bffc
ef10df
04aeac
099138
ec5f6b
14ffae
f2b115
ffaea8
0db10c
eabfb7
135f64
f6e13b
fb0eaf
1110d4
ea3006
10df23
fb7153
f69eca
13b095
ead052
0d4ee9
00515d
f23ef2
156048
ec7099
093ec7
055154
eecf2b
15bffb
ef60dd
044eaa
09d138
ec4f6d
155fad
f29112
ffcea6
0db10d
ea9fb8
136f65
f6d13c
fadeac
1160d5
ea4005
10cf25
fb6156
f67ec7
13f091
eae052
0d5eef
003161
f24ef5
154045
ecb09e
094ec3
052154
eedf2c
15dffb
ef40dc
04aeab
099138
ec5f6c
14ffaf
f2d114
ffdea4
0df10c
eacfb6
136f64
f6c13c
faceb0
1160d2
ea3006
10af22
fb9155
f65ec9
13c091
eb0051
0d4eec
00515a
f23ef5
152048
ec709b
091ec6
052153
eecf2f
15eff9
ef20de
047ea9
09c136
ec5f6e
153fae
f2f115
ff9ea3
0de10c
ea9fb9
136f63
f6f13a
faeeaf
1130d5
ea4005
10cf22
fba156
f67ecb
13d093
eaf054
0d6eec
00615c
f22ef2
154049
eca09c
093ec0
054151
eeaf29
15cffb
ef50de
047ea9
09f137
ec4f6d
153fad
f2c116
ffcea4
0dc10d
ea9fbb
138f61
f7313b
faaeae
1150d3
ea4008
10df1e
fba153
f61eca
13e091
eb0055
0d4eed
00615b
f23ef3
156043
eca09c
091ec3
053150
eecf2e
15dff9
ef20df
049eab
0a0137
ec2f6d
151fab
f2d115
ffaea3
0e110e
eadfb9
137f63
f7113f
fadeae
1160d4
ea6005
10bf24
fba155
f62eca
13a091
ead056
0d5eea
00715d
f21ef5
156044
ec90a0
092ec6
055153
eecf2d
15fff8
ef40de
046ea9
09f137
ec4f6e
154faa
f2d117
ff4ea7
0df10b
eabfbe
137f62
f6e13e
faceae
1150d2
ea4008
10bf21
fba152
f60eca
13d090
eae055
0d1eea
00715d
f21ef6
156043
ecd09d
08eec3
057150
eebf2b
15bff7
ef40e0
044eab
0a1139
ec4f72
152fac
f2e114
ff5ea6
0e0109
eadfbb
133f5e
f71140
fa9ead
1170d1
ea600b
109f1e
fbb158
f5cecb
13d092
eaf057
0cfeea
00b15c
f1fef6
156043
ec909d
092ec1
058153
ee9f2f
15dff7
ef70df
044eac
09e134
ec3f73
14ffa8
f2d116
ff6ea7
0e110a
eacfbf
133f5e
f7313e
fa7eb0
1170cd
ea300a
10bf1f
fbd157
f60ecb
14008b
eb1059
0d0eec
00715b
f1eef8
155046
eca0a0
08bec3
05814e
ee9f30
15aff6
ef50e1
03fea7
0a3137
ec2f73
151faa
f31118
ff3ea4
0e2108
eabfbe
134f60
f7513d
fa7eaf
1180cc
ea100b
10af1b
fbe155
f5fecd
13e08b
eb005b
0ceee7
00e15c
f1cef7
153041
eca0a3
08aec1
057152
ee6f2f
15cff6
ef90e3
041eaa
0a2133
ec2f71
151fa7
f31118
ff4ea4
0e3109
eaafbf
131f5e
f7313e
fa6eb0
11a0ce
ea300f
10af1b
fc0159
f5cecc
13e08d
eb0059
0ccee5
01015d
f1befa
154040
ece0a4
08cebd
05c151
ee8f34
15cfef
ef90e3
040eaa
0a5133
ec2f77
14efa4
f3411d
ff5ea6
0e4106
ea6fc3
134f5c
f7a140
fa7eb0
11a0ce
ea300f
109f19
fc1156
f5decf
13f089
eb205e
0caee7
01015a
f1befb
15803e
ecc0a5
08bebd
05b150
ee5f35
15cfef
efa0e6
03bea9
0a5135
ec0f78
14dfa3
f3711a
ff1ea4
0e7106
ea9fc3
132f56
f78140
fa2eaf
11b0cb
ea6012
104f1b
fc4156
f5aece
13f087
eb005d
0cbee4
01015d
f18ef9
15a03d
ecf0a7
085ebe
05e150
ee5f36
15efed
ef90e7
03deaa
0a6131
ebdf79
14df9f
f3511a
febea3
0e8102
ea7fc6
130f5a
f7b141
fa2eb0
11e0ca
ea7014
103f18
fc3158
f57ece
143086
eb2063
0c6ee5
01415d
f1aefa
15903b
ecf0aa
082ebf
06214e
ee4f39
15dfec
efc0e7
03aeaa
0ac131
ebbf7e
14efa0
f3911c
feaea6
0e7101
ea8fca
12ef55
f7d143
f9ceb4
11a0c4
ea5018
101f19
fc5157
f56ed4
146081
eb3062
0c9ee1
01715b
f14efe
158037
ed10ac
084ebe
06414c
ee3f3a
15efe8
efd0eb
036eaa
0ac131
ebef7f
14cf9c
f3a11e
feaea7
0ed101
ea8fc8
12cf53
f7f143
f9ceb3
1220c3
ea6018
0fff13
fcc157
f54ed0
14607e
eb1066
0c7ee0
01915c
f14f01
158033
ed40b0
07eebb
06914f
edff3e
15bfe8
f010ed
036ea7
0af12d
ebcf81
14ef9a
f3d122
fe4ea8
0ed0ff
ea7fca
12df53
f84144
f9ceb6
1210c2
ea701b
0fef12
fce159
f4eed4
14107c
eb6067
0c3ede
01d15c
f12f05
15c031
ed40ae
07debc
06b14b
edef40
15cfe5
f010ee
02deab
0b412b
eb9f84
14cf97
f40121
fe1ea4
0f00fb
ea8fce
12bf4e
f86146
f94eb4
1210bf
ea301f
0faf0f
fd315a
f4ded3
14707c
eb406b
0bdedc
02315a
f0ef05
15902d
ed70b2
078eba
06d149
eddf42
15afdf
f070f0
02cea7
0b412c
eb9f86
149f8f
f44124
fdfea8
0f00fa
ea6fd6
12bf4c
f8a146
f92eb6
1260bc
ea6022
0f8f0b
fd6158
f48ed8
148074
eb706f
0beedb
02315d
f0ff06
15a02d
ed70b6
076eba
07114b
edaf43
158fd9
f0a0f5
027ea6
0bb128
ebaf8a
147f8f
f48126
fddea5
0f70f8
ea6fda
12af46
f8d148
f8deb6
1260b9
ea8026
0f8f0a
fdc15b
f49eda
149070
eb6072
0b9edc
028159
f09f0c
15a024
ed80bc
070eb8
074147
ed4f49
15bfd5
f0c0f7
026ea6
0b9124
eb8f8e
148f89
f48127
fd8ea7
0f90f3
ea5fda
126f42
f9114c
f88eb7
1280b5
ea802c
0f3f08
fdb158
f45eda
149070
eb9077
0b5ed6
02a15a
f06f0f
15901f
edd0be
06eeb7
077147
ed6f4d
158fd3
f110fc
023ea8
0c1122
eb5f91
144f85
f50129
fd3ea8
0fc0f0
ea6fdf
120f3d
f9414c
f86eb9
12b0b2
ea702d
0eff04
fe315a
f3bede
14706b
ebd07b
0b2ed7
031158
f03f10
15d01d
ee00c3
069eb2
07d145
ed5f50
159fcf
f130fc
01cea7
0c3120
eb4f98
146f82
f5312e
fcdeab
0fd0ec
ea3fe8
122f3b
f9b14b
f82eba
12e0ad
ea6035
0eaf02
fe615a
f3aee3
14c065
eba083
0abed0
03815b
efff15
15b018
ee20c8
063eb2
07f144
ed1f56
156fc9
f140ff
019ea4
0c811c
eb3f9d
142f7f
f58130
fc5ea6
1030ea
ea5fea
11ff38
f9f14c
f7aebf
1310a7
ea503a
0e9efd
fee15c
f36ee5
14f05d
ebd089
0a9ecc
03a156
efcf1a
15a012
ee60c9
05deb1
088143
ecdf59
157fc6
f1b107
011ea6
0c911d
eb1f9f
142f76
f5a131
fc2eab
1080e6
ea4ff0
117f32
fa614f
f7aebf
1330a5
ea803f
0e4ef7
ff015e
f33ee9
15105c
ec0089
0a3ecb
042154
ef8f1e
15d00d
ee90d0
058eaf
08d13e
ecdf5d
156fbe
f21107
00cea3
0d0117
eaffa7
13cf74
f60135
fbeeac
10a0e1
ea5ff6
114f2e
fab14e
f70ebf
13609d
ea8044
0e0ef3
ff715c
f2beed
150055
ec3091
09beca
049154
ef4f24
15b007
eea0d3
052eb0
09213d
ecbf63
154fb8
f2110c
002ea7
0d7112
eabfb0
13bf6b
f65138
fb7ea8
1100dc
ea4ffc
110f28
fac155
f6bec5
13a096
ead04e
0d9ef1
fff15c
f27eee
15104c
ec7098
097ec5
04d154
ef1f27
15afff
eef0d7
04ceaf
09a139
ec5f6d
150fb3
f29113
ffbea5
0d910d
eaefb6
139f66
f6c13b
fb0eae
1110d5
ea3005
10ff26
fb6153
f66ec7
13d091
ead052
0d4eed
00415c
f23ef3
15604a
eca09d
091ec3
056152
eeef2b
15bff8
ef70e0
046eab
09f135
ec2f6f
150fa8
f30114
ff6ea4
0e1109
eabfba
136f5d
f7513b
fa7eaf
1190d1
ea500b
10af1a
fbe157
f5eece
13f08b
eb105a
0cfeea
00c15e
f1eef7
15603f
ece0a4
08bebf
05b14d
ee9f2f
15bff0
efa0e5
03dea9
0a4131
ec1f79
150fa1
f3411b
fedea6
0e6104
ea7fc3
12df58
f77144
f9feb2
11c0cb
ea2013
105f18
fc7159
f57ed0
146083
eb105f
0c9ee2
01315a
f18eff
158038
ed20ac
084ebd
06414c
ee0f3a
15afe9
f000ec
034ea9
0ad12f
ebcf7f
14df9c
f3a120
fe7ea3
0ed101
ea8fcf
12ff53
f83143
f96eb7
1200c3
ea501f
0fdf0f
fd0159
f50ed3
14607a
eb506c
0c0ede
01d15a
f11f01
159030
ed60b2
07beb9
06c14d
edef3f
159fe0
f080f0
02dea6
0b612d
eb6f89
14bf92
f45127
fdfea5
0f10fa
ea9fd8
129f49
f89147
f8feb4
1240bc
ea6024
0f4f0c
fd715b
f48eda
14606f
eb5075
0b8eda
028158
f0af09
15b025
ed80b8
073eb4
075149
ed9f4c
15afd6
f0f0f9
026ea2
0bc127
ebaf90
14af8b
f4d127
fd5ea7
0f90ef
ea6fdf
120f43
f92149
f88ebd
1290b3
ea402f
0eff04
fdf15c
f42ee0
14e069
ebd07c
0b1ed1
03215a
f02f11
15d01b
edf0bf
06aeb5
07d145
ed2f53
158fcd
f130fd
01aea2
0c4123
eb6f99
145f7e
f5512d
fcaea8
1000ed
ea6fea
11ff3a
f9b14e
f7debe
12f0aa
ea9037
0e9f00
fea159
f3cee4
14e064
ebc085
0a8ed0
03c155
efbf19
15e016
ee40cd
060eb2
08813e
ecff59
155fc5
f17107
012ea3
0cc119
eb5fa3
141f74
f5b130
fbfea7
1070e5
ea3ff2
119f33
fa614e
f72ec0
1320a1
eac043
0e1ef7
ff315e
f2dee8
151059
ec408d
0a2ecc
046157
ef4f21
15d00b
eec0d4
055eae
09113c
ecaf62
154fbb
f2210c
004ea6
0d6113
eacfad
13af72
f67137
fb7eab
10b0db
ea1ffc
113f28
fb1151
f6fec7
138099
eab04b
0deef5
fff15b
f29ef0
15404e
ec8098
097ec5
04c152
eeff2a
15cfff
ef10db
04ceab
09a139
ec5f6f
152faf
f2d110
ffbea4
0de10d
eadfba
138f65
f6f13d
faceab
1140d3
ea6008
10bf21
fbc155
f60ec8
13c090
eb1059
0d2ee9
00d15b
f20ef7
154042
ecd0a0
08dec0
05a152
ee9f2e
15cff3
efa0e5
03cead
0a2132
ebff76
14efa2
f3511a
ff1ea4
0e6107
eabfc2
132f58
f7913f
fa0eb2
11a0c8
ea7014
104f13
fc9159
f57ed2
142084
eb4063
0c6edf
01715d
f16f02
157038
ed00ac
07febe
06714f
ee1f3b
15bfe5
f020ea
031ea6
0ae12f
ebbf83
14ff98
f4011f
fe6ea5
0f00fe
ea8fcf
12df4e
f84143
f91eb4
1250bd
ea7020
0f9f0f
fd2158
f4aed8
14807a
eb506c
0beedc
02215c
f0ef08
15b02b
ed90b6
073eb7
06f14a
ed7f45
157fdb
f0a0f7
028ea6
0bb126
eb6f8f
149f8d
f48129
fd8ea5
0f80f2
ea6fdd
123f45
f9214a
f8aeb9
1270b7
ea702d
0f3f06
fe1159
f41edd
14c06a
eba07c
0b1ed4
02f157
f05f12
15901f
ede0c3
068eb2
07e145
ed5f53
158fcc
f130fe
018ea4
0c511e
eb5f97
145f80
f5112d
fcaea7
1030e8
ea3fec
11df3a
f9e14c
f7debe
1310a7
ea603b
0e6f00
fea15c
f36ee4
14b060
ec0087
0a4ecd
03e156
efdf1c
15d00e
ee40cb
05aeb1
08813e
ecbf5c
156fbf
f1d107
00bea3
0d3118
eb0fa6
13df71
f61134
fbdea9
10b0df
ea2ff9
114f30
fa9152
f72ec1
13709f
ea9045
0deef2
ffa15c
f29eed
152053
ec4096
09aec7
04a155
ef1f25
15a000
eee0da
050eac
098139
ec6f66
154fb3
f27110
000ea7
0db10f
eacfb7
139f66
f6c13c
fb0eac
1150d5
ea1007
10cf1f
fb7155
f61eca
13e08e
eaf055
0d3eea
00a15d
f1fef9
155045
ecb0a4
08bec1
05614f
ee6f33
15dff2
ef80e4
03eeab
0a1135
ec2f76
152fa3
f3411b
ff1ea7
0e5105
ea9fc7
133f59
f7d13f
f9eeb0
11b0ca
ea4015
103f17
fc7157
f54ecf
140082
eb6065
0c6ee2
01915d
f14eff
158034
ed10b0
07debc
06814d
eddf3c
15cfe2
f010eb
031ea7
0ae12c
ebbf87
14bf95
f43122
fdfea3
0f20fb
ea5fd0
12af4b
f8a146
f8eeb6
1280bc
ea5024
0f9f0d
fd515c
f47ed7
147076
eb8071
0bced6
027158
f09f09
15d024
ed80bb
070eb6
075146
ed9f4b
15afd7
f0d0fb
021ea7
0c0123
eb6f92
148f89
f4d12b
fd0ea6
0fb0f2
ea3fe3
123f40
f9614d
f82ebc
12d0ae
ea3034
0eef01
fe415f
f3bee1
14c065
ebf082
0afed2
037157
efef16
15a014
ee40c7
061eb1
087141
ecef5c
158fc3
f1a106
012ea3
0c811c
eb2fa7
13ff79
f5b130
fc0eaa
1060e0
ea5ff1
116f31
fa6155
f71ec4
1380a3
eab046
0e0ef7
ff715d
f2cee9
152056
ec408f
09ceca
049151
ef1f22
15c004
eee0d7
051eac
09213a
ec8f67
152fb4
f2510f
ffeea5
0db111
eacfb6
138f67
f6e13d
fafeae
1140d4
ea2003
10ff23
fb8156
f64eca
13b091
eae053
0d4eec
00815c
f20ef7
156044
eca09e
08cec4
058154
ee7f33
15cff2
ef90e5
040eab
0a5134
ebff78
14efa5
f35119
fefea3
0e9102
ea9fc6
130f58
f7c142
f9beb4
11d0ca
ea4015
102f15
fc815a
f53ed1
14507f
eb3064
0c8edf
01a159
f15f03
159031
ed40af
07debd
06a148
ee1f3e
15cfe0
f010f3
030ea9
0b212a
ebcf86
14cf94
f46126
fdcea5
0f20f8
ea7fd6
126f4a
f8b149
f8eeb8
1280ba
ea9027
0f4f0b
fdb158
f43edc
14b070
eb8076
0b5ed6
02b158
f06f0d
15c020
ede0bf
069eb6
079145
ed6f4e
15bfcf
f110fd
01eea4
0c111f
eb3f96
145f80
f5312e
fcaea7
1020eb
ea5fe9
11df38
f9c14f
f7dec0
1310a9
ea903b
0e7efe
fed15c
f35ee8
14f05e
ebe085
0a7ecf
040156
ef7f1d
15b00f
ee60cd
05deb0
08b13f
ecbf5c
154fbe
f1f10a
009ea3
0d2114
eb0fa9
13bf6d
f61136
fb9ead
10d0dd
ea5ffb
113f2b
fb0152
f69ec4
13809a
ead04e
0dbef1
00115e
f27ef1
15304d
ec5099
094ec7
04f151
ef0f2b
15dff7
ef30dd
046eab
09f138
ec2f71
151fa5
f2d116
ff4ea7
0e4106
ea8fc0
133f5f
f7313f
fa2eb0
1180ce
ea000f
108f1c
fc2156
f5bed1
142088
eb4060
0c9ee4
01615d
f17f01
159036
ed10a9
084ebd
06414f
ee0f39
15bfe8
f010eb
032ea8
0ae12b
ebcf81
14af98
f3e123
fe4ea4
0f20fd
ea6fd1
12bf4e
f85147
f92eb6
1240bf
ea6023
0f8f0c
fd615c
f45ed9
148073
eb8074
0baed9
029158
f08f0c
15c025
edb0bb
06feb7
078146
ed4f4c
15afd0
f0f0f9
020ea7
0c0120
eb3f95
144f84
f5012e
fcfea5
0fe0ef
ea6fe6
11ff3b
f9814e
f7febe
1310ac
ea9036
0e8f00
fec15b
f36ee2
14e062
ebc085
0a9ece
03b157
efaf1b
15a00f
ee70ce
05aeaf
08c13f
ecdf5c
153fbe
f1c10a
00bea5
0d1118
eaefaa
13ff70
f61137
fb8eac
10b0db
ea4ffe
112f2b
fb0153
f68ec4
13b099
eac050
0d8eef
00015d
f26ef3
15104d
ec909c
093ec4
051151
eedf2c
15fffc
ef80e1
045eab
09e137
ec3f6f
151fab
f30115
ff5ea4
0e4105
ea8fbe
132f5c
f7713f
fa2eb1
11a0cb
ea500f
103f1a
fc5157
f57ed2
141082
eb5062
0c9ee4
01415a
f13eff
158036
ed40b1
07feb8
06314a
ee0f3f
15dfe2
f060ef
032ea8
0b4129
ebaf86
14bf92
f43122
fdfea8
0f50fb
ea7fd6
12bf49
f89148
f90eb5
1270bb
ea4027
0f4f09
fd8158
f45edc
14c06f
eb8077
0b6ed8
02c15b
f05f0d
15901f
ede0c3
06ceb6
07b144
ed4f4f
158fce
f120ff
01aea5
0c411f
eaff9c
143f7f
f5612f
fc7ea8
1020e9
ea5feb
11cf37
fa0151
f79ebd
1340a6
ea8041
0e6efc
ff115d
f32ee9
150059
ec308d
0a2ecb
045155
ef5f22
15c008
eea0d2
054eb1
09313e
ec8f65
158fb5
f2510b
002ea4
0d7110
eaefb2
13af6a
f6b13c
fb1eae
1120d9
ea4004
10ef23
fb5156
f63ec7
13c091
eab057
0d3ee9
00815e
f1def3
158041
ecb0a2
089ec1
05814f
ee8f31
15eff0
ef80e2
03cea5
0a7134
ebff77
152fa0
f3811e
fefea3
0eb103
ea9fc9
12df56
f80147
f9aeb6
11e0c2
ea401b
0fef11
fd015a
f50ed4
14907a
eb406c
0beedd
02315a
f0ef05
15a02a
ed60b7
078eba
07114a
edcf47
158fda
f0a0f4
025ea6
0ba127
eb6f92
147f8a
f4c12b
fd2ea7
0fe0f2
ea6fdf
123f40
f9814c
f84ebd
12b0ae
ea8033
0eff00
fe715a
f3bee0
14f062
ebe083
0abed0
03a157
efbf18
15b015
ee60cc
060eb0
088141
ecff5b
156fbe
f1b104
00eea7
0ce117
eadfaa
13bf70
f63136
fbaeab
10a0df
ea4ff9
112f2b
fae151
f6eec3
137099
eaa04b
0daef1
ffd15b
f25eee
15204d
ec909a
094ec4
051153
eedf2b
15bffc
ef50dd
046ea8
09d137
ec1f71
150faa
f2b117
ff2ea5
0e210a
eaafc0
134f5d
f76143
fa4eb0
1190cc
ea5012
104f19
fc7157
f58ed3
145085
eb4066
0c4ee1
01715c
f14f02
158033
ed20af
07deba
06914b
edff40
158fe1
f050f4
02eea8
0b5128
eb9f85
14bf91
f43124
fdaea4
0f70f7
ea5fda
125f47
f9014b
f88eb6
1290b5
ea802a
0f3f06
fdf15b
f3fedf
14c06a
eba07b
0b1ed5
034158
f02f12
15c019
ee00c7
066eb1
081143
ed0f59
159fc8
f16101
014ea3
0cb11b
eb6fa0
141f79
f59134
fbeeaa
1080e2
ea5ff3
116f30
fac152
f71ec1
13509d
eaa045
0e0ef3
ff9159
f29eed
152051
ec5094
099ec7
04e154
eeff26
15f001
eef0dc
04bead
09c139
ec3f6d
150fae
f2f113
ff7ea4
0e110c
eacfbb
137f5d
f7113f
fa9ead
1190ce
ea600d
10af1c
fc5155
f5becd
13f086
eaf063
0c9ee3
01515b
f16efe
15a038
ed30ad
081ebb
06a14e
ee2f39
15bfe6
f010ee
031ea5
0b112c
eb9f87
14bf93
f43124
fdfea6
0f20f9
ea7fd3
128f49
f8a146
f8ceb5
1280b8
ea602a
0f5f07
fdf15b
f43edd
14c06e
ebb07c
0b3ed5
02f158
f03f12
15c01d
ee00c2
067eb3
081145
ecef51
157fca
f14100
016ea5
0c811b
eaffa3
143f78
f58132
fc3eaa
1080e5
ea4ff2
118f32
fa6151
f72ec2
1360a3
eaa043
0e0ef5
ff615c
f2eeec
151055
ec4093
09aec8
04b155
eeff28
15e001
eef0dc
049ead
09a139
ec5f6d
153fae
f29113
ffbea3
0e010e
eadfbb
136f61
f7313e
fa6eaf
1180d3
ea300f
106f1c
fc3156
f5cece
13f08a
eb005e
0c9ee5
016158
f18efe
156038
ed00ac
07eebc
06314e
ee1f3d
15cfe4
f020ed
031ea6
0b012e
ebbf86
14df95
f45126
fe0ea5
0f20f9
ea6fd6
128f48
f8b147
f8eebb
1280b7
ea5029
0f5f06
fdb15b
f3fedb
14c06b
eb907a
0b2ed6
030159
f02f11
15b01b
ee00c1
066eb3
07f143
ed0f55
158fc9
f14102
017ea5
0c811c
eb0f9f
143f7a
f5a133
fc3ea9
10a0e4
ea4ff4
118f2f
fa814f
f73ec2
13709d
eab046
0e0ef5
ff915f
f2ceee
150050
ec7092
09aec8
04c152
eeff25
15afff
ef00dd
048eac
099138
ec4f6f
153fab
f2d116
ff9ea5
0de10a
eaefbe
135f5d
f73141
fa7eb1
1190cd
ea500f
108f1b
fc3159
f5bed0
140085
eb2065
0c6ee3
01a15c
f13eff
158033
ed40b0
07eeb6
06914c
edef3f
15afe2
f040f0
02cea8
0b912b
eb9f88
14bf8f
f43125
fdbea5
0f70f6
ea8fdd
126f44
f8f14c
f89eba
12c0b4
ea902f
0f4f05
fe115b
f3fedc
14e06b
ebd07d
0aeed2
03815a
efef13
15b018
ee30c6
064eb4
083142
ecef56
156fc6
f18104
011ea4
0cd119
eb0fa4
13ef76
f5f134
fbcea7
1080e2
ea5ff8
115f2d
faf151
f6dec4
13909a
eab04b
0daef1
ffe15c
f28ef0
15604d
ec909b
093ec6
053152
eecf2d
15eff7
ef40de
046eac
0a2134
ebff77
151fa8
f3111b
ff1ea3
0e4107
ea9fc5
132f5a
f79141
fa2eb2
11c0c9
ea2016
104f14
fcb158
f54ed1
14207b
eb3067
0c2edc
01d15b
f0ff07
159030
ed80b5
076eb7
07014a
edcf42
15bfdc
f090f4
026ea7
0bb126
eb8f91
149f8a
f4c129
fd3ea5
0fc0f1
ea3fdf
125f3f
f9914c
f80ebc
12b0ad
ea7036
0eff01
fe915c
f38ee1
150062
ebf085
0a5ed0
03f157
efcf1b
15d00d
ee80cc
059eb0
08d13d
ecdf5e
154fbd
f2210b
008ea4
0d6113
eaefac
13af70
f66135
fb6eae
1110d9
ea6000
112f26
fb1152
f64ec8
13c094
eaf053
0d4eed
00715b
f20ef6
157045
ecd0a2
08aec3
058153
ee9f32
15dff2
ef90e6
03dea9
0a812f
ebdf7b
14df9f
f3911b
febea5
0eb102
ea9fc9
12df50
f83144
f9beb3
1210be
ea6020
0fcf0c
fd3159
f4aed9
14a078
eb8070
0bcedc
02615b
f0af0b
15b024
edb0ba
071eb7
079149
ed5f4a
158fd2
f0f0fb
01dea6
0bf122
eb3f98
146f81
f5212a
fcbea6
1040ea
ea6fed
11cf36
fa114f
f79ebf
1320a7
ea8041
0e5ef8
ff515a
f2fee8
152057
ec408d
09dec9
047157
ef4f21
15f006
eef0d8
050ead
09513c
ec7f68
156fb0
f29116
ffdea6
0dd10e
eadfb7
137f65
f6e13e
fa9eb0
1180d0
ea100b
108f1c
fbf155
f5becf
13f08b
eb105c
0caee6
01515d
f18ef7
15a03a
ed00ae
085ebd
06514e
ee2f3c
15cfe6
f020ed
032ea7
0b312f
ebaf85
14ef94
f40124
fdbea7
0f50f9
ea8fd6
129f47
f8d149
f8deb8
12b0b8
ea302a
0f4f06
fe115a
f42edf
14c06a
ebd07c
0b1ed4
034157
f00f12
159018
ee30c6
065eb3
085142
ecff54
157fc7
f18105
012ea5
0cc119
eaffa6
13ef73
f61132
fbbeac
10c0e0
ea1ff7
115f2e
faa153
f6fec4
13809b
ead048
0daef1
00015e
f27ef0
15604c
eca09a
093ec8
052155
eedf2d
15bff8
ef40dd
042eaa
0a2134
ec4f74
150fa9
f34118
fecea5
0e5105
eaafc3
135f58
f7c143
f9feb2
11c0c5
ea5016
0fff13
fca15a
f51ed4
14907b
eb406b
0beee0
02215a
f0ef03
15802d
ed80b8
075eb6
072148
edaf47
15cfd7
f0d0f6
023ea6
0bd125
eb5f91
146f86
f4e12c
fd2ea9
1020ed
ea2fe4
11ff39
f9814c
f7cebc
1310a9
ea5037
0e8efa
fec15a
f32ee5
151060
ec0086
0a7ecd
04215a
ef7f1d
15b00c
eea0d3
055ead
09113c
ecaf64
154fb5
f2410f
000ea4
0d810f
eacfb2
13df69
f6c139
faeead
1130d4
ea4003
10bf22
fb9157
f61ecb
13e08d
eb2059
0ceee7
00f15c
f1defa
15603d
ece0a9
086ebd
06014f
ee4f39
15afea
efe0ee
035ea8
0ad12c
ebcf81
14cf96
f3f122
fe2ea2
0f10fb
ea8fd4
12bf4a
f8c146
f91eb8
1260b9
eaa027
0f4f0a
fda15a
f46edc
148072
eb9079
0b2ed4
02f157
f04f10
15c01b
ee10c6
066eb0
080143
ed0f55
159fc8
f19105
017ea6
0c911c
eaefa1
144f77
f5d135
fbdeac
1090e6
ea7ff7
11bf2b
fa9150
f6eec4
13709d
ead04a
0ddeef
ffe15b
f29ef1
152048
ec9098
095ec8
051152
eedf2a
15dffa
ef50de
045ead
0a1135
ec3f73
151fa8
f32118
ff1ea0
0e5107
ea8fc1
130f59
f7b143
f9feb1
11c0ca
ea3017
0fff16
fc8158
f53ed1
14407c
eb3067
0c1ede
01f15a
f0df04
15802b
ed60b7
075eb8
07014b
ed8f47
15bfda
f0b0f7
025ea6
0bc126
eb6f95
146f86
f4e12b
fcfea8
0fb0ee
ea4fe2
11ef3e
f9a14d
f7eebb
12e0ab
ea8038
0e9efb
fef15b
f37ee3
15105f
ec408a
0a4ecc
040157
ef8f1e
15b00d
ee90d2
055eaf
093139
ec7f62
157fb6
f2410c
004ea4
0d9111
eadfb2
13bf65
f6d13d
faeeac
1150d5
ea4005
10af1f
fbc156
f61ecb
13f08d
eaf057
0cdee2
01015a
f1cefd
15803e
ecc0a8
084ebc
06214c
ee3f38
15cfe6
efd0ec
031ea6
0af12d
ebbf81
14ef95
f41123
fe4ea8
0f00f8
ea6fd5
127f4b
f8d149
f8eebb
1290bb
ea5029
0f3f05
fdf15a
f44ede
14b06b
eb9078
0b0ed2
03215b
f00f13
15a01a
edf0c7
063eb2
080143
ed1f58
158fc6
f1a105
012ea7
0cc11a
eaffa3
13ef77
f5d132
fbeeaa
10a0e2
ea4ff4
113f2e
fae153
f6fec7
13709d
eae04d
0dbef2
00115b
f25ef1
15304e
ec709b
094ec4
054151
eeaf2c
15bff8
ef60e2
044eae
0a3133
ebef76
14ffa4
f33119
fefea4
0e5104
ea6fc9
130f56
f7f142
f9deb2
1200c5
ea7019
0fff12
fcd158
f4eed5
14507a
eb306c
0bdeda
02215b
f0df08
15a029
ed50b8
074eba
077149
edaf47
158fd7
f0c0f9
021ea3
0bf122
eb6f94
146f87
f4e12b
fceea9
1010ec
ea8fe5
11cf3a
f9c150
f7dec2
1320a7
eab03a
0e8efb
fee15b
f32eea
150059
ec308c
0a0ecd
046154
ef6f20
15a005
eec0d3
04feae
09513b
ec4f68
152fb4
f24112
fffea3
0de10b
eabfb7
13af63
f6c13c
faceaf
1150d2
ea400b
10bf1d
fc2151
f5decc
140089
eb105c
0cbee4
01315d
f17efc
159038
ed00a9
07febe
06614c
edef3d
15afe7
f000ef
02dea7
0b412b
eb8f89
14df91
f45123
fdaea4
0f50f7
ea7fd7
126f47
f9014b
f8eebb
1290b2
eaa02d
0eff04
fe015a
f3eee0
14a068
ebc07e
0abed1
036156
efef14
15f017
ee50c8
05feb4
086144
ed0f5c
159fc3
f1c107
00eea2
0cf118
eb1fa8
13bf70
f64135
fb9eaa
10e0e0
ea3ffd
111f29
fb3153
f6aec9
13b094
eae04e
0d7eef
00615c
f21ef1
158045
ecc0a0
08fec2
059153
eeaf31
15cff2
efc0e4
03feaa
0a3135
ebff7a
14cfa1
f3811f
feaea4
0ec101
ea6fcb
12ef51
f83146
f96eb5
1220c3
ea6021
0fdf10
fd3158
f4aed8
147078
eb6071
0bced9
02815a
f0af0a
15b025
edb0bc
06feb4
079148
ed3f4b
159fd2
f100fe
01bea2
0c3120
eb2f98
142f80
f5612f
fc8ea7
1010e7
ea3fec
11cf34
fa2150
f76ec1
1350a3
ea9042
0e4ef5
ff615c
f30eeb
152057
ec2091
09aec6
046156
ef1f24
15c000
eef0d9
04aead
099138
ec8f6c
151fac
f29112
ff8ea4
0e310d
eabfbb
134f5f
f7013f
fa3eb2
11a0ce
ea400f
106f18
fc3158
f59ed0
144083
eb2062
0c7ee4
01815a
f13f01
159033
ed50b1
07ceb9
06a14b
edef40
15afe0
f050f3
02beaa
0ba12a
ebaf8d
149f8c
f4a126
fd3ea8
0f90f5
ea9fdb
124f41
f9614e
f84eb9
12f0ae
ea5033
0ebf02
fe715b
f38ee1
14e064
ebd084
0acece
03e155
ef8f18
15c00e
ee80ce
058eaf
08b13f
ecdf5d
156fbd
f1f10b
007ea4
0d8114
eabfb0
13cf6b
f67139
fb5ead
10e0d9
ea4002
10ef25
fb5157
f62ec6
13e090
eaf053
0d0eed
00915d
f1eef6
15a044
ece0a5
089ebf
05e151
ee6f34
15dfed
efc0e8
039ea5
0ab12e
ebdf7e
151f99
f3c121
fe3ea7
0ee0fc
ea5fd0
12bf4c
f89144
f8feb7
1240bd
ea3027
0f8f0d
fd915a
f47ed8
149070
eb8076
0b6ed4
02b158
f04f0f
15b01f
ede0c2
06aeb5
07d146
ed2f50
157fcd
f16101
015ea5
0c811d
eb2fa0
141f7b
f5b131
fc5eaa
1070e4
e9dff2
117f2e
fa8150
f70ec5
13609d
eaa045
0dbef4
ffd15d
f2aeef
154050
ec3095
095ec6
04e153
eeff2a
15cffc
ef50dc
049eae
09f136
ec2f6e
151fa9
f3011b
ff5ea5
0e4108
eacfc2
131f5b
f76143
fa0eb1
11b0c8
ea3014
103f16
fca159
f54ed3
14607c
eb5069
0c1ee0
02115b
f11f05
15902e
ed50b6
079eb9
070147
edaf44
159fdc
f080f7
025ea6
0bd126
eb5f91
147f84
f4d129
fcfea9
0fc0f0
ea4fe6
121f3d
f9b14d
f81ebe
12f0ac
ea8038
0e7efe
fed15b
f33ee7
14e060
ec0088
0a4ecc
040156
ef9f21
15b00b
eea0d0
057eaf
090138
ec8f65
155fb7
f25110
000ea4
0d610e
eaafb5
138f69
f6813c
faeeae
1150d4
ea5007
10af23
fbc156
f60eca
14108c
eb305a
0cfee9
00e15b
f1befa
15803d
ecd0a8
085ebe
06414e
ee2f39
15efe9
eff0ec
033ea7
0b112b
ebcf83
14bf95
f40121
fe2ea4
0f30f8
ea3fd6
128f48
f8d147
f8beb8
1270b7
ea5028
0f4f09
fde15a
f43eda
14a06e
eba07a
0afed5
030156
efff13
15b018
ee10c6
065eb2
082144
ed1f55
156fc5
f1a102
011ea4
0cf118
eb0fa4
13ef73
f5e135
fc0eab
10a0df
ea0ff4
115f2c
fad155
f6fec4
136099
eab04d
0dcef1
fff15b
f26ef1
152049
ec5096
090ec3
055151
eedf32
15cff7
ef80dd
042eaa
09e132
ec0f73
14dfa6
f3311d
ff0ea4
0e6103
eabfc7
12ff59
f7c140
f9aeb1
11e0c9
ea3019
0fef10
fd0157
f52ed7
14807d
eb706d
0beedd
020159
f0af06
15802c
ed90b6
072eb6
076148
ed9f49
15bfd5
f0d0fb
021ea6
0bf123
eb2f94
147f84
f5012e
fccea7
0ff0ec
ea6fe7
11ef3a
f9e14e
f7bebc
1300a7
ea903a
0e6efb
ff215a
f34ee7
15005b
ec1089
0a0ecc
045157
ef6f21
15b008
eed0d3
053ead
09513b
ec9f66
154fb4
f28110
fffea3
0da10e
eaafb6
139f66
f6e13b
fabeaf
1140d3
ea400a
10ef1d
fbe154
f5eece
141088
eae05c
0caee6
01115d
f15efa
156036
ed20aa
082ebf
06214d
ee3f39
15bfe5
f010ed
033ea8
0b0128
ebbf85
14bf92
f44125
fdeea4
0f00f7
ea6fd7
127f45
f8e149
f8aeb6
1290b5
ea702a
0f2f06
fe015b
f42ede
14c06c
eba07e
0b0ed6
034157
efdf14
15c01a
ee00c5
063eb3
083145
ecef59
156fc5
f1b104
00fea2
0ce118
eb1fa7
13ff72
f64133
fbeeaa
1080df
ea1ffb
115f2a
fae154
f6dec5
137099
eaa049
0d9eef
00415d
f26ef2
154049
eca09d
093ec6
051154
eecf2f
15eff9
ef60e2
044ea9
0a4135
ebef76
151fa4
f3411c
feeea5
0e5101
ea9fc9
130f56
f7b144
f99eb3
11d0c7
ea2019
0fdf12
fcf15a
f4ded5
14507c
eb506e
0baeda
022159
f0cf08
15702a
edb0b8
071eb8
071149
ed7f48
159fd5
f100f9
020ea5
0bf123
eb5f96
144f85
f5212b
fcfea9
1000ee
ea4fea
120f3c
f9e14f
f7debe
1320a8
eab038
0eaefb
ff015b
f34ee6
14f05e
ec308a
0a2ecf
042157
ef5f20
15d007
eec0d4
053eae
09413f
ec8f68
154fb5
f2310e
000ea5
0d810d
eaefb7
134f65
f6d13d
fabeaf
1130d3
ea4009
10af1f
fbd155
f5eeca
13d08a
eb205d
0cdee5
01115c
f19efc
15703b
ecf0ac
082ebd
06214e
ee2f3b
15afe7
f010eb
035ea8
0b012e
ebdf82
14bf97
f3f120
fdfea6
0f50fb
ea5fd7
128f49
f8d149
f8ceb7
1270ba
ea902a
0f2f08
fdf157
f40edc
14a06c
eba07a
0b3ed5
030156
f01f0e
15b01a
ee00c7
062eaf
080145
ed1f56
158fc6
f18106
012ea4
0cd118
eaffa3
141f78
f5d133
fbdeac
1090e1
ea5ff6
116f30
fa9152
f70ec6
13409b
eac049
0ddef3
fff15b
f28ef0
15404f
eca099
095ec4
053153
eebf2b
15dff9
ef60de
047ea9
09e135
ec0f74
14ffa6
f33118
ff4ea5
0e7108
eaafc3
133f59
f7a141
fa0eb1
11e0c9
ea3012
103f14
fc9159
f55ed2
14307e
eb6067
0c2ee2
01b15a
f13f04
15b02f
ed50b6
077eb9
07114a
edcf44
159fdb
f090f5
024ea9
0bb128
eb6f8f
147f8a
f4f128
fd4ea6
0fd0f2
ea5fe2
120f3b
f9814e
f82ebb
12e0ad
ea7033
0ebeff
fe915a
f3aee2
14d061
ebe087
0a7ecd
03d156
efbf1a
15c00e
ee70cf
05beb0
08e13c
eccf5f
153fbc
f2210e
005ea4
0d5115
eacfad
13cf6b
f6913a
fb4eac
1120db
ea3001
110f25
fb5152
f63ec6
13c093
eae052
0cfee9
00b15c
f1eef8
155044
ecc0a3
087ec2
05d151
ee4f34
15bff0
efd0e6
03aea8
0a9134
ebef7a
14ff9c
f3b11b
fe4ea6
0eb0ff
ea7fcf
12cf50
f86142
f96eb8
1220bd
ea7022
0fdf0d
fd4159
f49ed9
148074
eb7071
0b9eda
02815a
f09f0c
15b022
edd0bb
06deb7
07b148
ed4f4f
157fce
f0d0fc
01bea3
0c2122
eb3f9a
142f80
f5512f
fcaea8
1030e8
ea3fed
11bf36
fa114f
f78ec0
1310a4
eac03e
0e7efa
ff515e
f2fee9
153059
ec008e
09eecc
046156
ef3f23
15d005
eee0da
050eaf
095137
ec5f6c
154fb0
f26113
ffdea4
0dd10a
ea9fb9
139f61
f7013e
fa9ead
1170d4
ea600a
10af20
fbe156
f5fecd
13e089
eb205e
0c8ee4
01015a
f1befd
156038
ecf0ab
083ebd
06514d
ee0f3a
15bfe7
efe0ed
035ea6
0b312c
eb9f86
14df93
f43122
fdcea6
0f50f8
ea4fd7
12bf48
f8b14a
f8deb8
1290b4
ea602c
0f3f04
fe015b
f44edf
14906b
ebb079
0b3ed6
031158
f02f13
15b01a
ee20c3
065eb1
080145
ecff56
158fc8
f18102
013ea6
0c811a
eb0f9e
13ff78
f59132
fbfea9
1060e1
ea6ff2
118f30
fa8153
f72ec2
1340a0
eaa048
0deef2
ffa15b
f29eee
154052
ec5097
098ec7
052153
eeff29
15cffd
ef30dd
049eab
097135
ec2f6f
14ffaa
f2b114
ff7ea5
0e1109
eabfbe
135f5b
f7813e
fa1eb2
11b0cb
ea3011
102f17
fc5158
f5aece
141083
eb3063
0c4ee2
01715a
f14f00
15a033
ed30b3
079ebb
06914d
eddf3f
15efe0
f050f3
030ea7
0b5127
eb7f8b
149f8e
f45126
fdcea4
0f60f6
ea4fda
126f43
f9314a
f85ebb
1280b3
ea602f
0eff06
fe215a
f3eee1
14e067
ebd07f
0aded5
034158
efff13
15a016
ee30c8
062eb3
087140
ecff59
157fc4
f1f107
00eea1
0cf118
eadfa9
13df74
f5f135
fbcea9
10a0df
ea2ff8
114f2c
fae154
f6cec4
138099
eab04b
0dbeef
fff15c
f26ef1
15204d
ec7098
098ec5
051155
eeef2c
15eff9
ef60df
044ea8
09d137
ec2f72
151fa7
f32118
ff6ea1
0e4108
eaafbf
131f5a
f7c141
fa4eb1
11e0ca
ea2014
106f17
fc7155
f55ed1
143080
eb5067
0c2ee0
01e15a
f12eff
15602f
ed50b3
078ebb
06c14b
edcf43
15afdd
f070f5
02aea5
0ba12a
eb9f8d
149f8f
f49126
fd7ea3
0f80f3
ea6fde
124f40
f9614a
f87eb9
12d0b5
ea8030
0ecf00
fe415b
f3dedf
14a066
ebe081
0acece
036158
efdf17
15b013
ee40c8
060eaf
08913e
ecdf5a
157fc3
f1d105
00fea2
0d1118
eb2fa6
13ff72
f60136
fbaeac
10c0de
ea4ffd
112f29
faf154
f6aec4
137097
eaa04b
0d9ef2
fff15e
f24ef1
153048
ec809b
092ec3
052151
eeaf2b
15bff9
ef10e1
045eaa
0a0135
ec2f70
14ffa6
f33117
ff3ea3
0e5107
eaafc1
131f57
f7b142
fa2eb2
11c0ca
ea5015
105f17
fc8155
f55ecf
143082
eb4065
0c3ede
01d158
f12f04
158031
ed20b2
07aebb
06d148
edcf41
159fdc
f070f5
02aea7
0bb12b
eb9f8c
148f8d
f48127
fd8ea8
0f70f4
ea4fdc
121f41
f9314b
f87ebb
12d0b2
ea8031
0eff05
fe415a
f3dedf
14c065
eb9081
0abed3
035158
efff14
15b016
ee20ca
062eb2
086140
ecef57
158fc3
f1b105
00fea1
0cd117
eb0fa7
140f75
f60137
fbfea9
10d0e0
ea3ff8
112f2f
fac151
f6cec4
136099
eae049
0dcef2
ffe15d
f29ef2
15404f
ec7097
096ec5
04e152
ef0f27
15bffc
ef30dc
04aead
09e134
ec2f6e
151fac
f2f117
ff9ea4
0e0107
eaafc1
131f5e
f7413f
fa6eb2
11a0cb
ea4012
105f19
fc6158
f59ece
143083
eb4061
0c9ee2
01715d
f12f01
158033
ed30a8
07debc
06814c
ee0f3f
15afe3
f030f1
031ea5
0b412a
ebaf89
14bf91
f43126
fdcea4
0f30fa
eaafd8
127f45
f8e14a
f8beb6
1280b8
ea5029
0f5f06
fe015b
f43edb
14906d
eba078
0b2ed3
032159
f03f12
15a01c
ee00c5
068eb2
082141
ed1f53
155fc8
f17104
016ea3
0c611b
eaef9e
141f7a
f5812e
fc1eaa
1060e6
ea6ff1
11af33
fa3151
f74ec2
1340a1
eac046
0e0ef8
ff615a
f2deea
152054
ec6090
09ceca
046156
ef2f24
15b002
ef00d8
04feac
09a138
ec6f6a
155fae
f25112
ffdea6
0de10d
eaafb8
135f64
f6f13e
fa9eaf
1180d3
ea300b
10cf1d
fbd154
f5decc
13d08b
eaf05b
0cdee8
00f15d
f1aefb
15703c
ecf0a9
089ebe
05e14f
ee3f38
15afe8
efe0e9
037ea9
0ae12d
ebbf7f
14cf9c
f3b11f
fe2ea5
0ee0fb
ea8fce
12bf4f
f86148
f95eb5
1210c0
ea7023
0f9f0d
fd415a
f4deda
147076
eb8075
0bbedb
02815b
f0af0c
15b026
ed90bd
071eb6
077147
ed6f4c
15bfd0
f0c0fa
01fea4
0c0121
eb6f97
145f88
f5112d
fccea6
0ff0ee
ea5fe4
121f3a
f9b14c
f80ebd
12f0a9
eaa037
0e9efe
fed15a
f35ee4
14f05f
ec0087
0a6ecf
03e158
efbf1e
15b00d
ee90cf
058eb0
08d13e
ecbf60
155fba
f1d109
008ea2
0d3114
eb1fad
13cf6b
f64136
fb7eac
10d0da
ea2fff
114f27
fb3155
f6bec7
13c095
eab050
0d7eef
00715b
f25ef5
15504a
ecc09b
091ec3
057152
eebf2f
15cff8
ef70e0
045ea7
0a2134
ec1f73
14ffa7
f3311b
ff4ea3
0e5105
ea9fc3
132f5b
f7b142
f9eeb0
11e0ca
ea5016
102f18
fc7159
f56ed2
141084
eb4065
0c7ee2
01b15b
f13f01
158031
ed50b1
07cebf
06c149
ee0f3f
15bfde
f050f0
02bea9
0b7129
eb8f8b
149f91
f44123
fddea5
0f50fa
ea6fd9
126f45
f8e148
f87ebb
1280b7
ea802c
0f3f04
fe0159
f42edf
14b06c
eba07c
0b5ed4
02f159
f00f13
15901d
ee00c2
068eb2
080144
ed1f55
156fc8
f16103
017ea5
0c711e
eb3f9c
142f7a
f58131
fc4ea9
1060e6
ea6fef
11cf32
fa114f
f74ec0
1320a3
ead043
0e2ef8
ff5160
f31eea
154057
ec4091
09eec8
045155
ef4f22
15b007
eed0d6
050eae
09413e
ec5f65
154fb7
f23111
002ea6
0d8111
eacfb2
13bf65
f6a13d
fb1eac
1140d7
ea6004
10df23
fb9155
f65ec7
13d092
ead055
0d3eeb
00915b
f21ef7
156044
ece0a3
08eec1
05b151
ee6f31
15aff2
ef80e8
03feaa
0a5131
ebef7a
152fa1
f3611c
feaea3
0e7103
eacfc6
130f58
f7d143
f9beb3
11f0c6
ea5017
101f13
fce157
f52ed3
14307f
eb3067
0c2edc
01e156
f10f02
15d030
ed40b2
07aeba
06e147
edbf40
15bfdc
f090f2
028ea8
0b6129
eb6f8d
149f8e
f45125
fd8ea8
0f80f6
ea6fdd
123f43
f9114b
f86eb9
1280b6
ea602f
0f2f07
fdf15b
f42ede
14c06b
eba07a
0afed5
032158
f00f10
15d018
ee10c4
066eb0
081142
ed0f55
158fca
f15103
016ea4
0c711c
eb3f9b
140f7e
f5b130
fc2eaa
1070e7
ea3ff3
11af34
fa614f
f77ec0
1330a3
eaa041
0e2ef9
ff115c
f30ee8
151057
ec3090
0a0ecc
044154
ef5f1e
15e006
eef0d3
050eac
09513c
ec8f65
153fb5
f2310f
001ea4
0d9112
eacfb1
139f68
f6a13c
fb0ead
1100d9
ea2000
10ff26
fb7151
f66ec9
13a094
eaf054
0d4eed
00915d
f20ef6
156047
ecb0a3
090ec0
05814f
ee7f30
15eff5
efa0e4
040ea8
0a3134
ebef73
150fa6
f35119
ff2ea4
0e7105
ea8fc7
131f59
f7a140
fa0eb3
11d0c9
ea5015
100f17
fc8156
f53ed0
144081
eb2065
0c5edf
01a15a
f16f01
158032
ed10af
07aebd
06914b
edff3f
15cfe2
f040f1
02eea5
0b3128
ebaf87
14bf91
f43123
fdeea3
0f60f9
ea8fd8
126f47
f8a149
f8feba
1270ba
ea6025
0f7f0b
fdb159
f46eda
14a070
eb8075
0b4ed7
02d159
f05f0e
15b021
ede0be
06ceb5
07a147
ed5f4e
159fd0
f130fd
01eea6
0c4120
eb2f98
148f83
f5112d
fcaea7
1000ea
ea2fe8
11ef38
f9d14e
f80ebe
12f0ab
ea7038
0e9efb
fed15e
f38ee2
15005d
ebe085
0a7ece
03d15a
efaf1a
15b012
ee80cf
05aeae
08a140
ecdf5b
156fc0
f1e106
00eea5
0d0118
eb0fa9
13ef70
f62137
fbaea9
1090dc
ea6ff9
113f2d
faa152
f6fec6
137099
eab04c
0dcef3
ffe15d
f29eef
15304e
ec4098
09bec7
050155
eeff28
15bfff
ef40dc
049eae
09a139
ec6f69
153fad
f2c115
ffbea3
0de10c
eaafbc
135f61
f6e13d
faceb1
1140d4
ea4009
108f20
fbf156
f5fecd
13e08c
eb005a
0d1ee7
01015a
f1def9
15603e
ecc0a4
089ec0
05e151
ee4f34
15cfef
efb0e6
03aeaa
0aa130
ebef7c
150fa0
f3711c
fe9ea2
0ea102
ea8fc8
130f54
f80141
f9beb5
1200c7
ea4019
0fef14
fcd15a
f51ed2
14807e
eb7069
0c1edc
01d159
f11f03
15902e
ed70b2
077eba
06d14c
eddf40
15bfde
f080f4
02cea6
0b812a
eb7f8b
14af8e
f43128
fdbea8
0f40f8
ea5fd5
128f46
f8f149
f89eb8
1270b6
ea5027
0f3f0a
fdc15b
f42ede
14a06d
eba07b
0b4ed7
02e157
f02f10
15b023
ee00c1
06deb6
07b145
ed2f4f
157fce
f12100
01bea6
0c611d
eb3f99
140f7f
f5312f
fccea9
0ff0ea
ea3fea
11ef3b
f9d14c
f7bebf
1300a8
ea803b
0ebefc
ff0159
f35ee7
14e060
ebc089
0a7ecd
03d156
efdf1b
15b011
ee40d0
05ceb1
089140
ecef59
154fbf
f1c108
00aea3
0d1116
eaefa8
13df70
f5e136
fbbeaa
10b0e3
ea4ff5
115f2c
fad153
f6eec4
13709e
eaa048
0dfef2
ffb15b
f2ceee
151050
ec5094
099ec9
04c155
eeff26
15c003
ef10d9
04deab
09513a
ec6f6d
151fb0
f29111
ffeea4
0d9111
eaefb5
136f66
f6f13c
faeead
1130d4
ea5004
10df23
fba157
f62ecc
13e08d
eaf055
0d3eec
00a15d
f1eef5
155044
ec90a1
08fec1
05614f
ee7f2f
158ff1
ef80e3
03fea9
0a3133
ebef76
152fa6
f3011a
fedea3
0e6106
eaafc4
132f5a
f78141
fa2eb2
11b0c8
ea5010
104f1c
fc8158
f56ecf
142084
eb2066
0c6ee4
016159
f14eff
159037
ed10ae
081ebb
06514a
ee1f3a
15dfe5
eff0ed
034ea8
0b012b
ebdf84
14df96
f3f121
fe0ea7
0f10fd
ea6fd3
12df4d
f87147
f94eb4
1220be
ea501f
0f9f10
fd4157
f4aed6
147074
eb5071
0bbedd
02215f
f0bf0a
15a027
ed90b9
073eb9
074148
edaf48
158fdb
f0b0fa
025ea4
0bc126
eb7f91
149f8c
f49127
fd4ea8
0f60f1
ea4fde
124f42
f93147
f86eb9
12b0b4
ea702f
0f3f07
fe215a
f3fedd
14c06b
eb807a
0b2ed8
031159
f03f0f
15d01c
ede0c4
066eb1
080146
ed3f50
158fcb
f150ff
018ea5
0c711f
eb3f9b
141f81
f55132
fcaea7
1030eb
ea4feb
11af37
fa114d
f7aebe
1320aa
ea803b
0e8efc
fec15d
f38ee5
14e061
ebf087
0a2eca
040156
efcf19
15d00e
ee70ca
05beaf
08913e
ecff5d
157fc0
f19108
00eea1
0ce117
eb0fa5
13ff74
f5c134
fbfeac
10a0df
ea3ff5
114f2d
faa150
f73ec4
13409c
ea9048
0dcef9
ff915c
f2beec
154056
ec3093
09bec8
04a156
ef6f26
15b002
eed0d9
04eeac
096138
ec7f67
155fb5
f26111
001ea2
0d7110
eacfb1
137f68
f6913a
fb1eab
1110d8
ea2001
110f24
fb7153
f67ec8
13a093
ead050
0d2ee9
00415c
f23ef4
155049
ec709c
091ec3
05714f
eecf2f
15dff8
ef20de
046ea6
0a0135
ec5f71
152fa8
f30118
ff6ea3
0e210b
eabfbc
134f5e
f7213f
fa6eae
1180ce
ea400d
109f1f
fc1158
f5eecd
13e08a
eb205d
0ceee6
00c157
f1fefb
15503e
ece0a2
085ec0
05c14f
ee5f36
159fec
ef90e8
03beab
0ab12e
ebff7a
150fa0
f3811d
fe7ea2
0ea100
ea8fc8
130f57
f7d140
f9eeb3
1200c9
ea6017
0fff16
fcb159
f53ecf
146080
eb3065
0c7ede
01a15a
f12efe
158030
ed70af
07debb
06d14d
ee2f3c
15bfe4
f030f2
02fea6
0af12a
eb7f85
14af97
f3e123
fe0ea5
0f30fa
ea6fd3
12bf4e
f8a145
f94eb4
1270bd
ea6022
0f7f0e
fd8158
f4ded6
145077
eb6070
0bcedd
02415d
f0bf07
158028
ed80b5
073eb9
07214a
ed7f45
15afd5
f090f7
027ea7
0ba128
eb5f8c
146f8a
f49127
fd6ea5
0f80f5
ea5fdb
128f43
f9014a
f8aeba
1270ba
ea602a
0f0f05
fdd15a
f42ede
14b06f
eb907a
0b4ed6
031159
f06f0b
15b021
edd0c0
069eb3
07b145
ed4f51
15bfcd
f100fe
01dea5
0c1121
eb2f98
144f84
f5112d
fcbea7
1040ee
ea6fe5
11df3c
f9a151
f7debd
12e0b0
eab035
0ebf00
fe915b
f3dee3
14e063
ebf083
0a9ed0
038159
f00f16
15a017
ee20c6
062eb1
084142
ecff57
157fc7
f16102
015ea4
0c911e
eb3fa3
141f78
f5c130
fc3ea8
1040ea
ea5fee
11bf35
fa4152
f79ec0
1320a5
eab03c
0e5ef9
ff015f
f2fee7
15105b
ec0088
0a4ecc
040157
ef8f1b
16000c
ee80cf
057eaf
08e13e
ec8f60
156fbe
f1f109
00bea6
0cf117
eb0faa
13df73
f60134
fbbeab
10c0df
ea4ff8
115f2d
fab155
f70ec4
13409f
eab04a
0dfef6
ffa15e
f2beeb
154055
ec2091
09cec7
048156
ef2f23
15a005
eef0d6
051ead
09313b
ec7f64
156fb4
f2610e
004ea6
0d8112
eb0fb3
13af6c
f6a139
fb3eaf
10f0da
ea5003
112f29
fb5151
f67ec8
13c096
eae04d
0d8eef
ffe15c
f24ef3
15304b
ec709b
095ec6
04f151
eeef2c
15fffe
ef10dc
04beaf
09c137
ec4f6f
153fad
f2c112
ffaea3
0e010c
eabfbc
136f64
f70138
fadeae
1150d2
ea5006
10cf21
fba156
f60ec8
13e08f
eaf057
0d1ee9
00a15b
f1eef3
157042
ecc0a1
08dec4
058150
ee6f2e
15eff4
ef60e1
042eab
0a4134
ec2f75
151fa6
f35119
ff4ea3
0e5108
ea9fc4
133f5d
f7413f
fa4eaf
1190cd
ea5011
106f1b
fc2157
f5bed0
141086
eb005d
0ccee6
01515b
f1befb
15a03a
ed00a5
087ebd
05e14e
ee3f36
15dfec
efd0eb
03aea9
0a7130
ebef79
14ffa0
f3b11a
fecea7
0e8103
ea7fcb
12ef55
f80142
f9beb2
11c0c4
ea6015
103f18
fc815a
f56ed0
146081
eb4063
0c5ee2
01a15c
f14f00
156036
ed00ad
07eeba
06714c
edff3c
15bfe5
f030ed
033ea7
0b012d
ebdf83
14df96
f3e122
fe4ea5
0ed0fd
ea9fce
12ef4f
f83145
f95eb5
1210c3
ea501e
0fef10
fd0157
f4eed3
14607d
eb206d
0c1edb
01e15b
f10f02
159030
ed60af
07aebc
06e14b
eddf42
159fdd
f060f3
02cea6
0b512a
eb8f8a
14af93
f44121
fdcea6
0f50fc
ea8fd8
12cf4a
f89148
f91eb5
1260bc
ea5024
0f7f0c
fd615b
f48ed8
148075
eb706e
0b9eda
026159
f09f0c
15a028
ed70bd
074eb9
075148
ed5f46
159fd9
f0a0f6
027ea4
0ba123
eb6f90
148f87
f45129
fd9ea7
0f80f6
ea8fdb
125f44
f8e14a
f8beb9
1290b4
ea702b
0f4f06
fdd15b
f43ede
14906d
ebb076
0b4ed7
02d157
f04f0f
156022
edd0bd
06beb4
078147
ed8f4d
159fd1
f110fc
021ea8
0c1122
eb6f92
145f84
f4e12b
fd2ea8
0fe0f1
ea7fe2
121f3f
f9514a
f84ebd
12c0b1
ea5033
0eef05
fe415d
f3dede
14c066
ebb07c
0b0ed5
035156
f02f12
15b01a
ee00c3
065eb4
080146
ed1f52
159fca
f150ff
019ea5
0c3121
eb1f99
142f80
f5312c
fccea8
1020ed
ea5feb
11ff39
f9a14f
f7febe
12e0ac
ea7035
0e9efd
fe815f
f36ee3
14a062
ebf081
0abed0
039157
f00f16
158017
ee20c9
05eeb3
082143
ed0f58
158fc3
f19100
012ea5
0cb11d
eb0f9f
140f7a
f57132
fc6ea9
1020e7
ea2fee
119f36
fa0150
f7aebd
1300a7
eac03a
0e5efd
fef15b
f38ee6
15205f
ec0088
0a6ecd
03c157
efcf1a
15c010
ee40cb
05deb0
089144
ecef5b
156fc1
f1f108
010ea4
0ce119
eb0fa6
13ff76
f5c135
fc0eaa
10a0e5
ea2ff1
117f32
fa714f
f73ec0
1340a1
ea8041
0e4efa
ff6160
f2eee7
152056
ec408c
0a3eca
044154
efaf1d
15800c
ee90cf
057ead
08f13d
ecaf61
157fbb
f1e10c
009ea4
0d2116
eb1fac
13df6f
f62137
fbbeaa
10d0e0
ea4ff8
115f2c
fae151
f6fec3
13709e
ea9048
0deef6
ff915a
f2beec
152052
ec6093
09aec9
047155
ef3f22
15f006
eec0d3
052eaf
09013d
ecaf63
154fb6
f2210b
005ea6
0d7112
eabfad
13cf6a
f66135
fb3eac
10c0db
ea2ffd
10ef2c
fae152
f6cec4
13709c
eab04a
0d8ef1
fff15c
f28eef
15204e
ec8095
099ec8
04d154
ef0f25
15b004
ef10db
04deae
097139
ec3f66
157fb3
f27111
fffea3
0d9112
eacfb3
13bf67
f6c13c
fb0eaf
1130d9
ea4001
10ff25
fb5156
f6aec7
13b093
ead051
0daeee
00515d
f23ef1
15204a
ecb099
095ec6
052151
eeff2b
15cffc
ef30de
04aeab
09a13a
ec6f6e
154faf
f2b113
ffaea2
0dc10d
eaffb7
137f66
f6e13c
fafeaf
1150d5
ea0007
10ef22
fba154
f63eca
13c092
ead056
0d4eed
00915e
f21ef1
155045
eca0a0
091ec3
055152
eebf2c
15dff7
ef20df
044ea8
0a1137
ec3f72
152fa8
f2f115
ff6ea3
0e010a
eacfbb
134f60
f7113f
fa6eb0
1110d2
ea300b
106f1f
fbf157
f5dec9
13d08d
eaf057
0d0ee8
00b15b
f1def8
155040
ecc0a1
08cec1
059152
ee6f2f
15cff4
ef80e3
041eab
0a2132
ec4f74
150fa6
f32119
ff4ea2
0e4107
eaafbf
131f5e
f7413e
fa4eb1
11b0cf
ea400e
106f19
fc0157
f5decc
13c08a
eb005d
0ccee4
01015e
f1defb
15603d
ece0a6
087ec2
05d150
ee4f37
15dfef
ef90e7
03ceaa
0a7131
ebff78
14dfa1
f3611b
feeea3
0e8103
eaafc3
133f5a
f78142
fa2eb2
11d0ca
ea3016
101f18
fc3157
f55ece
143085
eb105f
0ccee3
01315c
f18efb
158039
ecf0aa
082ebe
06114e
ee3f36
15cfea
efd0eb
038ea8
0aa131
ebdf7e
14ef9e
f3811d
feaea5
0eb102
ea9fc8
130f57
f7d140
f9deb5
11d0c5
ea6016
103f18
fca157
f52ed1
147084
eb3062
0c3ee1
01715b
f14f03
159034
ed20ac
082ebe
06314d
ee3f3b
15bfe5
f020ed
034ea6
0ad12e
ebbf81
14ef9b
f3d121
fe7ea6
0eb0fe
ea6fc8
128f53
f83143
f9beb3
1210c4
ea5019
0fff13
fcd156
f51ed3
145080
eb2069
0c3ee0
01b158
f12f01
158032
ed70ae
07cebd
06814d
edef3c
15efe6
f010ef
033ea9
0b012d
ebaf83
14af95
f3e121
fe0ea6
0ef0fc
ea8fce
12df4e
f84146
f96eb8
1210c1
ea601f
0fef12
fcf156
f50ed4
14507b
eb306a
0beedd
01e15e
f0ff05
15802f
ed70b2
07aebb
06914f
eddf40
15afe0
f050f5
02cea5
0b612c
eb8f86
14af92
f45123
fddea5
0f30fb
ea5fd4
12bf4c
f88149
f91eb8
1250bf
ea6023
0f9f0d
fd215a
f4bed7
145078
eb506e
0baeda
023159
f0df05
15c02a
ed80b5
076eb8
07114a
ed9f44
159fde
f070f4
02aea6
0b6127
eb9f89
148f8e
f44125
fd8ea5
0f60f6
ea6fd7
128f4a
f8e146
f8feb9
1250bc
ea6026
0f5f0a
fd6159
f4aed9
146073
eb7073
0bced9
02815c
f0cf09
15a024
edb0b7
071eba
07314a
ed8f49
15bfd9
f080f7
027ea8
0bd123
eb7f8b
149f8c
f49127
fd7ea8
0f60f5
ea5fdb
127f45
f9114a
f89eb8
1270b4
ea8029
0f6f07
fdb157
f45ed9
14906f
eb8077
0b6ed6
02915a
f09f0a
15b027
edb0bc
073eb5
07714b
ed8f4a
15cfd4
f0a0f9
021ea7
0bc123
eb4f91
146f8a
f49127
fd3ea7
0f80f1
ea6fdf
124f44
f8f14a
f88eba
12a0b7
ea602b
0eff05
fe015d
f41edb
14706f
eba077
0b4ed7
02e15a
f04f10
15801f
edc0bf
06feb5
07a148
ed5f4a
159fd1
f0f0fb
01fea4
0c0122
eb5f94
144f84
f4c12a
fd2ea7
0fc0f1
ea4fe3
121f41
f9714c
f84ebc
12b0b0
ea5032
0eff04
fe3158
f3dee0
14906b
ebb07e
0b0ed5
02f157
f03f12
15a01c
edd0c1
06aeb5
07b144
ed4f4f
157fcd
f140ff
01bea5
0c1120
eb3f97
145f80
f5112e
fccea9
0ff0ee
ea5fe6
120f3e
f9914d
f82ebb
1310b0
ea5033
0ecf03
fe715b
f37ee4
14c064
ec007f
0abed3
035158
efff15
15d01c
ede0c5
065eb4
07d144
ed0f55
158fca
f18102
017ea7
0c5120
eb2f99
143f7c
f57130
fcaea4
1020e9
ea7fe8
11cf38
f9b14e
f7eebc
12e0a8
ea6038
0ebf02
fe815c
f39ee2
14e062
ebb085
0abed1
039158
efdf17
15b019
ee30c8
060eb3
081143
ed1f55
156fc5
f19105
013ea6
0c611b
eb1f9e
13ff7d
f55131
fc7eab
1030eb
ea5fed
11cf36
f9e14f
f7aebc
1300a6
ea803d
0e3eff
ff015c
f37ee4
14f060
ebe087
0a6ed0
03d159
efdf1a
15b012
ee60c8
05deb3
087140
ed0f5a
157fc3
f1a105
011ea4
0cb11a
eb0fa5
142f77
f5b131
fc2eaa
1070e4
ea4ff1
119f32
fa6152
f75ebf
1330a4
eaa03e
0e5ef9
ff015b
f30ee8
14d05c
ebe089
0a5ecd
03f157
ef8f1d
15d00d
eea0cd
058ead
08b13e
eccf5f
157fc1
f1d105
00fea3
0d0117
eaefa9
13ff72
f5e135
fbdea9
1080e3
ea4ff5
117f2e
fa9150
f71ec2
1340a1
eab043
0e3ef7
ff615b
f30ee9
14f057
ec208b
0a3ecb
044154
ef6f21
15c00d
eeb0d5
055eb1
08f13f
ec7f5f
157fba
f1d10a
00aea6
0d4117
eaffab
13ff71
f62135
fbaeaa
10a0e0
ea2ff7
117f2f
fac14d
f71ec4
13509e
eac048
0e1ef6
ffa15c
f2eeea
153058
ec2091
09cecc
044154
ef6f22
15e004
eeb0d5
053ead
09113b
ec6f64
153fb9
f2510c
003ea7
0d3112
eacfad
13af6e
f6313a
fb8eac
10e0db
ea2ffa
111f2c
fae150
f6eec6
13809a
eac04a
0daef1
ffd15b
f2aeee
152052
ec5091
09aec5
04a152
eeff27
15e001
eee0d6
050eac
09513d
ec6f68
152fb5
f2410f
000ea7
0d9110
eacfb1
139f6c
f6a139
fb4ead
1110da
ea5002
10ff27
fb2152
f67ec9
139096
eae04f
0d6ef0
00015d
f29ef0
15304e
ec809a
095ec5
050154
eeff29
15a000
ef20de
04beaa
09b13b
ec5f6b
154fae
f27112
ffcea5
0dd10f
eacfb5
138f66
f6a13b
fafead
1130d4
ea5006
10ef24
fb7153
f61ec9
13c092
ead054
0d1eec
00615d
f23ef2
155047
ec809c
08fec6
057153
eedf2d
15dff8
ef60df
049eac
09e137
ec1f6f
153fae
f2e113
ff9ea4
0e010a
ea8fb9
135f5e
f7113e
faaead
1180d2
ea4008
10bf1d
fbd155
f5fecb
14008d
eae056
0d0eea
00815c
f20ef7
157044
ecd09e
08eec4
058151
eeaf2e
15bff3
ef90e2
042eaa
0a1135
ec3f73
14efa5
f32118
ff1ea5
0e3107
ea8fbf
134f5e
f7113f
fa4eaf
1160cf
ea1011
105f1d
fbe156
f5cecb
13c08b
eb0062
0cfee6
01115d
f1cef9
153040
ece0a9
089ec4
05d14f
ee4f35
15bff0
efa0e4
03ceac
0a7131
ebff7b
14ffa1
f3711b
feeea3
0e8103
eaafc6
133f59
f7a142
fa1eb2
11b0c9
ea3010
105f18
fc5155
f58ed0
140085
eb105d
0caee5
01415d
f16efe
154039
ed00ab
082ebc
06114a
ee1f39
15cfea
efe0e9
03aea6
0aa132
ebdf7b
14cf9d
f38120
feaea6
0ea103
ea9fc9
130f54
f7f144
f9eeb1
11d0c6
ea5015
100f16
fcc157
f53ed2
144081
eb3066
0c2edf
01715d
f14f02
157035
ed10af
07febd
06914b
edef3b
15cfe5
f030eb
035ea6
0b012f
ebcf82
14ff96
f3f11f
fe7ea4
0f10fd
ea8fd1
12df4e
f83145
f98eb6
1210c2
ea401b
0fbf11
fd0159
f53ed6
14607a
eb406b
0c3ede
01c15c
f11f03
159032
ed60b4
079ebb
06e14d
eddf41
15afe1
f020f2
02fea7
0b5128
ebaf87
147f95
f43123
fdfea3
0f30fd
ea5fd3
129f4b
f89147
f91eb5
1250c0
ea4023
0f9f0c
fd5159
f4aed8
147075
eb6070
0bfedc
027159
f0ef0a
15a029
ed80b9
077eb8
073149
ed7f44
158fda
f070f6
02aea6
0b8128
eb9f8b
149f8f
f47127
fd9ea7
0f60f3
ea4fd8
126f47
f8e148
f8aeb7
1270b5
ea702b
0f5f09
fd9159
f46ed9
146070
eb7075
0b5ed7
02b15b
f0af08
15c024
edb0bc
06feb5
076148
ed6f4a
15cfd5
f0e0f8
025ea5
0bd124
eb4f91
146f88
f4d129
fd7ea8
0f70f1
ea7fdf
128f42
f9414b
f86eb9
12c0b0
ea702e
0f1f03
fe115d
f41edd
14c06e
eba07b
0b3ed4
03015c
f04f10
15a01e
ede0c2
069eb3
07c147
ed4f4d
158fd0
f140fd
01cea5
0c0121
eb5f9a
144f83
f5212e
fcfea9
0fe0ed
ea6fe6
11ef3b
f9a14d
f82ebc
12f0ae
ea6032
0ebf00
fe515d
f3aee2
150064
eba07f
0aced1
037159
f00f15
15d017
ee30c5
063eb3
07f141
ed1f57
157fca
f16101
015ea3
0c711e
eb2f9c
140f79
f5312f
fc6ea6
1010e8
ea3feb
11ff3a
fa214d
f79ebe
1320a8
ea8038
0e6eff
feb15b
f37ee5
15005d
ebb088
0a6ecc
03b157
efaf1a
15b013
ee60cd
05dead
08613f
ecdf5c
157fc1
f19107
00fea6
0cd11b
eb2fa5
13ef77
f5b133
fc0eab
1060e6
ea2ff3
11af33
fa6150
f74ebf
1340a0
ea8041
0e2ef5
ff615c
f31eea
15105a
ec308d
0a2ecb
044157
ef4f20
15b00b
ee90ce
054eaf
08f13d
eccf61
154fb7
f2210a
008ea7
0d2117
eadfa9
13bf71
f61136
fb9eac
10e0e1
ea4ff8
116f2d
fae14f
f6cec5
13809a
ead04b
0ddef3
ffb15c
f2aeed
153051
ec2096
097ec9
04a154
ef0f26
15c006
eef0d7
050eab
09513c
ec7f69
153fb5
f2710e
001ea6
0d7110
eacfb2
138f6a
f6a13a
fb1eae
10e0d7
ea5002
10ef27
fb4155
f67ec9
13b096
eae04e
0daeef
00315b
f24ef5
15504a
ec809f
094ec4
04f152
eeef2d
15dff9
ef40dc
049eaf
0a0137
ec6f6d
155fa9
f2b117
ffaea2
0e110a
eacfb8
139f63
f7113f
faaeae
1150cf
ea400a
109f20
fbc153
f5eecb
13e08d
ead05b
0d0eeb
00c15d
f1def7
157043
ecc0a1
08aec1
05914d
ee9f30
15aff3
ef90e4
03eea8
0a6133
ec0f78
150fa4
f33116
ff1ea2
0e4105
ea9fc1
132f5a
f77143
fa2eb1
11a0cb
ea4011
105f18
fc2155
f56ece
142086
eb305f
0c9ee2
01415e
f17efb
156039
ed00a8
07febd
06114b
ee5f39
15cfec
eff0e9
038eaa
0a9131
ebcf7c
14ef9b
f3911e
feaea2
0ed100
ea8fca
12cf52
f80142
f9aeb6
11f0c2
ea6017
0fff15
fcc159
f53ed2
14307e
eb4068
0bfede
01c15b
f12f03
159033
ed40b1
07febc
06e14b
edef40
15cfdf
f020f1
02fea9
0b6128
eb9f87
14bf98
f43122
fdcea5
0ef0fb
ea8fd1
12bf4e
f87148
f92eb6
1220bc
ea6021
0f8f0b
fd7156
f4aed8
146078
eb7070
0bbedc
02515c
f0bf0a
159026
edd0b8
073eb6
07414a
ed9f47
15afd9
f0a0f8
028ea5
0b8124
eb8f8f
147f8a
f4b127
fd8ea5
0f50f5
ea5fde
124f44
f9014a
f8aeb8
1270b6
ea602b
0f3f06
fdc15c
f3fedd
14b06d
eba077
0b0ed4
03015a
f06f0f
15b01e
edd0c0
069eb6
07c148
ed6f4e
158fd0
f120fc
01eea4
0c2122
eb6f99
142f82
f5412f
fcceaa
1020f0
ea6fe7
11ef3a
f9c14d
f80ebc
12c0ae
ea8035
0eef01
fea15c
f37ee2
14d065
ebe084
0a9ecd
038157
efcf16
15d012
ee50c6
061eb2
086141
ecef56
15afc6
f18104
00fea3
0ca11b
eb1fa3
140f78
f59134
fc3ea9
1090e5
ea4ff0
11af35
fa514e
f77ec1
1340a4
eab03e
0e1ef7
ff315c
f31ee8
14c05b
ec308d
0a4ecb
043158
ef5f20
15e00a
eea0d1
05aead
09113d
ecbf61
152fbb
f1f10c
006ea5
0d2118
eb0fac
13df70
f63136
fb8eac
10c0dd
ea2ffe
113f2b
fae152
f6cec3
13809a
ead04b
0dbef2
00015c
f27ef1
15204d
ec7096
098ec7
04d152
ef0f26
159fff
ef10d9
04fead
09913c
ec7f6c
152fb1
f27112
ffeea5
0dc10e
eadfb6
138f68
f6e13e
fafeae
1160d8
ea3008
10af24
fb9153
f62ece
13a08f
ead054
0d3ee9
00915e
f1def6
155045
ec809f
08fec1
059152
eeaf2f
15eff3
ef30e4
042eac
09f131
ebff73
152fa4
f3311a
ff0ea4
0e6108
ea9fc0
133f5b
f75143
fa5eb1
11b0cc
ea4011
105f1b
fc6155
f58ecd
13e085
eb205e
0c8ee2
01315c
f17efc
157039
ed10a9
084ebb
06314d
ee0f37
15ffe9
efe0ed
037ea8
0ad12c
ebdf80
14df99
f3c121
fe7ea6
0ec0fd
ea7fcd
12ef4f
f83144
f99eb6
11f0c4
ea701a
0fff10
fce159
f4fed3
14607c
eb606c
0beee1
02015c
f10f04
15a02c
ed40b3
079eb8
06f14a
eddf43
15afe0
f090f4
029ea5
0b5128
eb9f89
149f91
f47123
fd9ea5
0f60f6
ea6fda
125f47
f8c14b
f8beb5
1260b9
ea4028
0f4f06
fde15d
f44edc
148072
eb5078
0b4ed6
02e159
f05f0c
15b022
edb0c0
06beb4
079146
ed3f4d
15afd4
f0f0fb
020ea6
0c0122
eb7f96
147f83
f5012a
fd1ea8
1000ed
ea6fe6
11ff3d
f9a14b
f80ebc
12c0ab
ea8033
0edf00
fe915b
f3cee3
14b065
ebd085
0a9ece
039157
efff17
15c014
ee30c9
063eb1
08b143
ecff57
158fc2
f1a104
012ea3
0cd11a
eb3fa1
13ef78
f5a131
fc1ea8
1050e4
ea3fee
118f30
fa7150
f75ec4
1340a4
eab043
0e1ef6
ff815c
f2feeb
153055
ec308f
09eecc
047153
ef5f1e
15b007
eeb0d3
054eb0
09213c
ec9f66
152fb8
f25111
004ea4
0d6112
ea9fb0
13af6b
f6613a
fb3eaf
10f0d9
ea3ffe
10ef26
fb1156
f66ec7
13b095
eae04f
0d8ef0
00015b
f23ef2
15304b
ecb09d
094ec4
054154
eeef2d
15bffa
ef60e1
044eaa
0a0135
ec3f71
151fad
f31116
ff3ea3
0e3108
eaafbd
134f60
f73140
fa5eb1
1170d0
ea300f
108f1a
fc0159
f5cecd
142089
eb105e
0cdee5
01315c
f17efc
15503b
ece0a8
085ec1
06114f
ee1f34
15bfec
f000e9
037eaa
0ad12f
ec0f7d
14cf9d
f3a11f
febea4
0ec102
ea6fcc
12ef54
f80142
f97eb5
1240c4
ea301c
0fdf0f
fd0159
f4ded5
14407d
eb506c
0c1edc
01f15a
f0ff08
15802f
ed40b5
077eb7
070149
edef44
15cfdd
f080f4
02bea8
0b812a
eb8f8c
14af8d
f46127
fdaea5
0f60f6
ea6fd9
124f45
f90148
f8aeb6
12a0b6
ea402b
0f4f03
fdf159
f42edb
14a06e
eba076
0b4ed5
02f159
f02f0e
15a01d
ede0c2
06aeb8
07e144
ed1f4e
158fcd
f130ff
018ea5
0c5121
eb3f99
142f82
f5512f
fc9ea6
0ff0e9
ea1fe8
120f3b
f9d14d
f7cebe
1300a8
ea803b
0e9efc
ff115a
f34ee4
14d05f
ec0087
0a3ecb
03f15b
ef8f1b
15c00f
ee70cd
05aeb1
089140
ecbf60
155fbf
f1d109
007ea4
0d3118
eaefab
13cf72
f62137
fbeeab
10a0de
ea6ffb
112f2a
fad154
f6aec6
13809b
eac049
0dceef
ffe15e
f29eed
156050
ec5097
09aec7
04d155
eeff2a
15effe
ef10db
04aeae
099139
ec5f6f
154fb0
f29112
ffaea3
0de110
eacfb8
137f62
f7113d
fa8eb0
1170d1
ea2007
108f20
fbd156
f60ecb
13e08c
eaf05d
0cfee7
01115d
f1defa
157042
ecc0a4
089ec2
05d14f
ee5f38
15afef
efa0e7
03bea8
0a912f
ebef7c
14ff9b
f3711e
febea7
0eb0ff
ea9fca
12ef54
f7e143
f99eb1
11d0c6
ea601d
101f14
fcd157
f4ced3
14507e
eb6070
0c0edd
01e15c
f0ff06
159030
ed70b5
07deb9
07014e
eddf43
15afdf
f0b0f0
02aea8
0b7126
eb7f8c
146f8d
f49128
fd7ea5
0f70f4
ea4fdd
126f47
f8e14a
f89ebb
1280b5
ea602a
0f1f04
fdc15c
f42edd
14a06b
eb907a
0b6ed5
02e158
f04f14
15d01c
ee30c2
067eb2
07e147
ed2f53
157fcb
f15102
019ea4
0c811c
eb2f9b
140f7c
f57130
fc6ea7
1050ea
ea7fec
11ef38
f9f150
f7bec1
1340a8
ea903e
0e6efb
fef15d
f33ee8
14e05c
ec2088
0a0ecc
042155
ef5f1e
15c009
ee90d3
054eaf
08f140
ecaf64
155fb7
f2610b
004ea4
0d6112
eadfaf
13bf6b
f66136
fb3eae
1120dc
ea5ffc
112f28
fb2153
f6aec7
139097
eaf04e
0d7eef
00315a
f25ef2
154048
ec809e
08fec2
055151
eebf2d
15dff9
ef40df
045eaa
09e135
ec3f72
150fa3
f32118
ff1ea4
0e3105
ea9fc3
133f5a
f77140
fa2eaf
1190cc
ea6012
102f1a
fc3156
f57ecd
145085
eb2060
0c7ee3
016159
f12efd
159036
ed10ad
082ebe
06414c
edff3d
15cfe4
f010ef
032ea8
0b112c
ebff84
14ef95
f41123
fe2ea5
0f00fd
ea5fd3
12df48
f89148
f90eb6
1240bb
ea4024
0fcf0a
fd6159
f47ed8
14a074
eb9074
0b9ed9
02c15b
f07f0e
15a022
edb0bc
06feb5
077148
ed6f4d
158fd2
f100fd
01dea3
0c3122
eb2f97
145f84
f4e12d
fcaea7
1000ed
ea6fe5
11ff3d
f9d14d
f7cebc
1310ab
ea903b
0ecefc
fee159
f36ee5
152060
ebe089
0a8ed0
03f158
efbf19
15c010
ee80d1
059eb1
08b13e
eccf5e
158fc1
f20109
009ea4
0d1116
eaefa7
140f71
f62134
fb8eae
10c0de
ea6ffc
112f2b
faf154
f6cec4
13b098
ead04f
0daef3
00415e
f29eee
15404d
eca098
094ec8
052153
eeff2a
15affc
ef60dd
045eab
0a0133
ec3f73
151fac
f2f115
ff7ea7
0e310a
eabfbd
133f5e
f7513f
fa2eb0
1190ce
ea7012
106f1a
fc4155
f57ecf
140088
eb0062
0c8ee3
01315c
f15efc
154038
ed20aa
082eba
06414b
ee1f3c
15dfe5
f000ec
033ea7
0ae12d
ebef84
14cf97
f40121
fe2ea3
0f20fc
ea9fd3
12bf4b
f89147
f90eb5
1250bb
ea5024
0f9f0d
fd915a
f46ed6
148073
eba074
0b9ed7
02b15a
f08f0c
15b024
edb0be
06deb8
07a146
ed3f4d
159fd1
f0e0fd
01bea7
0c1123
eb4f97
147f82
f5112c
fcaea8
1010ec
ea4fe7
11ef37
f9b14f
f7cebe
1300ac
ea7038
0e7efb
fef15b
f34ee5
15005e
ebe087
0a8ecb
041152
ef9f1c
15d00e
ee80cc
05beae
08e13c
ecdf5e
153fbc
f2010b
00bea4
0d2114
eaffaf
13cf6e
f64137
fb8eac
10e0da
ea2ffc
110f2a
fb2156
f6aec7
13b096
ead052
0d7eeb
006159
f25ef0
15604a
ec809b
091ec1
056151
eeaf2f
15aff7
ef60e0
046eab
0a3135
ec0f74
14ffa7
f33119
ff2ea4
0e5106
ea9fbf
130f5b
f7a140
fa0eb2
11e0c9
ea3014
100f18
fc7157
f57ece
141080
eb4065
0c5ee3
01a158
f13f02
15b032
ed30b2
07beb7
06b14e
edef40
15afe1
f050ee
02cea8
0b712a
ebbf8c
14af8f
f45124
fd9ea8
0f20f8
ea7fd8
127f47
f8c148
f89eb7
1290b6
ea602c
0f3f05
fdf15a
f41edd
14906b
eb907c
0b3ed3
02e158
f01f11
15b01b
ee10c2
064eb4
082143
ed1f54
157fc9
f19102
015ea5
0c711b
eb1f9e
13ff7b
f5b132
fc3eaa
1030e6
ea5fef
119f31
fa714f
f75ec0
1350a1
eaa042
0deef5
ff815c
f2eeea
150056
ec3092
09eec8
049153
ef3f27
15b005
ee90d7
04fead
09513a
ec6f67
152fb4
f29111
000ea3
0dd10f
eaafb4
138f63
f6f13b
fadeaf
1170d3
ea1007
10af21
fbc155
f62eca
13c08d
eb205a
0d0eea
00f15d
f1cef7
157042
ed00a5
084ebe
060150
ee4f35
15afec
efb0eb
03bea8
0af130
ebff81
14ff9b
f3a120
fe7ea4
0ed100
ea6fd2
12bf4f
f82145
f94eb3
1230c1
ea7022
0fdf0b
fd415b
f4ced9
149078
eb3071
0baedb
02415a
f09f09
159026
eda0bb
071eb9
077149
ed5f4b
15cfd2
f100f9
020ea4
0bd123
eb4f94
144f84
f5112d
fccea9
0fe0ef
ea6feb
120f3c
f9c14d
f7febe
1300a9
eaa038
0e7efe
fe915b
f37ee5
14e05f
ebc086
0a7ecd
03f155
ef9f19
15d00e
ee90ce
056eb0
08a13c
ecaf5e
158fba
f2010d
00aea4
0d4112
eaefae
13df6c
f65138
fb5eaa
1100da
ea4ffb
10ff26
fb5152
f68ec9
13c095
ead04e
0d6eee
00515d
f21ef4
155048
ec709f
08cec2
057151
eeaf2f
15cff6
ef70df
03fea5
0a2137
ec0f79
14efa4
f3511c
febea4
0e9103
ea7fc7
131f57
f7c143
f9beaf
11f0c7
ea401a
101f14
fcb154
f50ed6
14507d
eb7069
0c0ee0
02015a
f0df04
15c02e
ed60b3
078eb8
070149
edcf44
15cfda
f0a0f7
024ea5
0b9124
eb5f90
144f8a
f4c129
fd3ea6
0fb0f3
ea4fe1
120f40
f9514b
f83eba
12b0b0
ea9033
0eff01
fe715b
f3aee1
14d065
ebc083
0acecf
03615a
efbf18
159014
ee70c7
05ceb3
08813f
ecdf5c
155fc1
f1c10c
00cea3
0d1118
eaefa8
13ff70
f60136
fb8eab
10e0df
ea3ff8
115f29
fae151
f6dec8
13709c
ea904c
0d8eeb
00115a
f25ef1
155049
ec7099
093ec4
051152
eedf2b
15bff7
ef40df
047ea9
0a3136
ec0f71
14ffa6
f30119
ff2ea3
0e3107
ea9fc2
131f5c
f7a13f
fa1eb0
11d0cc
ea3015
102f18
fc7157
f54ed2
142080
eb1065
0c4ee1
01b15c
f11f01
158032
ed50b2
079ebb
06f14c
edcf44
156fdb
f070f7
029ea4
0b7126
eb9f8b
149f8b
f46127
fd5ea6
0f80f3
ea5fdc
124f43
f9514c
f88ebc
12b0b1
ea802d
0f0f02
fe515c
f40ee1
14c067
ebc080
0aced2
034158
efff15
15b016
ee30c8
060eb4
086144
ecdf55
157fc5
f1c103
00cea4
0ce119
eb1fa6
13df73
f60134
fbdeaa
10a0e0
ea2ff4
116f2d
fad151
f69ec3
13909b
eab04d
0dbef2
ffe159
f24eef
15304d
ec9099
097ec6
051154
eeef2c
15bffc
ef60df
046ead
09e134
ec3f72
150fa8
f30117
ff3ea5
0e3108
ea7fc2
133f59
f7813f
fa2eb0
1190c9
ea6015
104f19
fc7157
f54ed2
143083
eb3065
0c3ee4
01c15b
f10f02
157031
ed60b0
07ceba
06d14d
edcf3e
159fdb
f060f4
02bea7
0b6128
ebbf8c
149f8e
f48126
fd8ea6
0f70f2
ea4fdb
124f42
f9114b
f88ebb
12d0b2
ea802d
0eff03
fe315a
f3dee0
14a066
ebc080
0aaed3
035157
efcf14
15c012
ee40c9
060eb1
085142
ecef59
158fc2
f1b105
00eea7
0ce118
eb0fa7
13df73
f61134
fbbea8
10f0e4
ea5ff9
115f29
fac14f
f6dec4
139098
ead04c
0dceee
00015d
f27ef1
15604b
ec609a
092ec4
05214f
eedf2d
160ff7
ef80e0
043ead
0a1134
ec2f72
150fa5
f32116
ff1ea3
0e6108
eaafc4
133f58
f7a13f
f9ceaf
11f0c9
ea5016
102f1a
fca157
f53ed5
144081
eb3068
0c3ee0
01e15a
f10f03
15a031
ed60af
07aeb9
06e14a
edcf42
15bfdc
f080f4
02bea5
0b8128
eb5f8e
147f8d
f46127
fd5ea5
0fb0f0
ea7fde
125f40
f9614b
f84eb9
12c0b1
ea7032
0efeff
fe615c
f3bee2
14b064
ebd083
0a9ecf
03a158
efef16
15d012
ee00cc
060eb3
08b13e
eccf5c
155fbe
f1c10a
00bea2
0d0117
eaffa9
13cf72
f64137
fbaeab
10c0db
ea4ffc
112f2a
fb1155
f69ec7
13f097
eac050
0d7eed
00515d
f22ef2
155046
ec809f
08eec6
058152
ee8f32
15dff6
efa0e1
03deaa
0a3134
ec2f76
14dfa3
f3311b
fedea5
0e8104
eaafca
130f55
f7f142
f9deb3
11f0c2
ea501a
0fdf10
fcc157
f4eed3
14607a
eb706b
0bfedd
022159
f0df06
15802a
ed80b7
074eb8
074147
ed6f47
15bfd7
f0d0f9
024ea7
0be126
eb5f93
146f86
f5012e
fcfea8
0ff0ed
ea5fe4
11ef3f
f9914c
f7feb9
12e0ad
eaa037
0e8efd
feb15d
f32ee5
15005d
ebf086
0a3ecc
041155
ef8f1a
15e009
eea0d1
057eb0
09013e
ec9f60
156fb9
f2110a
006ea5
0d4110
eadfb0
13af69
f6d13a
fb3eae
1120d6
ea3005
10df25
fb8154
f64eca
13e091
eb1055
0d4ee9
00b15c
f1fef8
156041
ecc0a2
08aebd
05b14f
ee4f35
15cfef
efd0e6
039ea8
0a9132
ebff7e
14df9c
f3b120
fe6ea5
0eb0fc
ea9fd0
12cf4c
f85145
f93eb5
1230c2
ea6022
0f9f0e
fd4158
f4aeda
145072
eb6073
0b7ed9
02a158
f05f0c
15c022
eda0bc
06ceb7
07c147
ed4f4e
158fce
f120fd
01cea1
0c5121
eb2f9c
142f7f
f5612e
fc8ea8
1020e9
ea3fea
11cf33
fa1150
f77ec2
1350a4
ea903e
0e2ef8
ff315c
f32eec
14f056
ec3090
09eec9
046155
ef4f22
15b003
eee0d7
04feab
09613b
ec4f6a
151faf
f28112
ffdea4
0db10a
eaefb8
138f63
f7113d
fabead
1160d1
ea600b
10bf1a
fc1156
f5cece
141088
eb205e
0ccee2
01515d
f17efc
15603b
ed00ac
082ebf
06614d
ee3f3c
15bfe5
f020f0
031ea7
0b012b
ebaf85
14cf92
f43125
fddea3
0f40f9
ea4fd7
127f49
f8c149
f8beb9
1280b8
ea5029
0f5f06
fdd15b
f43eda
14c06d
eb907d
0afed4
031155
f01f11
15a01a
ee00c8
063eb1
081145
ed1f56
158fc8
f18106
013ea4
0cd119
eaefa3
13cf75
f60134
fbdeaa
10b0e3
ea5ff4
115f30
fab153
f6fec3
1390a0
eab049
0dbef2
ffd15c
f28eee
15504d
ec8095
094ec5
050152
eeaf2a
15cffd
ef60dc
042ea8
0a1138
ec3f72
14ffa8
f31118
ff1ea4
0e2105
eacfc5
133f59
f7a141
fa2eb1
11d0cb
ea6014
101f17
fcd156
f53ed3
14407e
eb206a
0c4edd
01f15b
f0ff05
15b02e
ed60b3
079eb7
06f14b
edcf43
15cfd8
f080f5
027ea7
0ba128
eb6f91
148f8a
f4b12a
fcfea8
0fc0f4
ea7fe0
123f3f
f99151
f80ebd
12e0ae
eab033
0eaf02
fe9160
f37ee1
14f060
ec008a
0a8ece
03c157
ef7f1d
15f011
ee90cf
059eb0
08e13f
ecbf63
158fb8
f2410d
007ea6
0d5111
eaffaf
13df6b
f6713a
fb2eac
10e0d9
ea7003
10df24
fb7152
f65ecb
13c090
eb1056
0d1eea
00815d
f1eef6
158040
ece0a4
08aec4
05a152
ee6f33
15cfed
efd0e7
03bea8
0a9130
ebdf7f
150f9e
f3911f
fe5ea3
0ee0ff
ea5fce
12cf51
f85146
f93eb5
1230c0
ea6024
0faf0f
fd715b
f48ed9
148076
eb5072
0bbed9
02915a
f08f0c
15a021
edc0c0
06ceb2
07c146
ed4f4f
15afcd
f14101
01bea3
0c511e
eb5f9e
145f7c
f56130
fc6ea8
1020eb
ea5fee
119f34
fa2150
f76ebf
1350a3
eaa042
0e2ef8
ff515d
f30ee8
14d058
ec4090
09bec8
048155
eeff25
15e001
eef0da
04ceae
098137
ec3f6e
153fb0
f2c113
ffbea3
0dd109
eabfba
136f60
f7113f
fa7eae
1190ce
ea200c
107f19
fc1154
f58ecf
141085
eaf060
0caee2
016158
f12efe
157035
ed30af
07febc
06a14b
ee1f3f
15afe3
f040f3
032ea8
0b6126
eb7f8c
149f93
f45128
fd7ea6
0f70f6
ea8fd8
123f42
f8f148
f86eb8
1280b2
ea602c
0f4f05
fdf157
f3eedd
14c066
ebe07e
0acecf
038157
efef17
15c014
ee30c9
05deaf
086140
eccf5b
157fc3
f1c106
00eea4
0cf119
eb1fa8
13ef73
f5d137
fb9ea9
10e0e0
ea6ffc
110f2a
fb2154
f67ec5
138098
ead04f
0d9eed
002159
f22ef3
156044
ec809b
091ec7
057152
ee9f2d
15bff4
ef80e4
040eab
0a6131
ebef79
151fa3
f3611c
feaea3
0ea102
ea6fca
12ef54
f7c144
f97eb7
1200c1
ea601f
0fdf11
fd1159
f4fed4
14507a
eb206d
0bdedb
02615b
f0cf08
15d028
ed80bd
072eb6
077149
ed8f4b
157fd3
f0f0fc
020ea6
0c211d
eb4f93
145f81
f4f12e
fcdea8
1010ea
ea4fe8
11df39
f9b14f
f7aebf
1320a9
eab03b
0e7efb
ff215b
f30ee9
14f05c
ec108d
0a2ecb
044157
ef4f1e
15e009
eed0d8
055eab
09313a
ec9f67
155fb4
f29110
ffdea4
0dd10e
eadfb5
133f64
f6b13d
fabeaf
1150d2
ea500b
109f1e
fbe157
f5cecf
13e08c
eaf05c
0ccee7
01115d
f19efc
15a03a
ed10a6
083ebc
06414f
ee1f3c
15bfe9
f000eb
030eaa
0b112a
ebcf85
14bf95
f42123
fdfea6
0f20fa
ea4fd7
12af49
f8d149
f8ceb7
1290b9
ea502c
0f2f07
fdf15b
f40edc
149069
ebc07c
0b0ed6
03315a
f02f14
15b01d
ee10c5
062eb0
080144
ed3f54
155fc7
f18104
011ea4
0c9118
eb1fa2
142f74
f5d131
fbceaa
10a0e2
ea5ff5
115f2e
fab154
f6aec6
137098
ead04b
0dcef2
ffd15b
f27ef5
15504f
ecc09b
096ec5
053154
eedf2c
15bff6
ef60de
042eab
0a0134
ec0f73
152fa7
f33117
ff1ea4
0e5102
eaafc7
130f59
f7e142
f9deb3
11f0c6
ea6018
0fff14
fca158
f51ed5
14407c
eb5069
0c1ede
02315b
f0ff05
15a02a
ed80b7
077eba
074147
ed9f47
158fd9
f0b0f5
023ea6
0be124
eb3f93
147f87
f4e12a
fd0ea7
0fc0ee
ea3fe6
121f3c
f9714c
f7eebd
12e0aa
eaa039
0e8efd
fea15a
f37ee7
14f05f
ec008a
0a4ecb
03f154
ef4f21
15d008
ee60d1
053eaf
09013e
ecbf63
152fb8
f2410f
004ea4
0d9112
eadfb3
13af67
f6b139
fb0eaf
1130d8
ea6008
10af1e
fbb155
f5fecb
13e08a
eb005a
0ccee9
01115c
f1aefc
15403e
ecf0a7
086ebe
05f14e
ee4f36
15bfeb
efe0eb
032eaa
0ac12e
ebdf81
14ef98
f40124
fe2ea4
0f10fe
ea5fd2
12cf4d
f8a146
f91eb6
1250bd
ea4026
0f2f0b
fdc15b
f48edb
14b06f
eb9079
0b6ed5
03015b
f05f0e
15b01d
ede0c4
06aeb2
081146
ed4f53
158fc8
f17100
016ea2
0c711d
eb5fa0
140f7a
f59131
fc0eaa
10a0e3
ea2ff3
118f34
fa6150
f71ec2
13709e
eaa048
0dfef6
ffa15c
f2beef
156050
ec7094
097ec7
04e153
eeef28
15bffc
ef10dd
049eae
09f137
ec6f6f
150fac
f32114
ff5ea5
0e310a
eabfbf
132f5d
f7b13e
fa1eb1
11b0c7
ea4013
105f1a
fc6158
f55ed3
145082
eb4069
0c2ede
01915b
f12f02
15802d
ed70b2
077eba
06b14a
ed9f43
15cfde
f0b0f5
02bea8
0b7124
eb8f8f
148f8d
f4b12a
fd7ea9
0f80f3
ea4fdc
123f41
f9814d
f82eba
12d0ae
ea7034
0ebefb
fe815b
f38ee2
14d062
ebe088
0aaed1
03a158
efbf18
15c010
ee80cd
05beb2
08b140
eccf61
155fbd
f2010b
007ea4
0d3114
eabfaf
13df6e
f67137
fb6eab
1130d7
ea5fff
110f28
fb4152
f63ec8
13c093
eae051
0d3eea
00a15c
f1eef5
156043
eca0a2
08aec1
05c151
ee6f33
15dfed
efb0e7
03cea6
0ac131
ebff7b
14ef9d
f38120
fe5ea5
0ef103
ea7fcf
12bf4e
f82144
f97eb5
1230c1
ea5021
0fbf0d
fd415c
f49ed9
148073
eb7074
0bbed9
02915d
f07f0c
15c022
edc0be
06deb5
07c148
ed2f4f
15bfcc
f110fe
01dea4
0c211f
eb2f99
145f80
f5412e
fc8eaa
1030e8
ea4fee
11bf32
fa2152
f76ec1
1330a1
ea9043
0e2ef5
ff515c
f2eeea
150056
ec1090
09cec8
047155
ef5f23
15e003
eee0d9
04eeab
09613b
ec5f6e
150fae
f29115
ffcea3
0db10c
eadfb7
138f64
f7013d
fa4eb0
1150cf
ea500d
105f1e
fc0156
f5aecf
140088
eb205e
0c8ee1
01815b
f16efe
156034
ed40ae
082eba
06714e
ee1f3b
15cfe5
f050ef
02dea6
0b4128
ebbf88
14bf91
f44125
fdbea6
0f40f6
ea9fda
127f48
f90147
f89eba
12c0b2
ea602d
0f2f04
fdf15c
f3dedf
14a069
ebb07d
0aded2
037159
f01f14
15e018
edf0c9
062eb2
088143
ecff5a
157fc5
f19107
011ea4
0cd11b
eaffa8
13ef76
f61135
fbdea9
1090e0
ea3ff9
111f29
fac153
f6dec7
136097
eab04c
0d6eee
00315d
f25ef1
153049
eca09b
092ec5
051153
eebf2e
15dffa
ef40e0
043ead
0a3133
ec2f76
14dfa5
f3211a
ff3ea5
0e7104
ea9fc5
134f56
f7b140
f9deb4
11c0c6
ea4018
0fff15
fce157
f4fed3
14507f
eb606b
0bfee0
01e15c
f0ef06
15a02a
ed50b7
073eb8
06f14b
ed8f47
15afd6
f0d0f9
023ea7
0be125
eb3f94
147f88
f4c12a
fd3ea7
0fd0ed
ea5fe4
123f3c
f9914f
f82eba
1300ae
ea7038
0e9eff
fee15c
f34ee4
14e061
ebd086
0a4ecc
03e157
ef7f1d
15d00d
ee60d3
056eac
08d13e
ecaf61
153fbb
f2010d
006ea2
0d8113
eadfb3
13bf69
f6613c
fb1ead
1100d9
ea2002
10df26
fb9154
f62eca
13d08f
eb1055
0d3eea
00c15a
f1eef7
157040
ece0a6
089ec1
05f150
ee7f34
15cfee
efd0e9
03aea8
0a912f
ebff7f
14cf99
f3b11f
fe5ea4
0f00ff
ea9fcd
12af50
f84144
f94eb2
1260c2
ea5025
0f9f0e
fd8159
f47ed7
149070
eb9074
0b7ed8
02b159
f07f0c
15b021
eda0bf
06deb7
079147
ed5f4f
157fcf
f130fc
01bea4
0c4120
eb3f9a
140f7d
f55130
fc7eaa
1020e6
ea5fee
11df37
fa3150
f73ebe
1340a3
ea9040
0e1efa
ff515a
f2dee8
153058
ec4091
09bec6
046154
ef0f26
15c005
eec0db
050eac
09613a
ec6f68
155fb2
f2c110
ffeea4
0db10b
eabfb6
135f64
f7113e
fabeae
1160d0
ea500c
10cf1a
fbf157
f5becc
141089
eb005e
0c9ee5
01215b
f18efc
158037
ed10ab
080ebf
06614d
ee1f3c
15afe7
f000ec
033ea6
0b212e
ebaf85
14cf92
f43124
fdfea5
0f20f8
ea6fd4
12af48
f8c14a
f8deb6
1280b8
ea6027
0f3f09
fdc159
f43edd
14b06f
ebb07b
0b4ed7
032157
f00f10
15d01c
edf0c3
066eb3
07f146
ed1f55
158fc8
f15104
012ea4
0ca11a
eb0fa3
140f79
f5b134
fc1ea9
1050e4
ea7ff4
117f31
fab150
f76ec4
13709b
eaa046
0daef5
ffe15c
f29eed
15004e
ec4098
098ec7
04f153
eeef27
15bffd
ef20dd
04eeab
09a136
ec1f6f
14ffab
f2d119
ff7ea4
0e1108
ea9fc0
133f5c
f7513f
fa4eb2
11b0cc
ea4013
106f1a
fc8156
f58ecf
143081
eb1062
0c8ee0
01815d
f14f01
15a032
ed30b3
07ceba
06b14d
edff42
15bfe0
f080ef
02eea7
0b5128
eb7f8c
147f90
f45127
fd8ea6
0f50f4
ea4fdb
124f42
f9214b
f86ebb
1290b2
ea5032
0eff01
fe6159
f3dedf
148068
eb907f
0aced1
034158
f01f13
15c017
ee10c8
061eb2
08813f
ecef5b
158fc0
f1c106
010ea4
0d111b
eaffa7
13ef73
f5e130
fbaeaa
10c0e1
ea2ffa
113f2d
fab153
f70ec4
13909a
eac04a
0dbef2
001159
f25ef3
15504d
ec8099
094ec6
054151
eeaf2c
15dff7
ef50e0
047eaa
0a0133
ec1f74
151fa5
f30119
ff2ea0
0e3106
ea7fc2
12ff5a
f7b140
fa1eaf
11c0ca
ea7016
0fff14
fca157
f54ed1
14507f
eb2065
0c6edf
01a15d
f11f04
15902f
ed40af
07aeba
06b14d
edbf42
15bfdc
f090f6
028ea5
0b7129
eb9f8c
14bf8d
f49126
fd7ea6
0f70f2
ea5fdd
124f40
f9514a
f86ebb
12b0b2
ea8032
0eff03
fe215e
f3cedf
14c066
ebf081
0aced0
038158
efcf16
15b014
ee50c9
05feaf
08a143
ecff5c
157fbf
f1a106
00dea3
0cf118
eb0fa7
13ef71
f63134
fbaeac
10b0de
ea4ffb
113f2b
fb1155
f6aec4
137098
eac04d
0dbeef
fff15a
f25ef3
15304b
ec909c
091ec8
055151
eecf29
15aff6
ef60e1
044eac
0a1135
ec0f75
150fa6
f31112
ff1ea5
0e6106
ea9fc3
131f57
f79143
fa1eb1
11d0c7
ea4016
102f14
fc715b
f54ed4
144085
eb4065
0c4ee1
01f15c
f11f02
157030
ed70b2
079ebc
06e14a
edef40
158fdf
f090f3
027eab
0b912b
eb8f90
145f8d
f48129
fd5ea9
0fa0f2
ea7fde
125f42
f9514a
f86eba
12e0b0
ea8034
0eff05
fe315b
f3eee5
14d067
ebb07e
0adecd
039157
efdf15
15c014
ee80c9
05feb2
086141
ed1f59
156fc3
f1c106
010ea3
0d2117
eb2fa9
13df73
f5f133
fbeea8
10a0df
ea3ffa
114f2d
fad154
f6eec4
135097
eac04a
0d9ef1
00015c
f26ef0
15404c
ec7098
095ec6
052152
eebf2a
15dffb
ef30df
047eac
0a0136
ec1f6f
152faa
f2f116
ff3ea3
0e3108
eabfc2
134f5a
f7813e
fa2eb2
11c0cb
ea4015
105f19
fc8158
f56ed0
142084
eb1065
0c4ede
01a158
f11eff
156033
ed40b1
07cebe
06b14d
eddf40
15dfe1
f070f3
02ceaa
0b512b
ebbf8a
148f90
f46125
fdaea7
0f60f7
ea6fdb
126f48
f8a148
f8ceb9
1250b6
ea802d
0f4f03
fe015a
f40edf
14c06a
ebb07d
0b1ed4
034158
f02f13
15b01b
ee00c7
066eb3
084143
ed0f54
157fc4
f16104
012ea4
0c8119
eb3fa3
140f77
f5c132
fbfea9
1070e5
ea5ff4
119f32
fa9156
f71ec2
13509e
eab044
0deef4
ff915a
f2ceec
153051
ec7094
099ec7
04c155
eeff28
15a002
ef10d9
04aeae
099139
ec6f70
153fb0
f2c114
ff9ea4
0e110b
ea9fb9
135f64
f7113f
fa9eaf
1160d0
ea600d
109f1f
fc1157
f57ecb
140085
eb405d
0ceee7
01215a
f19efe
15703a
ed10ac
07febf
06614f
ee0f3a
15dfe6
f020ed
034ea8
0af12c
ebbf86
14df94
f40124
fdeea5
0f00f8
ea7fd3
128f4b
f88146
f8feb5
1250bc
ea5025
0f4f0a
fda15b
f45edb
147074
eba075
0b6ed5
02b15a
f05f0f
15b024
ede0bf
06eeb5
07b146
ed5f50
15afd1
f12100
01bea5
0c3120
eb2f9b
145f81
f55131
fc9ea7
1020e9
ea2feb
11df36
fa114e
f79ebf
1330a6
ea903c
0e6ef9
ff215d
f32ee7
15005b
ec008e
09fec8
042155
ef7f23
15c00a
eed0d3
052eb1
08f13d
ec9f65
154fb7
f2310e
002ea7
0d5112
eacfb2
13af69
f6913c
fb1ead
1130d8
ea5002
110f26
fb9155
f63ec7
13d092
ead052
0d1ee6
00b15b
f20efa
156043
ece0a2
08cec2
05a150
eebf34
15dff0
ef80e8
03ceaa
0a812f
ec0f7c
14ff9f
f3711e
fedea6
0e8106
ea9fc9
12ff53
f80144
f9beb3
11f0c6
ea7018
0fcf0d
fce159
f50ed4
14707c
eb5069
0beede
02115a
f0df06
159029
ed90b6
076eb8
07114a
ed9f44
15afdb
f0b0f6
026ea9
0ba126
eb5f8e
148f88
f4a12d
fd5ea6
0f90f0
ea9fe0
124f42
f9314b
f86ebc
12d0b3
ea7030
0eef04
fe6158
f3bee2
14d066
ebd07f
0aced1
03a159
f00f1a
15e016
ee30ca
060eb1
082143
ed0f56
157fc3
f1b106
010ea5
0cc119
eb0fa6
13df77
f5d133
fbfea7
1080e0
ea9ff7
114f2f
fa8150
f71ec3
13509e
eac045
0ddef3
ffb15a
f29eef
152053
ec6095
099ec3
04c152
ef2f24
15cffe
eef0db
04ceaa
09b139
ec5f6b
151fb0
f2f113
ffaea4
0e210b
ea8fb8
136f61
f7413e
fa6eb1
1170cf
ea200b
108f1d
fbf157
f5decc
140088
eaf05e
0cdee3
01315c
f18efc
15603c
ed10a9
083ebd
06214f
ee2f37
15efea
eff0e8
035ea8
0ae12e
ebcf7f
14ff9b
f3c120
fe3ea5
0ee0fc
ea9fd1
12af4f
f88147
f94eb5
1210be
ea4021
0fbf0e
fd415b
f49ed7
147075
eb5071
0b9edc
026159
f09f0a
15b028
edc0b8
071eb8
074148
ed6f4a
15dfd5
f0d0fa
021ea3
0c0123
eb5f94
148f85
f4f12b
fcfea9
0fd0ee
ea8fe4
11ef3c
f9814b
f80ebb
12e0ad
ea8038
0ebeff
fe715b
f37ee0
14d065
ebf086
0a8ecf
03b156
efff18
159014
ee60cc
05feaf
086145
ecdf5a
158fc0
f1c106
00bea3
0d0117
eadfa7
13df72
f5d136
fbdea9
10a0dc
ea3ff9
115f2f
fb1153
f6cec3
13709d
eac048
0ddeef
ffd15c
f27eee
15304c
ec3095
095ec7
04c155
eeff28
15dffe
ef40dc
049eaa
09a137
ec4f6f
154fae
f2f114
ff9ea2
0df10b
eabfbb
136f60
f7213f
faaeb3
1160d1
ea400b
108f1d
fbf156
f5cecb
145089
eb005c
0cbee8
01115e
f1cefb
15703a
ecd0a8
085ebe
06214d
ee3f37
15ffe9
f000e9
038ea9
0aa12d
ebaf80
14ef9b
f3e11f
fe4ea4
0f00fe
ea8fcf
12cf4f
f85145
f96eb3
1220c1
ea501f
0fbf0e
fd015a
f4aed5
149077
eb706f
0beeda
02415c
f0af09
159027
ed80b9
075eb4
07314b
edaf4a
15bfd5
f0c0f6
021ea7
0bc126
eb5f90
149f87
f4d12b
fd2ea9
0fc0f0
ea6fe2
124f42
f9414c
f85ebb
12d0ae
ea6032
0eef00
fe515d
f3cee1
14d068
ebb080
0aded0
03a159
f01f16
15b019
ee40ca
061eb1
085142
ecff55
154fc5
f1d105
013ea7
0cc11b
eb2fa4
13ff76
f5c134
fc0eac
1090e5
ea6ff3
117f2e
fab14f
f74ec1
1350a0
eab044
0e0ef5
ff615e
f2deeb
152055
ec1094
09becb
04a154
ef3f24
15c002
eee0d5
051eac
09213b
ec3f6a
153fb3
f28110
ffeea5
0db10e
ea9fb6
136f66
f6d13f
fadeaf
1130d4
ea7007
110f23
fba153
f60ec8
13a090
eaf054
0d4eea
00b15d
f1fef6
157045
ecd09f
08dec3
05a153
ee6f31
15bff3
efa0e6
03fea8
0a4134
ebff78
150fa0
f3411a
fedea4
0e7105
ea9fc4
130f56
f7a143
f9eeb5
11f0c8
ea4018
103f18
fc6157
f54ed3
145080
eb3068
0c5ee1
01c159
f11f00
157031
ed30af
07ceb9
06c14b
eddf3e
15cfde
f030f1
02fea8
0b412d
eb8f86
149f92
f42125
fddea7
0f70fb
ea5fd9
125f48
f8c148
f8beb4
1260ba
ea4026
0f7f0a
fd915a
f44ed8
148073
ebb075
0b6ed8
02e15b
f05f0d
15a020
edc0c0
06eeb5
07c144
ed6f4e
159fd0
f100fc
01dea6
0c2123
eb3f97
145f82
f4e12c
fccea8
0ff0ed
ea4fe9
11ff3a
f9c14e
f7febd
12e0aa
ea9039
0ebefe
fea15b
f3bee4
14d05f
ebf086
0aaecf
03b157
efbf19
15d010
ee30cb
05deb3
08a142
eccf5d
154fc1
f1b108
00fea3
0ce116
eadfa7
140f75
f5f134
fbeeaa
10a0de
ea5ff3
115f2c
faa151
f6fec3
13509d
eac046
0ddef4
ffc15a
f2ceed
155050
ec4095
099ec8
04a152
eeff22
15d001
ef00d7
050eac
09513e
ec6f69
152fb1
f28112
ffbea4
0da10d
eacfb4
139f65
f69139
faeead
1120d5
ea5001
10bf24
fba154
f64ecb
13c093
ead056
0d3ee8
00715b
f1def5
156041
ecb0a1
08dec1
05a152
ee9f31
15dff3
ef80e4
040eab
0a2131
ec0f78
151fa3
f3411a
ff0ea3
0e6104
eaafc6
135f5a
f79140
fa0eb1
11b0c9
ea5018
102f16
fc5158
f58ed0
142082
eb0065
0c8ee1
01815a
f17f00
15a035
ece0af
081ebf
06614d
ee0f3e
15bfe4
f020ee
034ea9
0ad12b
ebef85
14df97
f40123
fe1ea5
0f10fc
ea9fd4
12af4b
f86147
f92eb4
1250bf
ea6022
0f9f0a
fd6157
f48ed8
149075
eb7072
0bcedb
02215a
f0cf0c
15b029
ed90b8
072eb6
076149
ed9f48
158fd7
f0a0f7
024ea3
0bd127
eb5f90
148f8a
f4b12e
fd6ea4
0fb0f0
ea4fdf
122f44
f9314c
f86ebb
12c0b2
ea8030
0edf03
fe315c
f3dedf
14c06a
eba082
0b0ed1
033159
f01f12
15a01d
edf0c4
065eb4
07f141
ed1f53
156fcb
f15101
018ea2
0c911d
eb6f9d
140f7c
f57132
fc6ea8
1040ea
ea6feb
11df35
f9d14d
f79ec0
1330a7
eab03f
0e5efa
fee15d
f35ee3
15005d
ec008a
0a6ecd
040158
ef9f1e
15c00d
ee80d1
05beb0
08d13f
ecaf5f
158fbd
f20109
00cea0
0d3113
eaffaa
13cf70
f61134
fbbea9
1090de
ea3ffa
114f2d
fae154
f6cec1
13c09c
eaa04a
0dcef2
ffd15c
f2beec
15304f
ec6093
098eca
050155
ef0f25
15a000
ef20db
04fead
095139
ec8f6a
154fb1
f2a111
001ea3
0d8111
eacfb3
138f68
f6f13d
fafeae
1150d6
ea3006
10cf20
fb9155
f63eca
13d090
ead052
0d1eeb
00a15d
f22ef4
155047
eca09f
08bebf
059150
eeaf2d
15aff4
ef50e2
044eaa
0a4135
ec1f73
151fa7
f2f116
ff1ea5
0e4107
ea8fc0
132f5a
f77140
fa2eb1
11b0cb
ea3011
107f1e
fc5159
f5becf
140087
eb0060
0c9ee6
01315b
f17efa
157039
ed00ad
084ebc
06614e
ee3f3c
15dfed
efe0e8
035ea8
0af131
ebef7e
14ef9a
f3a11d
fe9ea7
0eb101
eaafcb
12bf52
f82145
f9aeb6
1200c2
ea701b
0faf12
fcf15b
f50ed3
14707d
eb6067
0c1edf
01e15b
f0ef04
15902d
ed40b2
07aeb9
06d14e
edcf40
158fe0
f060f0
031ea6
0b612a
ebaf8a
14cf91
f45124
fdaea5
0f60f7
ea4fd5
129f4a
f8b148
f8eeb7
1260b8
ea8027
0f7f0b
fd715a
f46ed8
149073
eb7076
0b9eda
02915a
f08f0b
15b022
edb0bc
071eb6
077147
ed6f4b
158fd5
f0d0f8
021ea7
0c0123
eb7f91
146f87
f4d129
fd3ea8
0fb0f5
ea3fe1
121f3f
f9614a
f84eb9
12b0b0
ea7031
0edf06
fe215a
f3eede
14d069
ebc07d
0b0ed5
030156
f00f10
15b01a
ee20c3
064eb4
07f145
ed3f53
158fcb
f16101
018ea2
0c8120
eb4f9a
144f7e
f5412e
fcbea7
1020ea
ea4feb
11bf37
f9f14f
f7bebb
1300ac
eaa039
0e9efe
fe915a
f38ee4
14e060
ebd084
0a9ece
03b154
efbf19
15a010
ee20cc
05feb3
08a142
ecbf5a
155fc1
f1b106
010ea4
0ce119
eb0fa3
140f78
f5c136
fc4eaa
1080e6
ea6ff4
119f34
fa5151
f72ec3
1370a1
eac044
0e0ef7
ff515d
f2dee8
150058
ec508d
0a0ec9
045157
ef4f20
15c009
eea0d0
056ead
09013f
ecdf5f
156fbc
f2110d
006ea6
0d4112
eb1fac
13ef6e
f61137
fb6eab
10a0dd
ea2ffc
114f2b
fad153
f6dec3
13a09a
eaa04b
0ddef3
fff15c
f26eee
15404f
ec7095
09cec5
04c152
ef2f26
15cfff
eef0d9
04deb0
09713a
ec5f6a
154faf
f2910f
001ea4
0dc10f
eadfb3
137f67
f6b13d
fb1ead
1110d9
ea0004
10cf25
fb5153
f66ec8
13a092
eac053
0d7eed
00215c
f23ef3
153046
eca09b
092ec3
05414f
ee9f2d
15dff8
ef30dd
048eac
09d135
ec3f71
152fa9
f2f114
ff6ea3
0e010b
ea8fbe
137f62
f7313f
faaeaf
1150d2
ea2008
107f1c
fbd158
f5eeca
14108a
eae058
0cfeea
00e15c
f1bef7
155042
eca0a0
08cec1
05c14d
ee9f31
15bff2
ef90e2
03eea8
0a4134
ec1f75
14dfa3
f36117
ff3ea4
0e8103
eaafc4
130f5c
f78141
fa1eb5
11d0cc
ea3011
106f1a
fc3157
f57ece
140086
eaf05e
0c7ee8
01415c
f18efd
15603a
ed10a9
081ec0
06414b
ee4f38
15efeb
eff0e6
039ea7
0aa131
ebcf7c
150f9c
f3711d
fe9ea7
0eb103
eaafca
130f54
f81144
f9feb2
1200c6
ea401b
103f15
fcd159
f52ed4
142080
eb5065
0c7edd
01a15e
f14f02
158035
ed20b0
07febb
06714d
edef39
15afe4
f010ef
030eaa
0b212d
ebcf85
14ef96
f3e120
fe2ea2
0f0100
ea4fce
12bf51
f82143
f95eb4
1210c2
ea7020
0fcf10
fd415a
f50ed4
148079
eb406e
0c0edc
01e15e
f11f05
15702e
ed30b4
07aeb8
06c14b
eddf42
159fe4
f070ee
02dea8
0b2129
ebaf89
148f92
f44125
fdbea8
0f60fa
ea6fd5
128f48
f88149
f90eb7
1270ba
ea5025
0f8f0c
fd515b
f48ed7
14a077
eb5074
0baeda
02415d
f0bf09
15c02a
ed60b7
071eb8
072149
ed8f47
159fdc
f070f5
028ea6
0ba125
eb9f90
14af8d
f4a129
fd8ea4
0f70f6
ea6fda
125f43
f8e14c
f8aeba
1270b8
ea402c
0f4f09
fdc15a
f45edc
14c06f
eb8076
0b8ed9
02a15b
f06f0d
15b01f
edd0be
071ebb
075148
ed8f4c
157fd6
f0f0f8
022ea7
0be125
eb4f94
145f89
f4d12c
fd3ea6
0f90f5
ea4fdf
124f3e
f9614a
f86eb9
12b0b3
ea802e
0eff04
fde15c
f40ede
14c06c
ebb078
0b4ed8
02e159
f02f11
15d022
edf0c0
06beb3
07b143
ed4f4e
15bfcd
f110fd
01dea5
0c4124
eb5f95
143f81
f5112d
fceea8
0fd0ed
ea6fe7
122f3d
f9914b
f83eba
12c0b0
ea7034
0eef04
fe415b
f3dedf
14d069
ebc07d
0b1ed4
03315a
efff13
15b019
ede0c4
066eb3
07e145
ed0f52
15bfcb
f15103
01cea7
0c711e
eb4f99
143f7f
f57130
fc9ea4
1040ec
ea8fe8
121f3b
f9c151
f80ebf
1300ae
ea9034
0ebefe
fe915d
f38ee3
14d063
ebc080
0aced2
039159
efcf15
15c015
ee30c9
064eb1
081145
ed1f52
156fca
f16102
017ea8
0c7119
eb4f9e
143f7b
f56131
fc5ea8
1060e7
ea3fed
11cf37
f9f14e
f7eebe
1300ac
ea803b
0e6efd
feb15c
f33ee6
14e062
ec0086
0a7ed1
038158
efff19
15d012
ee30cb
05eeb2
082142
ed2f5a
157fc5
f16104
013ea6
0cc11b
eb3fa3
142f7a
f58130
fc4eab
1040e5
ea3fee
11df35
fa2151
f78ebd
1320a6
ea803a
0e5efb
fef15e
f36ee4
14e05c
ebe08a
0a5ecc
03f158
ef9f1d
15c00b
ee40cd
05deb0
08c13e
eccf5d
157fc5
f1f103
00eea2
0cf11a
eaffa3
142f77
f5c134
fc1ea8
10b0e0
ea3ff1
119f32
fa3151
f79ec0
1330a6
eaa03e
0e3efb
ff415d
f31ee9
15105a
ec108b
0a4ece
041156
ef8f1d
15d00b
eec0cf
05aeaf
08f141
ed0f5d
158fbd
f1c106
00bea5
0cf117
eaefa7
13cf72
f5e132
fc0eab
1090e2
ea6ff4
116f2f
fa8153
f73ebe
1350a2
eac042
0e3ef7
ff615b
f2eeec
152059
ec208f
09fecc
041158
ef5f1d
15c00b
ee90d1
056eaf
08d13f
ecaf5f
155fbb
f1f10b
00aea1
0d1116
eadfa7
13cf73
f61134
fbeeab
10a0e0
ea4ff9
114f2f
fa914e
f73ec3
1340a0
eab045
0e0ef7
ff815c
f2deec
151055
ec308f
09dec9
043153
ef4f22
15c006
eea0d2
055ead
08e13d
ecaf5e
154fba
f2010a
005ea5
0d6114
eaffa8
13cf70
f60138
fbaeaa
10b0df
ea2ff8
114f2e
fab151
f6eec2
13409d
eac046
0e0ef9
ff815c
f2deed
152055
ec208d
09eec8
045156
ef4f21
15c008
eec0d5
058eb0
09013d
ec8f65
156fba
f2210d
005ea5
0d2112
eb1fab
13cf6e
f62137
fb8eaf
10e0e0
ea4ffa
113f2c
fab151
f6fec4
13709b
ea9048
0e1ef4
ffd15b
f2aeec
150051
ec7093
09cec6
047152
ef2f24
160005
eec0d4
051ead
09413c
ec8f66
155fb9
f2010e
003ea5
0d6115
eabfb0
13cf6e
f65136
fb9eac
10c0dc
ea3ffe
112f29
faf152
f6dec3
13709a
eac048
0dcef1
ffd15a
f2beed
14f052
ec4092
097ec7
048153
eeff25
15b004
eed0d7
051eaf
095139
ec9f63
154fb6
f2510f
003ea4
0d7114
eaefae
13df6a
f66137
fb4ea9
10e0de
ea2ffd
113f2a
faf155
f6cec2
139099
eac04a
0daef3
fff15d
f2aeed
152054
ec7095
09dec8
04b152
ef0f24
15b005
eed0d5
051eae
09413c
ecaf65
151fb4
f2510f
004ea4
0d8111
eabfb1
139f6d
f66138
fb3eae
10f0db
ea7ffd
10ff29
fb0154
f6dec6
13809b
eab04b
0dbef0
ffe15a
f28eee
15204e
ec9094
099ec9
048151
ef1f22
15c001
eef0d6
04ceac
09613a
ec5f67
152fb7
f27110
005ea5
0d5110
eadfb1
139f6b
f68137
fb5eac
10e0d9
ea2ffd
111f28
fb3153
f67ec5
13709a
eb104b
0deeee
ffd15c
f28eec
15204f
ec6092
098ec6
04b153
eeff26
15f004
ef00da
050eae
09313a
ecaf67
154fb6
f2610f
004ea2
0d8110
eaffb1
139f6a
f6613c
fb3eab
10f0dd
ea4ffd
110f29
fb2154
f6aec3
13909b
eab04b
0deef0
ffc15c
f27eed
153053
ec7096
09aec8
04b155
ef1f24
15c003
eef0db
050ead
09813e
ec7f69
153fb5
f2610f
000ea1
0d8110
eaefaf
13bf6d
f6413c
fb6ead
10d0dc
ea4ffc
112f2a
fb1153
f6bec7
13709a
eac04c
0d9ef2
00015f
f2aeef
153051
ec6092
09aec7
049154
ef0f27
15d001
ef10d5
04eeaf
095139
ecbf68
155fb3
f23110
003ea5
0d9115
eaefb0
13bf6f
f68138
fb6ead
10d0dd
ea0fff
111f25
faf155
f6eec6
13c09a
eac04c
0dbef1
ffd15c
f28eed
15204e
ec5095
09bec9
04b152
eeff26
15c001
eee0d8
04eeaf
09413c
ec6f67
154fb3
f26112
002ea4
0d610f
eacfb0
13bf6a
f68139
fb8eab
10f0dc
ea4ffd
111f28
fae151
f68ec6
13809a
eab04b
0dbef2
fff15a
f2beee
15504e
ec5095
09cec8
04a152
ef2f23
15c006
eee0d5
050ead
09513a
ec5f66
153fb5
f2310f
004ea5
0da113
eb0fb2
13bf69
f6a138
fb8eae
10d0da
ea4ffd
111f2c
fae152
f69ec5
13809c
eae049
0dbef0
ffa158
f29eec
151053
ec3095
099ec5
048153
ef2f25
15b004
eef0d9
052eac
097138
ec9f64
152fb6
f2210e
003ea4
0d5111
eaefae
13af6b
f67139
fb5eab
10c0dd
ea5ffe
112f2b
fb1152
f6cec2
13a09a
eab049
0deef2
ffe15e
f2deec
153052
ec3090
098ec9
04a152
ef0f23
15b005
eec0d8
054eae
097139
ec5f65
153fb9
f2210f
003ea5
0d5112
eaefaf
13ef6d
f63139
fb7eab
10c0dd
ea5ffc
112f2a
fac152
f6eec7
13809c
ea9049
0dbef3
ffe15f
f2beef
151052
ec3093
09ceca
047155
eeff20
15b003
eed0d4
052eab
09313c
ec9f64
156fb7
f2510f
002ea3
0d5113
eacfac
13cf6e
f64135
fb8eaa
10d0df
ea7ff9
116f2a
fad153
f6fec3
13609c
eac047
0dfef4
ff815b
f2aeea
153053
ec2090
09ceca
045154
ef5f24
15b007
eec0d4
053ead
09113d
ec8f63
153fb9
f23108
008ea4
0d7113
eaefa9
13cf6f
f61138
fb7eaa
10b0de
ea2ff8
114f2b
fac152
f6dec1
13709d
eac046
0dfef4
ff915d
f2ceed
153055
ec4091
09eecb
047157
ef6f23
15d006
eeb0d5
054ead
09013d
ec9f63
157fba
f2210b
007ea2
0d4115
eacfab
13cf71
f64137
fbdeab
10d0de
ea2ffa
116f2a
fad152
f70ec4
13509d
eaa048
0dcef4
ffb159
f2ceea
150053
ec608f
09feca
043153
ef7f1f
15e008
eeb0d2
054eb2
09013f
ec9f62
157fb8
f2010c
00aea3
0d0114
eadfaa
140f74
f61137
fbaeaa
10d0e0
ea2ff4
114f2d
fab150
f71ec5
13709f
eac045
0dfef5
ff615c
f30ee7
153055
ec408f
0a1ecb
042155
ef3f20
15f007
eeb0d0
056eae
08e140
ec7f5f
156fbd
f1f109
00bea3
0d0117
eb0fa8
13ef70
f60134
fbbead
10b0e0
ea5ff3
117f30
fa8150
f70ec4
1350a3
eac043
0dfef4
ff715e
f2fee8
14d056
ec108d
0a1eca
046156
ef9f1f
15a00c
eea0d2
058eae
09013d
ecbf62
154fbd
f1d10a
00aea4
0cf118
eaefa7
13ff73
f63134
fbeea7
10a0e3
ea6ff6
118f31
fa6153
f74ec1
1340a1
ea9044
0e1ef7
ff215c
f30ee9
152059
ec608b
0a1ecc
044156
ef4f1d
15a00a
ee90ce
059eb1
08d141
ecbf5f
155fc0
f1e108
00dea5
0ce118
eadfa8
13ff73
f5e134
fbfeab
1080e6
ea4ff1
119f31
fa6154
f76ec1
1350a3
ea9040
0dfef9
ff315d
f31ee5
14e05b
ebd089
0a5ecf
03f157
ef9f1d
15d00a
eea0cc
059eb0
08913f
ec9f5d
158fbe
f1d107
00cea4
0ce118
eaffa7
141f74
f5d133
fc1ea8
1080e2
ea2ff2
11bf33
fa714e
f76ec2
1350a5
ead040
0e4ef8
ff115d
f31ee6
15005d
ec208b
0a3ece
03d155
ef9f1c
15b00e
eeb0cf
05ceb1
08a13f
ecdf5e
157fc0
f1a106
00eea6
0cc11c
eb0fa6
13ef78
f5d133
fc1ea8
1060e5
ea4ff1
11bf34
fa1150
f78ec2
1360a4
ea9041
0e2efb
fef15b
f33ee6
15205b
ebf08c
0a4ecd
03e156
ef8f19
15b011
ee20ce
05deaf
089143
ecef5a
157fbf
f1b105
012ea3
0cc11b
eb0fa4
143f77
f5b132
fc2eac
1070e5
ea8ff1
118f32
fa214d
f77ebe
1330a6
ea703e
0e4efb
ff215e
f34ee6
14d05d
ec008a
0a7ecb
03d157
efbf1b
15c011
ee60cb
060eb1
085141
ed0f5a
157fc2
f19104
012ea6
0c911b
eb0fa0
141f7a
f5a133
fc5ea8
1000e4
ea5fed
11df33
fa1150
f77ebf
1320a7
eaa03d
0e7efa
fed15c
f34ee5
14e05c
ebc086
0a5ed0
03c159
efaf1a
15a012
ee50c9
05feb2
08913f
ed1f59
156fc5
f1b106
013ea4
0c911a
eb1fa1
141f78
f58130
fc2eab
1060e6
ea8fec
11ff33
fa214f
f7aec0
1330a7
ea903c
0e7efb
feb15e
f36ee4
14f062
ebe086
0aaecd
03b156
ef9f19
15b013
ee50c8
05eeb3
086141
ecff57
154fc3
f18105
012ea4
0cc11c
eb2f9e
140f7a
f5a131
fc7ea5
1000e6
ea4fec
11df36
fa014d
f7bebf
1310a9
ea603b
0e8f01
fed15d
f37ee3
150063
ec0084
0aaed0
039156
efff19
15e015
ee60c8
063eb4
084141
ed2f57
159fc4
f17104
014ea6
0cb11b
eb2fa0
142f7c
f57131
fc7ea8
1050e6
ea2feb
11df36
fa2150
f7aebc
12b0ab
ea903a
0ebefd
fea15e
f37ee2
14e060
ebe081
0abecf
03b156
efef19
15b015
ee20c8
061eb1
087142
ed1f56
158fc7
f16104
013ea2
0c911e
eb3f9e
141f79
f56132
fc6eaa
1010ea
ea6feb
121f36
f9f14f
f7debe
1300a9
ea8039
0e9f02
fed15c
f36ee2
14e060
ebb083
0abed1
037158
f02f18
15a015
ee40c8
061eb0
085143
ed0f57
155fc7
f13103
016ea3
0c711d
eb2f9a
144f7e
f5712e
fcbea9
1030e7
ea4fea
11df39
f9c150
f7bebc
12f0ab
ea6038
0ebefd
fea15d
f3aee1
14b062
ebd083
0aaecf
037159
f01f17
15b015
ee00c9
063eb1
085141
ecff53
158fc7
f18101
017ea5
0c811f
eb3f9e
141f7c
f5512e
fc9ea8
1000ec
ea7fea
11ef39
f9b14f
f7debe
12b0ab
eaa038
0eaefe
fec15e
f3aee3
14e063
ebe085
0a7ed1
035157
efdf15
15c015
ee30c7
061eb3
085141
ed0f53
157fc8
f170ff
014ea5
0c811d
eb3f9d
143f7c
f5212e
fc8ea7
1030ea
ea6fea
11cf38
f9c14c
f7cebd
1310a8
eaa039
0e9efa
fea15b
f37ee3
14f066
ebf080
0a9ece
037157
efef17
15d018
ee10c6
062eb1
084141
ed2f55
158fc6
f17105
014ea5
0c6121
eb3f9f
144f7d
f5712f
fc9ea9
1040eb
ea4fea
11df37
f9c14e
f7febc
12e0ac
ea703b
0eaeff
fe915b
f39ee3
14e065
ebe084
0abed0
037158
f00f14
15b016
ee10c5
064eb2
08113f
ed0f55
158fc9
f16101
016ea7
0c711f
eb4f99
143f7b
f56133
fc8eaa
0ff0e9
ea5feb
11df3b
fa014f
f7debd
12f0a9
ea503a
0e9efb
fe815c
f3aee2
14b05e
ebb083
0a9ece
037157
efcf12
159016
ee30c8
063eb3
084142
ed0f55
157fc7
f19100
015ea5
0c911e
eb3f9e
141f7e
f5612f
fc8ea8
0ff0e9
ea3fea
11ef3a
f9c14e
f7eebf
12f0ab
ea5037
0eaefa
feb15c
f37ee1
14d063
ebc085
0a9ece
036157
efcf18
159017
ee20c7
062eaf
081143
ed1f54
157fc6
f170ff
014ea5
0c811d
eb1f9d
141f7d
f58131
fc8eaa
1030e9
ea9fe9
11ef38
f9a14e
f7cebf
1300a7
ea9038
0e7efd
fe915c
f3aee3
14f062
ebd083
0a9ed2
03b158
f00f16
15b012
ee50c7
064eb0
082142
ecef57
157fc9
f17104
016ea2
0c611c
eb3f9e
142f7b
f58133
fc7ea7
1020e7
ea4feb
11ef37
fa0151
f7cebb
12f0a8
ea803b
0e6efb
fec15c
f38ee5
14e060
ebb083
0a6ed0
038158
efbf16
15b013
ee50c6
05feb0
085141
ed0f56
158fc6
f16103
012ea4
0cb11d
eb1f9c
141f7b
f5a132
fc2eaa
1020e7
ea3fed
11df38
f9f14f
f7cebf
1310a8
ea703c
0eaefd
fed15b
f37ee3
14e060
ebe089
0aaecd
03c155
efcf19
15a012
ee50cb
05feb2
087144
ecdf58
156fc5
f16104
011ea7
0c911c
eb3fa1
13ff7b
f5e131
fc3ea8
1050e7
ea4fec
11df35
fa214d
f77ec0
1300a7
eaa03b
0e5efc
fed15e
f33ee6
14f060
ebe08b
0a8ecf
03f157
efaf18
15a00e
ee80cb
05eeaf
089141
eccf5a
157fc2
f19102
014ea7
0cf11c
eb1fa2
13ff79
f5a132
fc3ea8
1050ea
ea4fee
118f35
fa3151
f75ec2
1320a4
eaa040
0e4ef9
ff0158
f32ee3
15105d
ec0087
0a6ece
03d156
efaf19
15b00f
ee60cb
05ceb2
088143
ecbf58
156fc4
f1b108
00dea3
0ce116
eb2fa7
141f74
f5c134
fc1ea8
1070e6
ea8ff2
11af32
fa6150
f77ec0
1350a3
ea8042
0e4ef9
ff215a
f30ee7
15005b
ec008e
0a4ecc
040153
efcf1e
15d00d
ee80d1
05aeb0
08d13f
ecef5d
155fc1
f1e109
00bea5
0d0119
eaffa7
13ef72
f60135
fc0ea8
1070e5
ea3ff5
119f30
fa7154
f73ec3
1320a2
eaa041
0e0efa
ff515c
f32eea
15005b
ec508e
0a0ecb
043156
ef8f1d
15c00b
ee60d4
055eaf
08c141
ecaf60
156fbb
f1e10b
00bea4
0d3115
eaffab
141f6f
f5e136
fbaead
10d0df
ea3ff8
115f2f
fab150
f70ec0
13709e
eab046
0deef5
ff715c
f2deeb
151056
ec2092
09decb
047154
ef1f21
15c008
eee0d3
056eac
08f13b
ecbf65
155fba
f2210c
007ea5
0d7116
eaefaa
13cf71
f63139
fb8eab
10b0de
ea5ff9
114f2b
fae152
f6dec4
13409a
eab048
0dcef3
ff715b
f29eeb
152053
ec8094
09aec8
04a155
ef2f27
15f002
eec0d4
053eac
09413c
ec4f63
152fb6
f2410e
003ea3
0d6111
eaefb0
13bf6d
f67138
fb5eac
1110dc
ea2ffe
10ff2a
fb1152
f68ec4
13a099
eaa048
0ddeed
fff15f
f2aeed
15104d
ec6096
096ec6
04c154
ef2f29
15c003
ef20d8
04deac
09a137
ec7f6c
154fb2
f29110
001ea0
0d8110
eabfb5
138f66
f6b138
fb3ead
10c0d7
ea3002
112f24
fb6151
f68ec7
13c097
eab052
0d8eec
00115c
f25ef3
15504b
ec709a
094ec5
051152
eeff2a
15cffd
ef20dd
049eab
099138
ec5f6e
156fb2
f29114
ff9ea4
0de10d
eacfb7
134f66
f6d13c
fabeb0
1130d3
ea3007
10cf24
fba154
f63ec7
13e091
eae054
0d3eeb
00615c
f23ef4
153044
ec909c
091ec2
056152
eebf2c
15fff8
ef50e0
046eac
0a0136
ec5f71
151faa
f30111
ff6ea5
0e010a
eaefba
135f60
f7113b
faaead
1150d2
ea4009
10af1e
fbc156
f5eecd
13d08d
eb1057
0ceee9
00a15c
f1eef9
159041
ecd0a1
08debe
059152
ee8f33
15bff5
ef60e2
042eac
0a2133
ec1f73
14efa6
f30117
ff3ea4
0e5108
eabfc1
137f5a
f7813f
fa3eb0
1170cd
ea2011
109f1b
fbe156
f5aecc
140089
eb005f
0cdee6
01215c
f17efc
15403d
ecd0a5
088ec0
06014e
ee4f36
15bfed
efd0e6
03deab
0a912f
ebff7a
14bfa1
f3711f
fedea5
0e5103
eaafc6
130f59
f7d141
f9feb4
11d0ca
ea8016
102f13
fc6156
f56ecf
145082
eb3064
0c8ee0
01515c
f14eff
157037
ed10ac
082ebc
06414e
ee1f39
15bfeb
f000ec
035ea9
0ab12e
ebff7f
14ef99
f3b120
fe9ea5
0ee100
ea8fcb
12ef4f
f7e143
f99eb2
11d0c1
ea2019
100f15
fcd157
f53ed3
142080
eb5069
0c3ede
01b15a
f11f03
15a033
ed40b1
07aebf
06914a
edff40
15cfe1
f070ef
030ea6
0b312c
ebcf85
148f94
f4011f
fdfea2
0f00fa
ea7fd1
12cf50
f85145
f95eb6
1230c0
ea401f
0f9f0a
fd4159
f4ced5
14807a
eb406f
0bdedc
02415a
f0df06
15c02b
ed70b6
075eb9
07314a
edbf42
15afdd
f070f3
029ea8
0ba128
eb8f8c
148f8e
f47128
fdcea5
0f50f8
ea9fd9
129f45
f8d14b
f90eb8
1240b8
ea8024
0f9f0a
fda159
f43ed9
14b071
ebb072
0b8ed7
02d159
f08f0c
15b026
edd0b9
06eeb5
076145
ed7f4b
158fd5
f0a0fb
022ea2
0bd124
eb6f90
149f8a
f4712a
fd2ea8
0fb0ef
ea6fde
121f3f
f93149
f88eb8
12e0b3
ea5032
0f0f04
fe115d
f41ede
149069
eba07c
0b1ed4
031157
f03f0e
15c01f
ede0c3
068eb1
07e144
ed4f4d
157fcd
f110fd
01dea4
0c2121
eb6f99
142f84
f5612c
fccea9
1000ed
ea3fe5
11df3a
f9b14f
f82ebd
12e0ab
ea6037
0eaf00
fe715c
f36ee1
14d061
ebf083
0a8ed0
039158
efdf17
15c014
ee70c9
061eaf
084142
ecff59
154fc5
f18106
014ea6
0cb11a
eb1f9f
13df7b
f59131
fc2ea9
1080e8
ea6fef
117f34
fa014e
f77ec0
1330a7
ea9040
0e4efa
ff215c
f32ee7
14f05a
ec008b
0a2eca
040154
ef7f1c
15d00c
eeb0d0
05aeaf
08e13f
ecbf5d
156fbe
f1d10b
008ea5
0d111a
eb0faa
13bf73
f62138
fbcead
10b0dd
ea5ff8
113f2c
fad154
f6fec2
13609e
eab048
0e0ef5
ffa15e
f28eeb
154053
ec5090
09fec8
047154
ef4f25
15b004
eec0d7
04feab
09413b
ec9f67
155fb3
f2210d
001ea6
0d610f
eacfb2
13af6a
f6913b
fb3eac
1110d7
ea5fff
10ff26
fb3153
f65ec9
13b095
eab04e
0d6eef
00215d
f26ef2
154047
ec809d
091ec6
054155
ef0f2a
15fffa
ef50df
045eac
09d138
ec3f6e
151fad
f2d114
ff9ea4
0de10c
eabfbb
137f60
f7113e
fabead
1170d2
ea400d
106f1e
fbd154
f5cecf
14008b
eaf057
0cfee7
00e15c
f1bef6
15403f
ecd0a2
08bebf
05b14f
ee7f31
15bff0
efb0e5
03eeaa
0a6130
ebef79
151fa2
f34118
feeea5
0e5106
ea7fc4
12ff59
f7a141
f9feb0
11b0c9
ea5015
103f17
fc9155
f57ed0
143085
eb2063
0c8ee4
01a15b
f14efc
15a037
ed00ae
07febb
06414c
ee2f3f
15bfe7
f030ec
033ea8
0ac12c
eb9f84
14bf98
f3d11f
fe2ea6
0ee0fc
ea7fd0
12cf50
f86147
f95eb7
1250c2
ea601d
0fcf10
fd4159
f4eed6
14507b
eb906e
0bcede
01f158
f0bf06
15b02b
ed50b5
076eb8
06f14a
edcf45
15bfd9
f080f4
029ea4
0b8129
eb9f8d
149f8e
f49126
fd8ea8
0f50f4
ea6fdc
126f46
f8e149
f89eb8
1280b4
ea8029
0f4f07
fdc15b
f46ed9
14a06f
eb907a
0b5ed8
02d158
f05f0f
15c020
edc0c0
06deb5
07d146
ed4f52
15afd1
f140ff
01fea5
0c1122
eb2f97
147f82
f5212c
fd1ea6
0ff0ec
ea7fe5
11ff3a
f9a14e
f80ebb
12d0ab
ea7036
0e9efe
fe9159
f37ee2
14d063
ec0083
0a9ed3
03a157
efbf18
15c013
ee40c7
064eae
083142
ecbf59
159fc3
f15105
011ea6
0cb11c
eb1fa2
143f78
f5c135
fc2eac
1080e3
ea4ff2
119f34
fa714f
f73ec0
1340a2
eaa042
0e1ef9
ff715e
f32ee9
152058
ec308d
09eecd
047156
ef5f1f
15a008
eed0d2
057ead
09213c
ecbf62
152fb8
f2210e
006ea4
0d8113
eb0fb2
13bf6b
f67139
fb6eae
10f0da
ea5ffd
110f29
fb1155
f68ec6
139094
eab04e
0d5eef
00315c
f23ef2
152048
ec709c
092ec4
04f150
eebf2b
15affb
ef30dc
045ea9
09c136
ec4f71
153fa9
f2d112
ff7ea4
0df10e
ea8fbb
132f61
f7113e
fa7eaf
1180d0
ea3009
108f1a
fbf154
f5eecc
14008d
eac05b
0ceee7
01015d
f1aef9
15703c
ecd0a6
08aec1
06014e
ee3f32
15bfee
efa0e7
038ea9
0ac12e
ebef7c
14ef9f
f3911f
fecea7
0eb102
eaafc5
131f54
f81146
f99eb4
11e0c4
ea301c
0fef13
fcd157
f50ed4
14407e
eb2068
0c3ee0
01c15a
f10f03
158031
ed70b3
079eb9
06d14e
eddf3e
158fdf
f070f4
029ea9
0b4128
eb9f8a
14bf94
f42124
fddea9
0f40fa
ea7fda
126f47
f8d147
f8aeb9
1280b9
ea8026
0f6f0a
fd9158
f43edb
14906f
eba075
0b5edb
02b15b
f07f0c
15b021
edc0bf
06ceb7
079145
ed9f4d
158fcf
f100fc
01eea6
0c2123
eb2f97
144f86
f5112b
fcfea7
0fe0ec
ea6fe4
11ff3d
f9a14e
f81ebc
12c0ac
ea7033
0eaefd
fea157
f38ee5
14e060
ebe083
0a7ecf
038158
efcf19
15c012
ee50cd
060eb1
08713c
ecff5a
159fc4
f1a106
00eea4
0d0119
eb1fa6
142f73
f5e133
fbfeaf
1080e3
ea5ff5
118f2f
fac151
f74ec1
1350a2
eab044
0e3ef4
ff715d
f29eec
151052
ec7095
09decb
048153
ef3f26
15e001
eec0d6
050eaf
09513b
ec4f6a
154fb4
f28111
ffdea6
0da110
eadfb4
137f69
f6913d
fb0eaf
1160d4
ea7006
10ef25
fb7155
f68eca
13b091
ead053
0d3eeb
00a159
f21ef5
153046
eca09e
08fec0
05d150
ee7f2f
15cff2
ef80e5
042ea6
0a3134
ec1f76
14ffa4
f3411d
fefea6
0e8104
eaafc7
133f58
f7c13f
fa1eb2
11a0ca
ea5015
104f15
fc7155
f53ed0
143083
eb3066
0c6ede
01915a
f17eff
158037
ed50ab
081ebe
06914c
ee1f3d
15bfe2
f050f1
030ea7
0b012a
ebbf86
149f93
f3f121
fdbea3
0f00fa
ea5fd6
12af4a
f89148
f8feb6
1260bb
ea6025
0f8f0c
fd815c
f45ed7
149072
eb8076
0b9ed8
02a15c
f08f0d
159022
edb0bc
06deb8
075148
ed2f4d
15cfd1
f120fa
022ea5
0c2122
eb3f98
145f82
f5112d
fceea7
0fe0ef
ea4fe3
120f38
f9a14c
f80eb9
12c0ab
ea7035
0e9efe
fe915a
f39ee3
14f060
ebd084
0a9ecf
039158
efbf19
15a013
ee80c9
05eeb1
08613f
ecff5c
157fc0
f19108
00bea2
0d3115
eaefa4
13ff76
f5f133
fbeeac
1090e1
ea4ff7
115f2d
fa9150
f70ec2
13609d
eac047
0ddef2
ffa15b
f2ceec
153051
ec5095
096ec6
04b152
ef0f28
15cffe
eee0d9
04ceab
097139
ec4f6a
154fac
f29111
ffcea5
0dd10d
eaefbb
138f62
f6e13b
fabeaf
1130d0
ea6009
10bf1f
fbc155
f60ecc
13d089
eb105b
0d1ee5
00d15a
f1befa
15603c
ece0a7
089ec0
05e14f
ee2f33
15bfed
efa0ea
03aea9
0ac133
ec0f7e
14bf9d
f3911f
fe8ea6
0ed0fe
ea8fca
130f53
f7f144
f98eb3
1200c2
ea501d
0fff11
fcd15a
f4ded6
141076
eb606b
0bdedb
02315d
f11f07
15a02d
ed80b6
077eb9
071149
edbf46
15afda
f090f7
029ea7
0bb125
eb7f8d
147f8c
f49129
fd5eab
0f70f4
ea6fde
122f44
f9014a
f87ebb
12a0b3
ea9030
0f0f03
fe415b
f3dede
14a068
eb907f
0abed2
035158
f00f14
155019
ee10c5
065eb3
084141
ed2f55
156fc8
f19103
013ea4
0c711e
eb1fa2
141f77
f59130
fc3ea8
1040e7
ea5ff0
118f34
fa6151
f72ebd
1360a0
eac042
0e2ef3
ff815e
f2deeb
151055
ec4092
09fecb
047155
ef6f24
159008
eec0d5
051eab
08f138
ec4f66
155fb3
f2510f
000ea4
0de111
eadfb7
137f64
f6b13a
fafeaf
1150d9
ea4006
10bf21
fb8158
f62ecc
13d08e
eb0057
0d2ee8
00815d
f1fef4
155042
ece0a3
08cebe
05c153
ee9f33
15bfef
efa0e5
03dea7
0a6131
ebdf7b
14cf9e
f3511b
fecea3
0e9102
ea9fc9
12ef52
f7d145
f9ceb4
11f0c4
ea3019
0fcf13
fcd15e
f50ed3
14307f
eb606d
0bfedd
02115b
f0ff04
15b02e
ed90b4
07bebb
07314a
edbf45
15afd8
f080f6
028ea5
0b9125
eb4f8d
147f8a
f4a128
fd5ea6
0f70f3
ea8fde
125f43
f9414a
f87ebb
12a0b4
ea8032
0f1f06
fe115b
f3dee0
14d068
ebc07b
0abecf
035158
efcf14
15b018
ee20ca
064eb4
081142
ed0f58
156fc6
f18105
012ea7
0ca11d
eb1fa2
140f77
f59133
fbcea9
1060e2
ea4ff2
118f33
fa9150
f73ec2
1370a1
ea9044
0e1ef5
ffa15c
f2ceec
152057
ec8091
09aec7
04b154
ef1f24
159004
ef10dc
04eead
09413c
ec7f68
151fb1
f29112
ffcea4
0df10d
eacfb5
137f67
f6f13c
faaead
1140d3
ea500c
10cf20
fbf15a
f5eecb
13c08a
eb005c
0ceeea
00e15a
f1bef8
15703f
ecd0a6
088ebd
06114d
ee4f36
15cfef
efe0e9
039ea9
0aa12f
ebdf81
14cf9c
f3c11d
fe6ea6
0f00fc
ea8fcc
12df4d
f82144
f96eb2
1210bf
ea4021
0f9f0e
fd2159
f49eda
147076
eb5070
0b9eda
02715a
f0cf09
15b024
ed80bd
074eb6
075147
ed6f48
158fd5
f0c0f9
024ea4
0bd123
eb5f93
146f84
f4f12d
fd0ea6
0fc0f1
ea6fe3
11ef37
f9914c
f80ebc
12e0ad
eac037
0ebefe
feb15b
f37ee1
14d062
ec0089
0a9ed0
03d159
efbf1b
15e011
ee70cd
05beb1
089142
eccf5c
157fbf
f1f10b
00bea3
0d1115
eadfab
13df6f
f66139
fb5eaa
10c0dd
ea5ff9
113f2a
fad154
f69ec6
138098
ead04c
0d9ef0
00315b
f23ef0
155047
ec709d
093ec6
051151
eecf2c
15cff8
ef40df
048eaa
09f134
ec3f72
14ffaa
f30119
ff1ea4
0e6106
ea9fc0
130f5a
f78140
fa3eb2
11b0c8
ea3014
100f19
fc5157
f56ed2
14407e
eb3064
0c7ee0
01615a
f15f00
15a035
ed40b0
079eba
06d14e
edff40
15bfdf
f070f0
02bea6
0b4129
eb8f8a
149f90
f46127
fdaea9
0f50f6
ea4fdb
129f45
f8e14a
f87eb5
1280b4
ea402e
0f0f09
fde159
f42edb
14a06a
ebb07b
0b0ed4
032159
f01f13
15b01c
ee30c1
067eb2
07f145
ecef55
158fc6
f1a102
016ea2
0c611b
eaffa2
140f79
f5b133
fc3ea9
1050e3
ea2ff3
118f30
fa6152
f74ec1
1370a3
eab044
0e0ef2
ff715d
f2deea
150050
ec5093
09aec6
049154
ef2f24
15b002
ef20dd
04ceac
09a135
ec3f6c
152fb2
f2b111
ffcea5
0dd109
eabfb9
135f61
f7313c
faaeae
1180d0
ea200d
109f1e
fbf156
f5dece
14008b
ead05d
0ccee7
01115d
f1aefe
15603a
ed00a9
085ebd
06414e
ee3f37
159fea
eff0ee
036ea9
0ae12f
eb9f82
14ef97
f3f120
fe2ea5
0ef0fd
ea9fd1
12af4c
f88147
f8feb4
1240bc
ea5021
0f7f0b
fd8159
f45edb
148071
eb7072
0b6ed8
02c15a
f05f11
15c024
eda0bf
06ceb7
078143
ed3f51
159fcf
f0f102
01cea3
0c311d
eb3f9b
146f7d
f55130
fc8ea9
1010e9
ea6feb
11bf3a
fa314e
f78ec1
12f0a7
ead03e
0e5ef7
ff215b
f33ee8
15105a
ec308c
0a0ece
044158
ef5f1f
15a008
eeb0d4
052eae
09313c
ec9f64
157fb8
f2710f
ffeea0
0da10f
eadfb2
137f68
f6b13a
faeeae
1100d6
ea3007
10bf24
fbb155
f60ecd
14008e
eae058
0d0ee9
00f15b
f1eef8
157043
ecb0a6
089ebe
05d150
ee6f38
15fff2
efe0e8
038ea9
0a912d
ebcf7e
14cf9c
f3d121
fe6ea5
0ee0fe
ea8fd2
130f4f
f85147
f95eb5
1260c0
ea501d
0fcf11
fd415a
f49ed7
149075
eb7072
0baed7
025157
f09f09
15a024
eda0bc
06eeb7
075147
ed8f4c
159fd4
f0e0fa
01dea9
0c2121
eb5f96
144f83
f5112d
fcbea7
0ff0ea
ea6fe8
120f3c
f9f14d
f7cebf
1300a8
ea7039
0e8efa
ff015e
f34ee7
15105a
ec0089
0a6ecd
041157
ef7f21
15d009
ee90d3
056eb0
08e13c
ec8f64
153fb7
f2410f
004ea4
0d7112
eabfb1
138f68
f69139
fb2eac
1130d6
ea6003
110f24
fb9154
f62ec9
13f092
ead056
0d4eea
00b15b
f1fef9
15603f
ecb0a3
089ebf
05b151
ee7f37
158fee
efa0e4
03beab
0a8130
ebef7f
150f9e
f39121
fe6ea6
0ec0ff
ea7fca
12df51
f85145
f98eb4
1200c0
ea501f
0fbf0e
fd215b
f4fed8
148079
eb806f
0bced8
02b15d
f09f0b
15b027
edb0bb
071eb8
078147
ed8f4c
159fd5
f100fc
020ea5
0c0123
eb6f95
142f81
f5312d
fcaeab
0ff0eb
ea3fe7
121f3b
fa014d
f7eebe
1300a8
ea803b
0e4efe
ff0159
f35ee7
15305b
ec308a
0a5ecc
041158
ef7f1e
15d00b
eed0cf
055ead
09113d
ec9f64
152fbb
f2310f
005ea6
0d6111
eabfaf
138f69
f6913b
fb2ead
1130d5
ea4006
10ff22
fba154
f63eca
13e08e
eb1056
0d0eeb
00a15d
f1fef8
154042
ecb0a3
08bebf
05d14e
ee3f38
158fed
efc0e8
039ea9
0a9130
ec0f7c
14ef9b
f3a11e
fe3ea5
0ef101
ea4fcc
12bf50
f82144
f97eb4
1240c3
ea7020
0f9f0d
fd3159
f49ed6
148074
eb9070
0b9edc
02a15a
f09f0c
15a026
edc0be
06deb5
079146
ed5f4d
159fd3
f110fb
01eea4
0c3121
eb2f96
145f7e
f5312e
fcaea9
0ff0ea
ea5fe9
11bf3a
f9c150
f7bec0
1330a5
ea803e
0e6efa
ff015a
f32ee7
15005a
ec108f
0a0eca
042155
ef6f1f
15b008
ee80d3
053eae
09313d
ec5f66
154fb7
f2410f
ffeea3
0d8114
eacfb4
13af64
f6c13c
facead
1140d5
ea3008
10bf24
fbb155
f62ecb
13f08f
eae05c
0cfee8
00e15e
f1aef9
15303c
ed20a8
086ebd
061151
ee3f37
15cfeb
efd0eb
038ea7
0af12e
ebef80
14df98
f40121
fe4ea8
0ef0fc
ea7fd2
129f4f
f8b146
f94eb8
1240bb
ea4024
0f9f0e
fd8158
f47eda
148072
eb8078
0b8ed7
02e159
f07f0b
15b020
ede0bf
069eb7
07c144
ed2f4f
156fcd
f11100
01bea5
0c7120
eb1f9d
144f7d
f54133
fc6eab
1030e8
ea6ff1
118f35
fa2150
f76ebe
1350a3
ea8041
0e4ef6
ff315b
f2eeea
154057
ec2090
09bec9
048156
ef2f24
15b001
ef00d9
04deae
09713d
ec8f69
152fb2
f26112
ffcea7
0dd10c
eadfb7
135f62
f6e13e
faceb0
1170cd
ea400c
107f1c
fc2156
f5decc
13d088
eb105e
0caee5
01215d
f17efe
158039
ecf0ac
07febc
06914b
ee1f3e
15cfe8
f030ec
02fea8
0b012a
eb9f85
14cf91
f42124
fdeea4
0f30f7
eaafd8
126f48
f8b147
f90eb7
1270b6
ea602b
0f4f0a
fde15c
f40edd
14906f
eb707b
0b2ed5
030158
f02f14
15b01b
ee00c7
065eb3
07f145
ed1f56
157fc7
f16102
013ea4
0ca11c
eb1fa0
13ef78
f5c132
fc0ead
1070e2
ea2ff2
116f2d
fab150
f72ec5
13709f
eac049
0dfef5
ff915a
f29eeb
154051
ec7096
099ec6
04d150
eeef28
15bffe
ef40db
04aeaa
09d139
ec1f70
150fac
f2e116
ff6ea3
0e3106
ea8fbd
132f5d
f7313f
fa4eaf
1160cb
ea7011
103f18
fc7157
f56ed0
144083
eb1065
0c8ee5
01915b
f13f00
15b034
ed10b0
079ebb
06b14c
eddf40
15afe2
f090f4
029ea7
0b9128
eb8f8b
14af8e
f4a128
fd7ea9
0fb0f4
ea9fdd
125f43
f9314a
f86eba
1290af
ea8031
0f0f02
fe515a
f3bee1
14f064
ebc083
0abed4
03815c
efbf17
159012
ee50c8
060eb2
085141
ecdf5c
157fc3
f1f108
00dea5
0d1118
eaefa7
140f73
f62135
fb8eac
10f0db
ea4ffd
115f29
fb0152
f67ec7
138097
ead04f
0d6eee
00115b
f23ef1
155049
ec809c
090ebf
055151
eeef2e
15bff7
ef70e3
043eac
0a2134
ec0f79
150fa5
f3611b
fecea7
0e8103
eabfc9
12ff57
f80143
f9ceb3
1210c8
ea6018
0fff14
fcd158
f4fed3
14607c
eb406f
0bdede
02115b
f0df07
15c02b
ed80b7
073eb8
072148
edbf49
15afd6
f0e0f7
023ea7
0bc123
eb3f93
147f86
f5012b
fcfea7
0ff0ed
ea5fe6
123f3a
f9a14d
f7dec1
12e0ab
ea8037
0e9efb
feb158
f33ee4
15205f
ec1088
0a4ecb
042155
ef9f1d
15c00e
eea0cf
058eaf
08f140
ecaf62
156fb8
f2510d
003ea6
0d8114
eb1fb3
139f67
f6a138
fafeab
1150d8
ea1003
10af24
fb9154
f63ecb
13c08f
eae056
0d1ee9
00c15e
f1def6
156043
ecf0a3
089ebd
06214e
ee5f37
15afed
f000e7
039ea8
0aa12f
ebcf7f
150f99
f3b123
fe7ea7
0f00fb
ea6fd2
12cf4f
f84148
f94eb6
1230c0
ea7024
0f9f0e
fd615a
f45ed8
14a072
ebb071
0b6ed5
027159
f07f0e
15a020
ede0c0
06feb5
07d148
ed3f52
156fcf
f150fe
018ea5
0c611f
eb2f99
145f7a
f5912f
fc7eaa
1050e6
ea1fef
119f38
fa3151
f77ec0
1340a0
eaa043
0e1ef7
ff915c
f2eeeb
151055
ec2091
09cecc
04a153
ef3f25
15d004
eef0da
04ceae
097137
ec6f6c
152faf
f2b113
ffaea3
0de10b
ea8fbe
135f61
f7313c
fa7eae
11b0d0
ea600c
106f1b
fc3157
f59ecf
140086
eb2063
0c9ee3
01515a
f16f02
157036
ed20ad
082ec1
06814d
edef3f
15dfe2
f050f0
02dea5
0b612b
eb8f88
14af8e
f45125
fd8ea6
0f70f6
ea3fd8
126f46
f8f14a
f8aebb
12a0b7
ea602f
0f2f03
fe115d
f3fee0
14c066
ebd07e
0aded2
033158
efff15
15f018
ee20c7
060eb1
084143
ecdf57
158fc3
f1a106
011ea4
0cf118
eb1fa4
140f76
f61136
fbceac
1090e1
ea3ffa
118f2b
fac151
f6bec6
13b099
ead04d
0d9ef0
002159
f23ef1
153049
ec909e
093ec3
053151
eeaf2d
15dffa
ef60e2
045eac
0a0135
ec3f73
152fa5
f3611b
ff0ea3
0e6105
ea9fc5
130f58
f7e143
f9eeb3
11f0c8
ea5018
101f13
fcd157
f50ed3
14507b
eb806e
0bfee0
01f15a
f0ef06
15a02b
ed90b5
076eb9
070147
edaf47
15afd7
f090f5
027ea6
0bd124
eb5f91
149f87
f4e127
fd0ea7
0fc0f0
ea4fe3
122f3c
f9614d
f81ebd
1310ab
ea6036
0ebefe
feb15e
f36ee6
15105e
ebe086
0a8ece
040155
ef9f1b
15b00e
ee90d2
058eb0
08f13f
ec8f63
156fb9
f2010d
006ea4
0d7113
eacfaf
13cf6b
f6a139
fb2eac
1120d9
ea3001
110f25
fb6154
f63ec6
13b091
eb1057
0d4eea
00715c
f1def8
156041
ecb0a3
08aebf
05b151
ee5f34
15dfef
efe0e7
03aea6
0aa130
ebef7e
14df9c
f3d120
fe9ea4
0eb100
ea8fcf
12df4d
f84147
f93eb5
1230c2
ea6021
0f7f0b
fd515d
f47ed9
149073
eba072
0b8ed7
02a15b
f06f0c
15a024
edd0bd
06eeb4
079148
ed5f4d
156fcd
f11100
01aea3
0c4120
eb3f9b
142f7e
f53130
fc7eaa
1030e9
ea5fef
11bf38
fa314e
f76ec0
1320a3
eab044
0e2ef6
ff7159
f32ee9
154055
ec4093
09bec9
04a155
ef1f22
15b003
eee0d8
04feaa
09713b
ec6f69
155fb0
f28110
ffbea6
0dc10e
eaefb8
137f62
f74140
faaeae
1170cf
ea400c
109f1e
fc1155
f5aece
140088
eb0060
0ccee3
01515d
f18efe
15a036
ed10ac
082ebe
06814c
ee1f3d
15dfe4
f060ef
031ea7
0b512b
eb8f86
14bf93
f44126
fdbea6
0f80f9
ea6fd7
124f46
f8d149
f8beb7
1280b4
eaa02b
0f2f04
fe015b
f3dedf
14a06b
ebc07d
0afed5
032157
f02f13
159018
ee30c2
064eb4
084142
ed0f55
159fc3
f1a107
011ea2
0cb119
eaffa4
13ff77
f5d136
fbaeaa
10a0e2
ea4ff3
115f30
fab153
f6fec3
13709b
ead04b
0d9ef2
ffc15d
f29eee
15104b
ec9099
093ec1
051155
eecf2b
15affa
ef20e1
043eac
09c135
ec2f73
150fa7
f2f118
ff3ea7
0e3108
ea9fc4
133f59
f7b13e
f9eeb1
11b0c8
ea3016
103f15
fc915a
f54ed3
143082
eb4069
0c6edf
01c15a
f10f04
15a02e
ed60b6
079eb9
06e148
ed9f44
15bfdd
f0a0f7
024ea7
0be128
eb5f8f
147f89
f4b129
fd4eaa
0f90f1
ea3fde
121f41
f9714c
f81ebd
1280b0
ea8036
0edf03
fe815b
f3bee5
14c060
ebd086
0a6ecc
03c158
ef9f19
15e011
ee60cf
058eae
08b13f
ecef5c
156fbb
f1f108
008ea5
0d5114
eaefad
13cf6e
f66139
fb5ead
10f0dd
ea4ffe
110f29
fb4152
f64ec6
13d095
eae055
0d4eed
00815b
f21ef5
155042
ecc0a2
08cec1
055150
ee6f30
15aff2
efb0e4
03eeaa
0a6133
ebef77
14cf9d
f3711a
fecea5
0eb102
ea7fcb
12cf53
f7f147
f9aeb5
1220c2
ea601d
0fef0e
fd2159
f4ded8
148078
eb306e
0beeda
027158
f0cf0b
15c027
ed80ba
073eb5
076147
ed9f4d
159fd3
f120fc
020ea4
0bf120
eb6f96
145f84
f5212c
fcbea9
1000ec
ea7fea
11df3a
fa014d
f7cec0
1310a7
ea903b
0e7ef9
ff215f
f31ee5
14f05c
ebf08c
0a1ece
043156
ef5f1d
15c007
eea0d2
055eb1
08f13c
ec8f64
153fb7
f2410f
fffea0
0d9110
eb0fb4
139f66
f6d13e
fb0eae
1140d7
ea5007
10df1f
fbb154
f61ec9
14008e
eaf059
0cfee9
00f15d
f1defa
15703f
ece0a6
086ebc
05d150
ee4f38
15bfeb
efd0ec
035ea6
0ad12e
ebcf80
14cf98
f3d123
fe1ea5
0ef0fb
ea7fd1
12af4c
f89144
f90eb8
1250bf
ea7026
0f4f0c
fda15a
f49ed9
147071
eb7074
0b4ed9
02b158
f05f0e
15b020
edd0bf
06ceb6
07c145
ed4f50
157fce
f140fe
017ea5
0c711f
eb2f9c
142f7d
f55130
fc4ea6
1030e5
ea6ff2
11af35
fa414c
f76ec2
1340a3
eaa041
0e3ef6
ff715c
f30eea
152056
ec2092
09eec8
048156
ef8f24
15c004
eef0d8
04dead
097138
ec6f6a
152fb0
f28113
ffbea4
0df10d
eaafba
136f63
f7013c
faceaf
1150d0
ea200d
105f1e
fc1155
f5cecc
141087
eaf061
0c6ee2
01415b
f18efe
15703a
ece0ac
081ebb
06514f
ee0f3b
15bfe9
f040ef
02dea9
0b112a
ebbf87
14af94
f3f125
fdfea5
0f20f8
ea7fd7
128f4b
f8c149
f8beb7
1260b7
ea6029
0f4f05
fde158
f42edd
14b06d
eb607d
0b2ed6
030158
f04f11
15c01e
edd0c5
067eb2
07f142
ed1f51
155fc8
f15104
013ea2
0cb11e
eb2fa1
143f79
f59134
fbfeab
1070e2
ea4ff2
11af32
fa8150
f72ec3
1350a2
eac043
0e1ef3
ffb15c
f2aeee
151050
ec5094
096ec7
04e151
eeff26
15d000
ef10da
04aeac
09a138
ec5f70
153faa
f2d117
ff7ea3
0e010b
eaafbe
135f60
f7713d
fa4eaf
11d0cf
ea400e
105f1b
fc6156
f58ecd
140087
eb3063
0c8ee4
01815d
f14f00
15a035
ed40af
07dec0
06714d
edff3f
15afe1
f040ef
02cea6
0b5129
eb8f87
14bf91
f44125
fd9ea7
0f50f6
ea5fd5
126f44
f91149
f87eb5
1290b5
ea802a
0f4f06
fe215a
f40ee1
14d06a
eba07e
0b0ed4
036158
f02f17
15b014
ee20c8
062eb1
082143
ed1f57
15afc4
f1a103
012ea3
0cb11c
eb2fa4
141f75
f5d135
fbfeac
1070e1
ea3ff5
115f2f
fab151
f71ec5
13809c
eaa04a
0dbef3
ffd15c
f27eed
15504e
ec5097
095ec6
052152
eedf28
15affe
ef50dc
048ead
09d136
ec3f6d
151fa8
f30114
ff6ea2
0e2107
ea9fbe
134f5d
f7713f
fa4eb1
11c0cd
ea3013
106f18
fc5158
f59ed0
144081
eb5064
0c7ee1
01815a
f14f00
155035
ed20b2
07bebb
06914d
edef40
15dfe0
f030f1
02eea8
0b5127
eb7f86
14af90
f42124
fd9ea5
0f70f7
ea6fda
123f45
f8d147
f8aeb8
12d0b6
ea902d
0f0f04
fe015c
f3eede
14d06b
ebd07e
0afed4
03315b
efef15
15c017
ee10c7
061eb4
084143
ed1f56
155fc6
f17105
00eea3
0cb11e
eaefa0
144f77
f60132
fc1eab
1090e3
ea4ff6
116f2e
faa153
f6cec1
13409e
eac047
0dbef6
fff160
f2ceef
153051
ec6095
095ec7
04d151
ef0f29
15bfff
ef20da
048eac
09e133
ec5f6f
151faa
f2f115
ff5ea2
0e3109
eabfc1
133f5c
f73140
fa3eb2
11a0cb
ea500f
107f17
fc7158
f57ecd
143086
eb1063
0c8ee3
01815a
f13efd
159035
ed40ae
07debb
06b14c
edef40
15afe2
f030f4
02eea6
0b212a
eb7f89
14af92
f46125
fdcea9
0f40f8
ea8fd8
126f47
f90149
f8beba
1270b4
ea802c
0f2f07
fde15c
f40eda
14b06a
eba07a
0b2ed4
03315a
f00f10
15b01c
ee20c4
066eb1
081143
ecff57
157fc8
f17101
013ea3
0ca11c
eb0fa1
142f7a
f5a133
fc1eab
1090e5
ea5ff5
118f32
fa6151
f75ec1
13709f
ea7044
0deef4
ff915a
f2deed
153052
ec2094
09aec8
04c150
ef1f23
15bfff
ef20d9
048ead
09a137
ec4f6d
153fb1
f2b112
ff7ea6
0dc10b
eabfba
136f60
f7113f
fa7eb2
1160ce
ea300a
108f1e
fc1156
f57ecb
140088
eb105d
0c9ee7
01215e
f19efd
158039
ecd0aa
081ebe
06514f
ee1f3b
15efe6
f010ed
031ea5
0af12d
ebaf83
14cf95
f40123
fe2ea4
0f20f8
ea7fd3
126f4a
f8a149
f8deb7
1280bc
ea7025
0f3f09
fda15a
f47eda
149070
ebb078
0b5ed5
02a158
f06f0e
15901f
ede0c0
06beb5
07c145
ed1f4f
159fcd
f12100
01aea6
0c5122
eb4f99
143f7c
f5612f
fc6ea8
1060e6
ea6fec
11af32
fa3152
f75ec0
1330a6
ea9042
0e5efa
ff115a
f2dee7
15205b
ec308f
09eeca
047156
ef4f22
15b006
eed0d5
050eae
09413b
ec8f67
151fb2
f24110
001ea2
0da111
eadfb2
138f63
f6d13a
facead
1160d2
ea7007
10bf22
fb8157
f61ec8
13f08a
eaf05a
0d1eea
00d15b
f20ef8
152040
ecd0a7
088ec0
06014f
ee5f35
15efeb
efb0e6
03aea9
0aa130
ebff7e
14ef9d
f3d11b
fe7ea4
0ee0fe
ea8fcd
12cf53
f81146
f98eb3
1240c0
ea601d
0fdf0f
fd215b
f4bed7
146077
eb506f
0baeda
02615a
f09f09
159028
ed90ba
072eb8
075149
ed8f4c
15afd3
f0d0fb
024ea7
0bf125
eb6f94
148f87
f4e129
fd0ea9
0fe0f1
ea4fe3
120f3d
f9b14b
f81ebc
12d0aa
ea9037
0edefc
fed15d
f35ee3
151062
ec0086
0a7ed0
03b159
efbf19
15d00e
ee80cc
058eaf
08a142
eccf5d
156fbe
f2010a
00bea4
0d2115
eb0fab
13bf6e
f63138
fb6eac
10c0dd
ea5ffe
111f2b
fb2152
f69ec3
138097
ead04d
0d6eed
00415b
f25ef3
156048
ec809b
090ec4
050153
eebf2f
15aff7
ef50e0
044ea8
0a3134
ec1f75
150fa6
f2e119
ff1eaa
0e8104
ea5fc4
131f5a
f77142
fa0eaf
11b0cb
ea5014
102f16
fc6156
f54ed0
144082
eb4064
0c6ee0
01915b
f16f02
15a035
ed30af
07eebe
06a14d
edff3f
15cfe2
f040f2
02eea7
0b612b
eb9f88
149f90
f46124
fdaea3
0f50f8
ea7fd9
127f48
f8e149
f8beb7
1270b7
ea4028
0f4f07
fdf15a
f43edb
14a06e
eb807a
0b1ed3
02e159
f02f12
15b01d
ede0c3
069eb2
07f143
ed1f51
158fc9
f14102
018ea5
0c911c
eb2f9f
143f7e
f56130
fc3ea6
1040ea
ea5fed
11df33
fa214f
f77ebf
1320a1
ea8041
0e2ef9
ff515e
f2eeea
150058
ec108b
09eec9
046155
ef3f23
15d008
eea0d4
053ead
09413d
eccf68
154fb7
f28110
fffea2
0d810d
eadfb2
13af67
f6b13c
fb1eac
1150d8
ea4003
10ef22
fba156
f5eec7
13e08f
eaf053
0d3ee9
00c15d
f1fef7
159041
ecb0a1
088ec2
05a151
ee7f32
15eff2
efa0e5
03bea8
0a6130
ec1f7b
14cfa2
f3511c
febea2
0eb102
ea7fcd
131f56
f7d144
f9ceb2
1220c4
ea3019
0fef14
fcf15d
f52ed5
14507c
eb506c
0beedd
02315d
f0cf09
15702b
ed60b4
075ebb
070148
ed9f45
159fda
f070f4
028ea6
0b6126
ebaf8d
146f8d
f4a127
fd9ea9
0f50f4
ea7fdc
125f43
f92147
f87eb9
12b0b1
ea802d
0f0f01
fe215c
f3eedc
14a06a
eb807e
0aeed1
036156
f01f12
15b019
ee50c7
064eb1
082143
ecff54
159fc7
f18103
015ea6
0ca119
eb0f9f
141f78
f58134
fc0eaa
1040e4
ea2ff2
119f31
fa8151
f73ec1
1300a2
eac045
0e2ef7
ffa15e
f2deec
150055
ec108e
09ceca
048153
ef4f20
15c004
eed0d8
04eeaf
09413c
ec6f6b
154fb5
f26110
000ea6
0dc10d
eacfb5
13bf67
f6c13b
faceae
1140d2
ea4007
10bf22
fbc157
f62ec8
13d08d
eaf05b
0d1eea
00d15b
f1fef7
157042
ecd0a1
08cec0
05c150
ee7f35
15efef
ef90e6
03bea8
0a6131
ec0f7b
150f9f
f3711d
feaea3
0ec102
ea9fca
12ff53
f7c142
f9beb3
1200c4
ea601e
0fef12
fcf158
f53ed4
14607b
eb6067
0c0ede
01e15b
f0ff03
15b02e
ed60b5
077eb9
06e14c
edbf43
15cfdb
f080f2
029ea8
0bb129
eb9f8b
148f8d
f48127
fd5ea8
0f60f2
ea5fdd
124f47
f8f149
f86ebb
12c0b5
ea902f
0f0f04
fdf15a
f42edd
14c068
ebb07d
0b2ed3
033159
f02f13
15a01d
ee20c5
065eb4
07f144
ecff56
158fc9
f17100
015ea8
0c611c
eb1f9f
144f7b
f5612f
fc3ea9
1060e8
ea4fee
11af36
fa3151
f75ebc
1310a7
ea9040
0e3ef6
ff215c
f31ee7
152058
ec1090
09fecb
044155
ef6f21
15c009
eea0d5
050eac
09113d
ec6f65
153fb5
f2010e
000ea4
0d6115
eadfb1
139f6c
f66139
fb2eac
1110da
ea1002
110f25
fb4154
f66ec8
13d094
eaf052
0d2eeb
00615a
f22ef3
157045
ec909c
08eec1
056154
eebf32
15cff5
ef80e5
044eae
0a0136
ec2f75
14efa7
f33119
fefea5
0e5105
eabfc3
130f58
f7713f
fa0eb0
11d0cb
ea4016
102f16
fc8157
f56ecf
142085
eb4063
0c4ee2
01a15b
f13f00
158034
ed40ac
080ebc
06914c
edff3c
159fe2
f030ef
030ea8
0b212c
ebaf85
14cf93
f42121
fe1ea3
0f30fb
ea7fd3
129f49
f87148
f91eb8
1230bc
ea702a
0f6f0a
fd9159
f4aed6
149073
eba075
0b6ed8
02915a
f09f0d
15a023
edb0bd
06ceb5
07b145
ed7f4a
15afd2
f0e0f8
020ea7
0c0123
eb4f97
144f85
f4e12b
fcdea9
0ff0ef
ea4fe6
11ff3d
f9a14c
f80ebb
1320ab
eaa035
0e9f00
fe715b
f3cee1
14a05f
ebe083
0a7ed0
037159
efcf17
15f014
ee60cc
05deb2
089144
ecdf5a
155fc4
f1b106
00eea2
0cc119
eb4fa5
140f73
f5e134
fbeea9
1070e2
ea5ff4
117f31
fa7150
f70ec2
13a0a3
ea8048
0e1ef5
ff915e
f2ceec
151055
ec4094
099ec7
04a154
eeff23
15a000
eee0d9
051ead
094139
ec6f67
155fb3
f28111
ffdea3
0db10f
eadfb6
13af66
f6d13e
faeead
1140d7
ea2004
10ef21
fbb156
f64ec8
13d090
eae056
0d1ee9
009159
f20ef6
156047
ecd0a3
08dec2
05a150
ee8f34
15dff0
ef60e2
03fead
0a5136
ebff78
14ffa4
f3411c
feeea4
0e6104
eabfc5
133f57
f7b13f
f9eeb1
11d0ca
ea5014
101f15
fc8159
f54ed1
143080
eb4064
0c7ee3
019157
f12f02
15a034
ed30ae
07febb
06714a
edff3c
15dfe5
f030f1
032ea6
0b212c
ebaf85
14cf93
f42122
fdeea6
0f00fc
ea6fd3
12bf49
f8914a
f91eb5
1260bb
ea6022
0faf0b
fd7159
f49ed8
146073
eb8070
0b8ed9
02615a
f0bf0e
15b025
edb0ba
06feb6
076146
ed8f48
159fd7
f0e0f9
020ea6
0bf125
eb4f93
147f86
f4b12c
fd3eaa
0fd0f1
ea6fe2
125f3f
f9614c
f83eba
12f0af
ea8032
0eff00
fe615c
f3aee1
14f066
ebb084
0adece
036159
efff13
15b015
ee20c8
063eb1
087141
ed0f55
158fc7
f19106
017ea2
0cb11b
eaffa1
142f7b
f57134
fc4eaa
1060e6
ea5ff0
118f32
fa5150
f78ec1
1330a4
ea9042
0e4ef3
ff515c
f30eea
151055
ec308a
0a2eca
046155
ef7f1f
15e009
ee90d2
052eb1
08f13d
ec9f63
154fba
f2310d
005ea5
0d7114
eaffad
139f6b
f66138
fb6ead
10c0d9
ea3fff
112f27
fb2155
f6cec6
138098
eab050
0d9eef
00015d
f25eef
15604a
ec709b
093ec4
052156
eeef29
15bff8
ef30dc
046ea9
09b135
ec2f6d
152fae
f31115
ffbea3
0e110e
eaafba
136f61
f6f13e
fa9eb0
1150d3
ea400b
109f1e
fbe156
f5cecc
14008b
eb105a
0cbee5
00e15d
f18efa
15603f
ecf0a2
089ec1
05f152
ee7f36
15cfee
efa0e9
03beac
0a6132
ebef7c
14cf9e
f3711b
fe8ea6
0e9105
ea9fca
130f54
f7c145
f9ceb2
11e0c4
ea4018
101f15
fcb156
f52ed3
145080
eb2063
0c6edf
01b15a
f12f04
15902f
ed20ae
07debc
06a14d
edcf40
15bfe4
f030f0
02fea5
0b512d
eb8f86
14bf92
f42123
fdfea6
0f20f9
eaafd6
128f4a
f87147
f92eb6
1230bd
ea6024
0fbf0c
fd6158
f49ed9
149075
eb8072
0b9eda
02515b
f0bf09
15b027
ed70be
072eb5
074147
ed8f49
158fd7
f0d0fa
023ea4
0bd124
eb7f94
146f87
f4912d
fd4ea7
0fa0f0
ea6fdf
124f41
f9414c
f88ebd
12c0b1
ea602f
0eff02
fe315c
f3cee1
14a069
ebc07d
0b1ed2
035156
f03f12
15a01a
ee00c1
065eb4
080142
ed1f52
158fca
f14102
017ea7
0c511f
eb2f9d
142f7e
f56130
fc7ea6
1040eb
ea6fec
119f38
fa014d
f78ebe
12f0a8
ea8039
0e7efa
ff015b
f34ee7
14d060
ebf088
0a8ece
03c154
efcf1d
15b00f
ee80cd
05ceb1
08a13c
ecdf5b
157fbf
f1e107
00dea0
0d0119
eb0fa6
13ef71
f5f137
fbceab
10a0e2
ea5ff5
116f31
faa151
f71ec3
13509d
eac046
0deef5
ffa15e
f2eeed
151052
ec4092
09aec9
048154
ef7f23
15c004
eee0d7
051eaa
09613d
ec9f65
152fb3
f25111
000ea5
0d6113
eabfb1
13af67
f6a139
fb4eac
1120d7
ea1ffe
10df27
fb4154
f69ec7
13a094
eac053
0d7eec
00315b
f25ef2
153049
ec609b
091ec3
055150
eecf2b
15cff8
ef70e1
047eab
09c139
ec5f6f
153fa9
f2d115
ff7ea3
0df10a
ea9fbc
136f60
f7313c
fa7eb1
1160d3
ea400c
10bf1c
fbf155
f5fecd
14208b
eb105b
0ceee6
00a15a
f1eefa
157042
ecf0a4
089ec0
05c150
ee6f33
15cff0
ef80e8
03deaa
0a5132
ebff76
151fa2
f3311e
fedea3
0e8105
eaafc7
130f5a
f7a140
f9eeb3
11d0c8
ea5017
101f19
fc8158
f55ed1
141082
eb0060
0c5ee2
01715d
f15f03
15a034
ed20aa
084ebd
06714d
ee0f39
15bfe8
f010eb
036ea6
0ac12b
ebef84
14ff9a
f3e11e
fe3ea4
0ef100
ea8fcd
12df52
f83146
f96eb5
1220c4
ea901e
0fdf11
fcc15c
f4ced4
14807a
eb406d
0bfede
01f15c
f10f03
15802b
ed60b4
078eb9
06c14a
edcf43
15afde
f050f4
02aea5
0b412b
eb9f89
148f90
f43127
fdbea7
0f20f7
ea4fd9
128f47
f8e146
f8deb8
1270ba
ea7026
0f7f09
fdb15b
f43ed7
14a070
ebb073
0b7ed8
02a158
f08f0b
15c024
edb0ba
06feb5
073147
ed8f4a
15bfd8
f0d0fa
025ea7
0bc124
eb7f94
145f86
f4b128
fd0ea8
0fc0f3
ea4fdc
124f40
f9314a
f86ebb
1310b1
ea4030
0eff04
fe115b
f3eedf
14d06b
ebb07b
0aeed4
03215a
f05f11
15c018
ee10c7
067eb5
07c147
ed2f53
159fca
f170fe
01bea5
0c5122
eb4f98
144f80
f5312f
fc8ea7
1010e9
ea4fe9
11ef39
f9d14f
f7eebf
12c0ac
eaa03a
0eeeff
feb15b
f37ee3
151061
ebd085
0aced2
037158
efdf17
15e014
ee40c8
05deb2
085143
eccf57
155fc6
f18104
013ea4
0cb11b
eb1fa1
142f79
f5a135
fc2ea9
1070e6
ea2fef
11bf34
fa514e
f78ec0
1340a4
eaa040
0e2efa
ff315e
f32ee7
15005c
ec308a
0a3ecd
043155
ef8f1b
15900c
eea0cf
05aeb1
08a13c
ecbf60
154fc0
f1e108
00dea5
0cf115
eaefa7
13df73
f61135
fbaeac
1090df
ea7ff6
117f2f
fae152
f6fec6
13709f
eae046
0e0ef4
ff9159
f2deed
152053
ec5093
09dec8
046157
ef3f24
15c004
eeb0d5
054eb0
09313d
ec9f67
152fb6
f2310d
004ea2
0d6111
eadfb1
13bf6a
f67139
fb5eae
1100d9
ea3ffd
10ff2b
fae152
f69ec8
13809b
eab04a
0dbeed
00015b
f28ef0
151050
ec8098
099ec8
04e151
eeef26
15cffe
ef20db
04deab
09b139
ec7f6d
151fae
f28113
ffeea4
0dc10e
eacfb6
138f67
f6c13a
faceaa
1120d7
ea4005
10bf27
fb6154
f66ec9
13d093
eb0051
0d2eeb
00715c
f1fef3
155047
ec809d
092ec3
05514f
eedf30
15aff9
ef30e1
045eac
09e137
ec3f6f
153fab
f30116
ff7ea3
0df10b
eaafbc
133f60
f7313e
fa9eb1
1180d0
ea400d
108f20
fbe153
f5fecb
13f08c
eb0059
0cfee6
00b15d
f20ef7
157040
ecc0a5
08bec1
059150
ee7f30
15dff3
ef70e7
03dea8
0a2134
ec1f75
150fa5
f3611c
ff0ea3
0e8105
eacfc4
134f58
f76141
fa5eb3
11c0cc
ea2011
105f19
fc4156
f57ecf
143086
eb105d
0cbee4
01215c
f17ef9
157039
ed00a8
082ebf
060150
ee9f37
15ffed
efd0e7
037ea9
0aa130
ebef7e
14df9a
f3a11d
fecea4
0eb104
eabfc7
12ff56
f7c142
f9ceb2
11d0c6
ea6018
101f17
fca159
f54ed1
144080
eb3064
0c7ee1
01515b
f15eff
15a036
ed40ae
083ebc
06514b
ee2f3c
15bfe8
eff0ed
034ea8
0af131
ebbf81
14df98
f3e123
fe8ea3
0eb102
ea9fcd
12ef51
f84144
f98eb2
1200c3
ea301c
0fcf11
fd1159
f4eed5
14507e
eb4067
0c2ede
01d15c
f10f02
15a030
ed80b2
07ceba
06914a
ee0f40
159fe0
f030ef
02eea5
0b3128
ebaf86
14bf91
f40123
fdfea3
0f10f9
ea8fd1
12af4c
f87146
f92eb6
1230c0
ea6023
0f9f0c
fd2158
f4aed6
145075
eb506e
0bced9
02215c
f10f05
15b02c
eda0b7
079ebb
06e14a
ed9f45
159fdc
f080f2
029ea8
0b8128
eb6f8c
149f8e
f45125
fdaea6
0f30fa
ea4fd4
128f48
f9114b
f8deb8
1280bb
ea5025
0f7f0d
fd815a
f45ed7
146074
eb5074
0baedb
027157
f0af0a
15b026
edd0b9
070eb8
074147
ed7f48
157fda
f0c0f9
026ea6
0b9123
eb9f90
147f89
f49129
fd8ea5
0f80f3
ea5fd9
125f44
f9014b
f8ceba
12a0b7
ea8029
0f3f06
fda15c
f43ed9
14906e
ebb078
0b3ed5
02a15c
f08f0e
15b022
edb0bd
06feb4
078148
edaf4b
15bfd2
f0f0fc
024ea6
0bd120
eb4f94
148f89
f4f12a
fd4ea9
0fa0f1
ea6fdf
123f40
f9414d
f87eb8
12c0b5
ea7031
0f2f04
fde160
f41edd
14906c
ebd07d
0b2ed6
03015a
f04f0d
15d01e
ede0bf
06beb4
07d147
ed5f4f
15afd2
f0e0fc
01eea6
0c2122
eb5f98
145f85
f5012c
fcfea7
0fe0ed
ea5fe4
120f3d
f9914f
f82ebb
12b0af
ea8032
0f0f00
fe615b
f3bede
14c065
ebe07f
0aeed5
033156
efff14
15a01c
ee10c5
066eb3
080144
ed3f55
15afcd
f15101
01aea4
0c411c
eb3f98
142f7f
f5312f
fcaea7
1000ea
ea3fe6
11ef3b
f9c14d
f80ebe
12f0ad
ea7036
0ebeff
fea15c
f37ee3
14c064
ebc07f
0aeed2
038159
efef14
15a017
ee40c6
063eb3
082144
ed0f58
157fc8
f18104
018ea6
0c811c
eb3fa0
144f7a
f56130
fc8eaa
1050ea
ea7fec
11cf3a
f9e152
f7dec0
1300aa
ea703c
0e6efc
fea15d
f36ee5
14e061
ebe086
0a9ed0
03a155
efdf18
160013
ee30ca
060eb3
086144
ecdf57
156fc5
f17103
013ea3
0cd11a
eb1fa1
13ff7a
f57132
fc4ea4
1050e8
ea3fee
11af34
fa014f
f78ebe
1310a5
ea803d
0e7efc
ff115d
f37ee6
14b05e
ebe08a
0a6ed0
03e156
ef7f1d
158010
ee60ca
05deb2
08613d
ecdf5a
156fc0
f1d10b
010ea5
0ce119
eaffa3
13ef77
f5d131
fbfeab
1050e5
ea6ff1
118f32
fa5152
f78ec2
1300a4
eaa03f
0e6efa
ff3156
f34ee7
150059
ec208c
0a3ecb
03e155
ef9f1d
15c00c
eeb0d1
058eae
08b13e
ecbf5e
154fc0
f1e108
00dea2
0cf119
eb0fa9
13ef70
f5e135
fbceaa
1080e0
ea2ff4
118f2e
fa8151
f72ec1
1360a1
eaa043
0e3ef4
ff715d
f30ee9
153058
ec408d
09eec9
043158
ef6f1e
15d00b
eea0d2
058ead
08f143
ec9f63
157fbb
f21109
009ea4
0d2117
eb1fab
13df6e
f5f134
fbbeab
1090df
ea5ffa
114f2e
fad154
f70ec4
13409d
ea7045
0ddef4
ff815d
f2ceec
14f053
ec4093
0a0ec8
047157
ef5f22
15d005
eed0d4
053eb0
08f13c
ec8f64
156fb5
f23109
006ea2
0d5114
eb0fad
13af6f
f64139
fb9eab
10d0dd
ea4ffc
113f2c
fac150
f6fec3
13609b
eab048
0e0ef5
ffe15a
f2aeed
152054
ec1092
09aec7
049155
ef2f23
15e005
eec0d5
052eae
09513e
ec8f65
154fb6
f2510f
005ea4
0d8116
eaefaf
13cf6e
f6513a
fb8ead
10d0dd
ea5ffe
112f2a
fb1152
f6bec3
139099
eab04b
0daef4
ffe15c
f28eef
15404d
ec5095
097ec9
04d153
eeff23
15b000
eee0d6
04ceab
096139
ec8f6a
154fb2
f2710f
000ea4
0db112
eacfb3
13bf68
f6913b
fb3ead
1110da
ea4001
10ff25
fb1154
f6cec5
13c097
ead050
0dbeee
00015d
f27ef0
15404d
ec809a
097ec6
04f152
eeff2a
15bfff
eef0da
04ceab
097138
ec5f6d
153faf
f28112
ffdea4
0d910f
eacfb5
13af66
f6f13c
fb1eac
1140d5
ea1004
10df24
fb5156
f65ec8
13d093
eae052
0d7ef0
00515b
f23ef5
154049
ec7099
094ec5
051152
eecf2b
15effb
ef50db
049eac
09b138
ec5f6b
155fb0
f27115
ff9ea5
0dc10c
eabfb6
136f66
f6c13e
faeeb1
1130d4
ea3007
10bf23
fb8154
f63ec7
13e092
ead051
0d5eeb
00815a
f24ef4
154047
ecc09b
092ec2
053152
eebf2f
15bffa
ef60de
046ea9
09a137
ec3f6f
150fae
f2f114
ffaea6
0df10c
eaafba
135f62
f6e13e
fabead
1160d4
ea600b
10af21
fba155
f63ec6
13d08e
eac052
0d4eeb
00815a
f22ef7
157045
ec809f
091ec3
056154
eebf2d
15dff7
ef70df
044ea8
09f136
ec3f71
151fa8
f2d116
ff9ea2
0e010a
ea8fbe
138f61
f7413e
faaeb0
1140cf
ea500a
10bf20
fbe155
f5fecc
13f08f
eaf057
0ceee8
00a15d
f20ef8
154045
eca0a0
08dec2
058150
eeaf32
15eff3
ef50e1
042eac
0a0135
ec1f72
152fa7
f30116
ff6ea4
0e3109
ea9fc0
132f5f
f75141
fa5eaf
1180d0
ea600c
108f1e
fbf155
f5eecd
13f08c
eae059
0cdee5
00a15d
f1def9
15703e
ecc0a5
08cec1
05a150
eeaf32
15cff3
ef60e4
042eaa
0a7135
ebff77
150fa6
f34117
ff2ea4
0e3105
eacfc2
133f5b
f76141
fa2eb0
11a0ce
ea3010
109f18
fc0159
f5cece
14208b
eb405b
0caee7
01015b
f19efa
15703e
ed00a4
087ebf
05d150
ee5f32
159ff1
efc0e7
03dea8
0a7132
ebef78
150fa3
f32119
ff0ea4
0e5105
ea8fc2
131f5c
f7713e
f9eeb1
11b0cb
ea4013
105f1a
fc3157
f5aed0
141086
eb105f
0caee7
01215c
f19ef8
15603d
ece0a5
086ec0
05e14f
ee2f33
15cfec
efc0e7
03aeaa
0a7133
ebcf7a
14ef9e
f3711d
fecea6
0e9103
eaafc5
133f57
f7c144
f9feb4
11d0c9
ea5017
100f18
fc9156
f56ed2
13d086
eb2063
0c7ee5
01715d
f16efc
157037
ecf0a9
087ebd
06514f
ee2f37
159feb
eff0ea
038ea6
0a9130
ec1f7d
14ef9f
f3911e
fedea6
0e7103
ea8fc8
12ef55
f7a144
f9deb2
11e0c6
ea6016
101f17
fcc156
f57ed3
142081
eb2061
0c9ee5
01415d
f13efc
158038
ed00ac
083eba
06514e
edff39
15cfea
f000eb
037ea8
0ab12f
ebdf7c
151f9c
f3d11f
fe6ea3
0ec0ff
ea9fcb
12df51
f80145
f9ceb6
1200c6
ea6017
0fef14
fcd154
f53ed2
145081
eb4066
0c4ee0
01a15a
f12f03
159035
ed20ae
080ebf
06614d
ee1f39
15afe6
f010ed
035ea8
0ae12c
ebdf82
14bf98
f3f123
fe5ea6
0ee100
ea8fcc
12ff50
f81145
f97eb5
11e0c6
ea601e
102f13
fcf158
f4ded4
14407f
eb6069
0c3ee0
01e15d
f13f02
159030
ed20b1
07eebb
06b14b
edcf3e
15bfe6
f040ef
032ea9
0b212e
ebaf83
14df96
f3b123
fe1ea7
0f10fc
ea5fcd
12bf50
f84145
f98eb3
1220c0
ea701d
0fcf11
fd015a
f4ced6
147079
eb706c
0bfedd
01e15d
f10f04
15b02c
ed40b4
07cebb
06e14c
edff41
15bfe3
f030ef
032eab
0b1128
ebbf85
14cf92
f40124
fddea6
0f40f7
ea4fd4
12af4d
f88148
f91eb7
1230be
ea5022
0fcf10
fd0158
f4ded8
14a07a
eb306f
0bfedd
023159
f0ef07
15a030
ed80b8
078ebb
06b14c
eddf47
15efde
f080f3
02cea7
0b1128
ebaf89
14df90
f43126
fdcea4
0f30f9
ea6fd5
129f49
f89147
f8feb5
1250bc
ea6023
0f9f0c
fd5158
f49ed7
147074
eb806f
0bced9
02815b
f0df09
15a02b
ed90b7
073eb7
07414a
ed9f45
159fda
f0a0f8
026ea5
0b8128
eb8f8d
149f8e
f48128
fd9ea7
0f70f7
ea7fd9
127f46
f8c144
f8beb9
1280b6
ea8025
0f7f09
fd9158
f48ed7
147071
eb5076
0bbed9
028157
f06f0c
15a028
edd0bb
070eb8
077148
edaf4a
15afd9
f0b0f6
024ea8
0bd123
eb8f91
146f8d
f4a12a
fd7ea6
0f90f2
ea7fdc
124f42
f9014b
f89eb8
1290b6
ea6029
0f1f04
fde15d
f42edb
14806e
eb7076
0b7ed6
02b15a
f03f11
15c026
eda0bb
06aeb7
077146
ed6f49
15cfd2
f100fa
020ea4
0bd125
eb6f92
147f89
f4a12c
fd3ea6
0fa0f2
ea5fe0
123f42
f93149
f89eb8
12c0b2
ea602f
0f0f04
fe115b
f42eda
14b06c
eba07b
0b2ed4
02d156
f04f0d
15901d
edc0c2
06aeb5
07b145
ed6f4d
157fd3
f110fd
01fea6
0c2122
eb5f96
144f82
f4f12c
fcfea8
0ff0f0
ea6fe5
11ff40
f9814d
f86ebd
12b0ae
ea9031
0eef01
fe215c
f3eedf
14d067
ebc080
0aeed5
030157
f04f12
15a018
ee10c6
069eb3
07d145
ed4f51
158fcd
f130fe
017ea5
0c411c
eb4f9a
145f80
f51130
fcaea8
1000e9
ea5fe7
11ff3a
f9914d
f81ebe
12e0ac
ea8035
0ebefe
fe915b
f3cee0
14d061
ebc083
0aded0
035159
efef16
15b015
ee20c7
060eb2
081141
ed0f58
156fc8
f18102
014ea2
0c711a
eaff9e
143f7e
f5712f
fc6ea8
1030ec
ea6fed
11df35
f9e14f
f79ebe
1310ab
ea903b
0e7efd
fec15c
f33ee5
14d05e
ebe086
0a3ecf
039158
efbf19
15c014
ee40ca
05feb1
088141
ecff5b
15afc4
f19105
010ea4
0cc119
eb4fa1
141f76
f59134
fc3ea9
1020e3
ea2ff1
118f35
fa514d
f78ec1
1350a4
ea903d
0e6ef9
ff315e
f33ee6
15005d
ebf089
0a3ecc
03d154
ef9f1c
15c00f
ee50d0
05beb2
089140
ecaf5f
158fc4
f21107
00dea5
0d0117
eaefa7
13ef72
f5e134
fbfea9
1060e2
ea2ff4
118f2d
fa7151
f72ec2
1350a1
eab043
0e0ef6
ff415d
f30ee9
150059
ec308d
09feca
042153
ef4f21
15a009
eee0d5
056eaf
08f13e
ecbf63
154fba
f2410a
004ea3
0d0115
eacfad
13cf73
f64135
fb7eac
10d0da
ea4ffa
110f2a
faf150
f6eec4
13809e
eab046
0ddef3
ffb15d
f2beec
14f050
ec4094
09bec9
048151
ef0f24
157003
eee0d7
051eaf
09413c
ec7f66
156fb5
f2410f
004ea3
0d6112
eacfb1
13bf6a
f6913a
fb4eac
1100da
ea4ffd
111f29
fb4153
f6dec5
13809b
eaa04e
0daeee
00115e
f27eee
14f04c
ec7098
096ec4
04e152
eedf28
159ffd
ef10dc
04aea9
099138
ec6f6d
153faf
f2b114
ffdea5
0dc10c
eabfb6
138f65
f6c13c
faeead
1140d7
ea5003
10cf23
fb8156
f64ec7
13d090
ead055
0d7eea
00615d
f24ef5
157046
ec909f
090ec4
055154
ee9f2c
15dff8
ef40df
046eab
0a0136
ec3f71
153fab
f2e117
ff6ea4
0e0109
eabfbc
136f62
f7213f
fa9eaf
1160cf
ea400c
10af1e
fbf156
f5eecd
13f08c
eaf059
0ceee8
00e15e
f20ef7
157041
ecb0a4
08dec1
05a152
ee7f32
15dff3
ef80e5
040ead
0a4133
ec1f76
14dfa2
f3511b
ff3ea4
0e4104
eabfc1
132f5b
f77142
fa1eb3
1190cd
ea5010
103f1c
fc4156
f5becc
141087
eb105e
0ccee3
01015c
f1aefd
15503d
ece0a7
087ec0
06214f
ee2f37
15efed
efa0e9
039ea7
0aa130
ebef7c
150f9e
f3a11c
fe9ea5
0e9104
eabfc8
12df56
f7d143
f9deb3
11d0c6
ea5016
0fef14
fc9157
f55ed3
14607f
eb5065
0c6ede
01815c
f13f03
159033
ed30ad
081ebb
06714d
edef3e
158fe3
eff0ed
033ea7
0b012d
ebcf83
14ff99
f3e123
fe2ea7
0f00fe
ea7fcf
12ef4d
f87145
f92eb3
1230bf
ea501f
0fef0d
fd0158
f4fed6
14807b
eb406d
0c0edc
02315b
f0ef05
15902e
ed70b6
07aebd
06b149
ee0f41
159fde
f070f4
02aea8
0b5127
ebcf88
14bf92
f41124
fdbea7
0f30f6
ea6fd6
127f4a
f8b146
f8eeb5
1250bb
ea7024
0f8f0d
fd715b
f47eda
14a076
eb9073
0b9ed9
02915a
f07f0b
15b026
eda0ba
073eb7
078148
ed8f4c
158fd8
f0e0f6
027ea7
0ba124
eb2f91
149f84
f4b129
fd7ea6
0f60f1
ea6fdd
122f42
f95148
f89eba
12b0b2
ea802d
0f0f06
fe015c
f41edc
14a06b
eb707a
0b3ed3
030159
f04f11
15801f
ede0c1
06deb5
07b146
ed3f50
156fcf
f130ff
01bea7
0c7120
eb6f9a
145f80
f5212c
fceea6
0ff0eb
ea3fe7
11ff39
f9c14c
f80ebc
12f0ad
ea7037
0ecf00
fe915b
f3aee3
14c066
ebe082
0a6ecf
039158
efef19
15c014
edf0c6
063eb3
084142
ed0f58
15afc7
f18106
015ea6
0ca11c
eb1f9f
145f7a
f5a133
fc8ea9
1060e9
ea4ff0
120f37
f9f14c
f79ebe
1340a5
eab03e
0e3efb
ff115b
f34ee7
14e05d
ec008a
0a3eca
040158
efbf1d
15d00d
ee80cf
05beb0
08a13f
ecaf5d
158fbe
f1f109
00aea4
0d3116
eadfa8
140f74
f61137
fbdeaa
10a0e1
ea5ff7
118f2e
fab152
f70ec1
13509e
ea9049
0ddef3
ff715c
f2beec
152053
ec2094
09eec9
049156
ef1f23
15e004
eec0d9
051ead
09613a
ec8f66
153fb5
f2510d
000ea3
0d9114
eaefb0
139f6a
f66138
fb4ead
10f0dc
ea3001
110f27
fb7155
f68ec7
139095
ead04e
0daeef
00415d
f23ef3
155048
ec8099
094ec4
053152
eebf2a
15cff9
ef30df
047eab
09e136
ec3f71
151fab
f2b116
ffaea5
0de10b
eabfba
135f61
f7213d
fa9eae
1190d1
ea300b
107f1e
fbc155
f5feca
14008b
eb205b
0d1eed
00c158
f1cef9
15603f
ecf0a1
089ec1
05c14d
ee5f32
15aff2
ef80e6
03eea9
0a5133
ec0f76
150fa2
f35119
febea4
0e4104
ea6fc4
133f57
f7a142
f9eeaf
11d0c8
ea5015
102f15
fc9159
f58ed2
144083
eb2064
0c7ee3
01915b
f17efe
158036
ed30ac
080ebd
06314d
ee0f3b
15ffe6
f010ec
033ea7
0af12e
ebbf81
14bf9a
f40122
fe5ea4
0ed0fc
ea8fce
12bf4f
f86145
f95eb7
1240c0
ea4020
0fbf0e
fd015a
f4fed7
14607a
eb606e
0bdede
02415a
f0ef06
15b02a
ed70b4
076eb8
072149
edbf46
15bfda
f090f3
02bea5
0b812a
eb7f8d
148f8e
f46126
fd8ea5
0f80f4
ea7fdc
124f45
f8c149
f8beb8
1280b8
ea8029
0f4f08
fdd15b
f44edc
14d070
eb9079
0b4ed6
02e15a
f06f11
15a020
edf0bf
06eeb5
07a145
ed2f4d
15afd2
f110fe
01bea2
0c5120
eb4f97
142f80
f4e12b
fccea7
1030ee
ea4fe9
120f3b
f9a14e
f80ebc
12c0ae
ea7035
0ebefd
fe8159
f3bedf
14f062
ebd085
0a9ed4
03a158
efef18
15d014
ee30cb
062eb1
086140
ecff5a
154fc5
f19107
00fea5
0ca119
eb2fa3
141f7a
f59134
fc2ea9
1080e2
ea4ff0
119f34
fa4151
f76ec3
1330a0
ea9042
0e0ef5
ff515e
f2feeb
150058
ec108d
09fecc
042152
ef9f1f
15c00b
eec0d1
054eae
09213e
ec8f64
156fb8
f2110d
004ea4
0d5112
eadfb2
13bf6d
f68137
fb5eac
10f0d9
ea4001
110f26
fb0155
f6bec7
139096
eaf050
0d9eec
00115d
f27eef
15604e
ec609b
095ec6
052153
eedf2a
15cffe
ef30df
046ead
09b137
ec4f6f
152faa
f2e114
ff6ea5
0de10b
eacfbc
135f60
f7113f
fa7eaf
1160cf
ea600e
105f1f
fbe156
f5fece
13f08c
eb0059
0cdee6
00f15d
f1cef8
15403e
ece0a4
088ec1
05c150
ee6f37
15eff0
efc0e5
03cea7
0a9130
ebdf7c
150f9c
f3511d
feaea4
0ec101
ea9fc8
12df53
f7e143
f9eeb4
11e0c4
ea7018
101f14
fce156
f50ed5
14707c
eb1069
0c4ee1
01c159
f10f02
157033
ed20b2
07aeba
06a14c
edef42
15afe3
f030ef
02dea8
0b612a
ebcf88
149f8f
f45127
fdbea4
0f30f9
ea5fd8
126f47
f8d148
f8deb7
1280b7
ea6027
0f4f0b
fd9159
f46edd
14a072
eb8074
0b4ed9
02b15c
f07f0b
15a023
ed80be
06eeb6
078147
ed7f4c
155fd4
f110fc
01eea7
0c2122
eb6f96
144f83
f50129
fceea7
0fb0ed
ea1fe5
120f3c
f9914d
f7febb
12c0ac
eaa033
0eceff
fe815d
f38ee5
14a061
ec0083
0aaed2
03c157
efbf19
15e010
ee30c7
05beb0
08913f
ecdf5b
155fc1
f19105
011ea3
0cc119
eb3fa4
140f78
f5c132
fc1ea9
1070e1
ea3ff4
116f30
fa7152
f73ec2
1350a1
ea9044
0e0ef4
ffa15d
f2eeec
151052
ec3092
09cec9
048155
ef2f23
15c006
eed0d4
04feab
095139
ec5f68
151fb3
f2710d
001ea4
0d7112
eabfb4
138f67
f6b13b
fb1eae
1100da
ea3000
10df26
fb4154
f64ecc
13d093
eaf053
0d2eec
00715e
f20ef4
154046
eca0a0
08dec3
056152
eeaf30
15cff6
ef60e4
040eab
0a3135
ec1f74
154fa5
f33116
ff0ea6
0e5109
ea7fc2
133f58
f74142
fa3eb1
11d0cc
ea8012
105f16
fc515a
f57ed0
140083
eb2062
0c5ee0
01815b
f13efe
158038
ecf0b0
081ebb
06814e
edef3c
158fe6
efe0ed
02eea8
0ad12c
ebbf85
14df98
f3d121
fe1ea5
0f10fa
ea7fd2
12bf4e
f87145
f90eb5
1220ba
ea6023
0f6f0c
fd615a
f48edb
14a074
eb5072
0baed9
02515a
f06f0a
15b023
ed80bb
070eb6
077145
ed5f4b
159fd5
f0d0fd
01fea3
0bf120
eb3f95
145f86
f4d12a
fceea6
0fd0ed
ea4fe4
121f3d
f9a14e
f80ebb
12e0af
ea7034
0e9f00
fe915d
f3bee1
14d063
eba083
0abed0
039157
efef16
15a013
ee40c7
061eb1
089142
ecbf58
157fc3
f1a107
00eea5
0ce118
eb0fa6
140f76
f60132
fbceab
1090e1
ea6ff3
118f30
fab150
f72ec0
13309d
eaa046
0e3ef3
ffb15e
f2bee9
152052
ec4093
09dec9
04c152
ef1f25
15c001
ef10da
050eac
095139
ec9f67
152fb2
f28112
ffeea4
0db10e
eaffb7
137f64
f6e137
fabeac
1150d4
ea9006
10bf21
fbb154
f63ecc
13f08f
eb005a
0d1ee9
00b15c
f1cef7
15603e
ecd0a4
089ec0
05c150
ee8f34
15dff2
efd0e5
03beaa
0a8131
ec0f79
14ff9e
f3811d
febea6
0e8101
eaafca
12ef54
f7e140
f9ceb4
11f0c5
ea4019
100f14
fce158
f4fed2
14607d
eb4069
0c1ede
02015c
f0ef03
15802d
ed70b3
078ebb
06d14b
eddf40
158fde
f070f4
028ea5
0b6126
eb6f8d
148f8e
f46126
fd7ea5
0f70f4
ea4fde
124f45
f8f14a
f8beb7
12b0b3
ea902e
0f3f07
fe315a
f3fede
14c06c
ebb07a
0b0ed5
034158
f03f11
15c01a
edf0c6
067eb2
07f143
ed0f55
15afc9
f14100
016ea5
0c911b
eb3f9e
144f7f
f57132
fc6ea9
1020e6
ea6ff0
11bf37
fa3150
f77ec0
1360a4
eab03f
0e5ef7
ff3157
f31eec
153058
ec408d
09eecb
047153
ef4f21
15d008
eeb0d4
054eae
094139
ec7f64
154fb6
f26111
001ea3
0d8112
eacfb3
13cf6a
f6a138
fb0eaa
1100d9
ea3001
110f24
fb6153
f64eca
13d092
eae054
0d4eec
00815b
f21ef5
155045
ecb09d
08fec3
059153
ee7f2e
15bff2
efc0e5
03deab
0a4133
ec2f79
150fa2
f3511c
febea6
0e6105
ea9fc5
131f56
f7e144
f9beb0
11d0c8
ea8018
100f13
fcb159
f51ed3
14407b
eb1069
0c3edf
01c15d
f10f04
15a030
ed20b3
07ceb7
071148
edbf43
15cfdd
f070f1
027ea6
0b9129
ebbf8c
148f8e
f43125
fd8ea8
0f60f6
ea5fdd
126f44
f9114b
f8beb9
1280b6
ea702e
0f2f06
fe2159
f41edd
14d06b
ebb07b
0b1ed4
031155
f01f11
15b01b
ee40c5
067eb3
081144
ecef53
15bfc9
f18102
017ea3
0ca11e
eb5fa1
140f7a
f5812f
fc5ea9
1020e4
ea3ff0
119f30
fa414f
f75ec3
1330a1
eaa042
0e1ef6
ff715c
f2feeb
151054
ec4090
09cec8
046156
ef3f21
15c003
eec0d3
052eab
095139
ec7f67
156fb4
f27112
001ea5
0d810f
eaafb3
137f65
f6d139
faceac
1110d5
ea5007
10bf21
fbb155
f5feca
14108d
eae057
0d1eed
00b15c
f1cefa
156042
ecd0a5
088ec0
05d14f
ee5f36
15bfea
efb0ea
039ea8
0a812d
ebff7e
14cf9b
f3a11e
fe6ea7
0ed100
ea6fcc
12df52
f81143
f96eb3
11f0c2
ea601e
0fdf0f
fd1158
f4eed4
147077
eb306c
0bdede
02315b
f0cf09
15d02b
edb0b8
074eb7
07314a
ed6f49
158fd9
f0b0f8
024ea7
0bd12a
eb4f92
149f86
f4c12c
fd1ea9
0fc0f0
ea4fe2
11ff3e
f9814c
f80ebf
12b0af
ea8031
0ecf01
feb15a
f3bee2
14d061
eb9085
0aaed2
03b159
efcf19
15d013
ee50ca
05deb4
088142
eccf5c
155fc1
f1d109
00cea5
0d4115
eaffa7
13df72
f63138
fbaea8
10c0dd
ea6ffc
114f2a
fac154
f6aec3
13709a
ead04c
0d9ef2
fff15d
f27ef2
15204b
ec809b
094ec4
051153
eedf2b
15fffa
ef20e0
047ea9
0a0137
ec3f72
153fa8
f30117
ff2ea3
0e4109
ea9fc0
134f5d
f78142
fa5eb2
1190cb
ea3012
107f17
fc6158
f57ecf
142084
eb2066
0c7ee0
01815a
f16eff
157034
ed30af
07feba
06a14e
edef3f
15bfe4
f050f4
030ea5
0b4128
eb9f87
14bf91
f44122
fddea6
0f30f6
ea6fda
129f48
f90148
f8ceb9
1280b6
ea7029
0f3f06
fde15b
f42edb
14906e
ebf079
0b0ed5
032158
f01f11
15c01d
edf0c4
067eb3
07f142
ecff55
158fca
f170ff
013ea5
0c911c
eaffa3
145f79
f5b132
fc0eaa
1070e5
ea3fef
117f31
fa5152
f75ec2
1350a2
eac044
0dfef8
ff915d
f2deea
151053
ec3091
09aec8
04a154
ef2f26
15a004
ef00d6
04ceaf
09a13b
ec8f6b
152fab
f2a112
ffaea7
0da10d
eabfb8
139f60
f7013c
fa8ead
1150d2
ea000b
108f1e
fbf158
f5eecb
13e089
eb005d
0cbee5
01315b
f1aef9
15803a
ecd0a7
084ebc
06214e
ee2f36
159fea
f020eb
036ea9
0ae12b
ebcf83
14df96
f3f122
fdfea6
0f00fc
ea7fd2
12cf4a
f86145
f93eb5
1250be
ea6024
0f8f0a
fd8157
f48ed7
149074
eb7077
0b7ed7
02c156
f08f0e
15c021
ede0be
06aeb5
07e147
ed4f4d
15afd2
f14100
01cea6
0c311d
eb1f9c
142f7e
f5712f
fcaea6
1020e9
ea4fef
11cf37
fa014f
f7bebe
1300a4
ea803e
0e5efa
ff515e
f30ee9
151056
ec308d
0a2ecb
046156
ef4f21
15d007
eec0d7
051eae
09213a
ec6f69
154fb4
f27110
000ea3
0d810c
eacfb6
13af65
f6d13c
faeeae
1130d2
ea500a
109f22
fbf154
f62ecb
13f08e
eaf059
0cfee5
00c15a
f1aefa
15803c
ecf0a5
083ebf
05e14d
ee3f39
15cfe9
efe0e9
035ea8
0ae12e
ebdf81
14df99
f3f120
fe4ea5
0ec0fd
ea9fd0
12df4e
f88148
f95eb5
1250bf
ea7023
0f9f0b
fd615a
f44ed9
148071
eb9072
0b7ed7
02b15b
f08f0e
15b023
eda0bd
06ceb6
07d148
ed4f50
158fd2
f100fe
01aea3
0c111d
eb5f99
146f81
f5312d
fc8eab
1010ea
ea7fe9
11df37
fa314e
f77ec0
12f0a6
eaa03f
0e5efa
ff415c
f2fee8
15205a
ec408e
0a2ecc
047156
ef7f20
15c008
eeb0d8
050eac
093139
ec6f67
153fb7
f27110
000ea4
0d910f
eacfb7
13af66
f6e13c
fadeab
1140d4
ea3009
108f20
fbc156
f62ecb
14008b
eaf05b
0cdeea
01015a
f1befa
15503e
ecd0a5
085ebe
06214f
ee2f38
15bfe9
f040e9
035eab
0ae12d
ebdf83
14ef9a
f40123
fe3ea6
0ed0fd
ea5fd1
12cf4d
f8d146
f93eb5
1240ba
ea7024
0f8f0c
fd815a
f46ed9
14b070
ebb074
0b6ed7
02d159
f08f0f
15c020
edf0c2
068eb5
07d144
ed4f52
157fcc
f16101
01aea5
0ca11f
eb0f9a
143f7e
f57132
fc5ea8
1020e9
ea2fef
11af35
fa3152
f77ec2
1340a4
eac041
0e1ef6
ff6159
f2feec
151055
ec7091
09bec7
047153
ef3f21
15c003
eef0da
04deab
09513a
ec6f69
154fb0
f2a113
ffcea4
0df10e
eaafb9
138f62
f70140
faaeae
1160d2
ea500d
107f1f
fc1155
f59ecd
141089
eb0061
0c9ee3
01315d
f18efb
158037
ece0ad
084ebd
06514c
ee2f39
15afe8
f020eb
02fea7
0b1129
eb9f87
14bf95
f43123
fdcea5
0f50fb
ea8fd7
127f48
f8b147
f8feb7
1290b5
ea402b
0f1f07
fdc15a
f42edd
14b06a
ebc078
0b1ed5
031156
f04f15
15a01b
ee10c3
065eb1
07f142
ed2f54
159fc9
f180ff
013ea3
0cc11e
eb1f9f
13cf79
f5a134
fc2eab
1080e6
ea3ff6
11bf2f
faa152
f6fec5
13509e
eab04a
0dfef5
ffe15d
f2ceee
154051
ec4098
096ec9
051151
ef0f29
15dffb
ef20de
047ea9
09d138
ec4f71
152fa9
f2d117
ff7ea6
0e3107
ea9fc1
134f5b
f7a13f
fa2eb2
11b0ca
ea4013
104f1a
fc8157
f56ecf
147085
eb5066
0c3edf
01a15d
f13f01
157031
ed40b0
07deba
06b149
edcf43
15bfdd
f080f3
027ea7
0b712a
eb6f8e
149f8c
f48127
fd8ea6
0f90f2
ea5fe1
123f42
f9214c
f83eba
12c0af
ea5034
0eeeff
fe615d
f3eee0
14c062
ebf080
0aaed4
03e157
efcf1a
15c010
ee40c8
05deb0
087140
eccf5d
158fc0
f1d109
00cea3
0d3115
eaefaa
13cf6e
f64139
fb5eab
10f0db
ea5ffe
112f28
fb3153
f66ec7
139095
eac052
0daeef
00915d
f24ef5
154046
ec90a0
08fec0
05814e
ee7f2e
15dff2
ef90e5
03bea9
0a7131
ebdf78
14ffa1
f3611e
fe9ea4
0ea101
eaafcd
12df54
f7f146
f9aeb4
1230c3
ea701c
0fcf12
fd1159
f4fed8
148077
eb7070
0bcedb
024157
f0ef08
15b026
edd0ba
06feb8
077144
ed5f4b
15bfd3
f100fb
01eea6
0c1121
eb2f97
146f80
f5012f
fceea9
1000ef
ea3fea
11cf37
fa0151
f7cebe
1320a9
ea9038
0e6ef7
ff215d
f30ee8
15105a
ec308e
0a1eca
046155
ef2f22
15e007
ef00d4
053ead
09613c
ec5f68
155fb6
f23111
002ea6
0d910e
ea9fb5
137f62
f6f13d
facead
1150d0
ea200c
107f1e
fbf156
f5decd
14008a
eb005b
0cbee2
01115a
f1aefb
15603a
ed10a8
083ebd
064151
ee1f3b
15afe7
f010ee
02fea5
0b1130
ebaf85
14af94
f41125
fdeea8
0f40f9
ea5fd7
125f47
f8c147
f8eeb7
1280b9
ea4029
0f2f06
fe4159
f43edc
14b06d
eba07d
0b0ed4
03215a
f01f14
159019
ee10c5
061eb0
085142
ecff57
158fc6
f16105
012ea3
0cd11b
eaffa6
141f73
f60135
fbceab
1080e1
ea5ff7
116f2c
fab153
f6fec4
139099
eab048
0dceef
fff15e
f25ef2
15304e
ec709b
093ec6
051153
eeef2d
15fff7
ef70df
042eac
0a2136
ec3f71
152fa5
f35117
fefea5
0e4105
eaafc6
132f58
f7b142
f9deb3
11f0c8
ea6018
101f13
fce157
f50ed6
14607b
eb406a
0bfede
02415b
f0ff05
15802c
ed60b9
076eb7
07114a
ed7f49
15afd5
f0b0f8
024ea5
0be123
eb6f96
146f86
f4e12d
fd0ea8
0fc0f0
ea6fe9
11df3a
f9914e
f7febd
12e0ad
ea9039
0e6efe
fed158
f34ee2
15005d
ec1088
0a2ecc
03d155
ef6f20
15d00a
ee70d3
056eb0
09013e
ec6f66
155fb5
f27110
002ea3
0da112
eabfb2
13bf64
f6e13b
fb0eae
1130d5
ea4007
10bf1d
fbc158
f60ece
13c08b
eb0058
0cdee6
01015a
f18efa
15603e
ecf0aa
083ebf
06214c
ee2f38
15afe6
f010ed
031ea7
0b212f
eb9f84
14bf97
f40123
fdfea5
0f30fa
ea7fd5
12af4a
f8d148
f8deb5
1260b8
ea6029
0f7f09
fdc15a
f43ede
14b06f
eb807b
0b3ed6
031159
f01f14
15c019
ee00c3
065eb1
082143
ed0f58
155fc4
f19104
010ea5
0cb11b
eb0fa4
141f77
f5f136
fbcea9
10a0e0
ea4ff4
118f2d
fae152
f6dec6
13809d
eac048
0daef1
00315d
f27eee
15404f
eca09a
092ec6
051154
eeef2c
15dff8
ef60e0
043ead
0a2136
ec2f75
152fa3
f32119
feeea3
0e8106
ea9fc8
132f54
f7a143
f9beb2
11d0c5
ea601b
0fff14
fcd158
f51ed6
14807c
eb706c
0c1ede
02115a
f0cf07
15902b
ed50b7
072eb6
074148
ed9f47
15afd4
f0c0fa
021ea7
0c0123
eb5f94
147f85
f5212c
fcdea8
1010eb
ea8fe4
11ff38
f9b14e
f7bebe
1330a7
eab038
0e5efb
fef15a
f31ee7
150059
ec108d
09feca
044155
ef4f20
15c008
eea0d3
054eac
09213b
ec5f67
154fb5
f2710f
001ea2
0dd111
eadfb6
139f61
f7113d
faaead
1160d4
ea400d
109f1f
fbf153
f5cecd
14208b
eb305f
0cdee4
01315c
f17efc
158036
ecf0aa
083ebf
06514e
edff3b
15dfe3
f050f2
032ea7
0b412b
eb8f86
14af93
f45124
fdbea6
0f40f8
ea9fd8
126f46
f91149
f89eba
12d0b7
ea702b
0f1f07
fe215d
f40ee0
14c069
eba07d
0b1ed2
03415b
f00f13
15b016
ee40cd
062eaf
087141
eccf5d
159fc4
f1c109
00dea5
0d2118
eacfa8
13ef73
f62139
fb9eac
1090e1
ea6ffb
113f29
fb3155
f6bec6
138096
ead050
0d4eee
00615b
f22ef4
155047
ec909e
08fec0
05714d
ee7f30
15dff1
ef70e7
03ceab
0a5130
ebcf7a
14ffa2
f3511c
feaea5
0eb103
ea8fc8
12bf51
f83142
f96eb5
1240c1
ea401d
0fcf0c
fd215b
f4ced8
149075
eb5070
0bceda
027158
f09f09
15a024
edd0be
06deb2
07a145
ed5f4f
158fd1
f100fd
01bea7
0c511d
eb5f9a
145f80
f55131
fc8ea7
1030ea
ea4fed
11af35
fa3150
f75ec0
1320a3
ea703f
0e2ef7
ff715d
f2eeea
153054
ec4091
09aec9
04a153
ef3f25
15cfff
eef0db
04cead
098137
ec7f6c
152faf
f2d116
ff9ea6
0de109
eadfba
134f5e
f78141
fa7eb0
11a0cc
ea5012
104f19
fc7159
f59ed1
143084
eb0062
0c6edf
01b15b
f13f01
15a032
ed40b2
07aebc
06d148
edef43
157fdf
f070f3
027ea9
0b912a
eb5f8c
14df8c
f4a127
fd5ea6
0fc0f3
ea3fdf
125f3f
f95149
f83eba
12e0ad
ea9036
0ecf00
fea15a
f38edf
14c060
ebc085
0aaecf
03b155
efdf1b
15b010
ee60cf
058eb1
08d13c
ecbf61
154fb8
f1e10d
007ea3
0d5111
eadfaf
13bf69
f6913a
fb3eac
1110d6
ea1003
10ef25
fb7151
f62ec8
13d090
eae056
0d4eeb
00d15e
f1cef8
15903e
ecd0a4
088ebe
05d151
ee6f37
15dfea
efe0e9
039ea9
0ab133
ebdf82
14bf96
f3f120
fe3ea4
0ef0fd
ea8fd3
129f4c
f8b146
f92eb7
1250bc
ea8024
0f6f0c
fda159
f41edc
14806d
eb8079
0b1ed6
02c15a
f06f11
15b01c
edf0c4
066eb2
081142
ed1f53
157fc8
f15102
014ea4
0c8119
eaffa2
140f79
f5d130
fc0ea8
1070e4
ea5ff8
116f2c
fad151
f70ec4
13709d
ead048
0dbef2
ffc15b
f28ef0
15204b
ec8096
093ec4
054156
eedf2b
15cff7
ef50de
043ead
0a2136
ec3f73
152fa4
f33119
fefea1
0e7106
ea9fc6
130f57
f79141
f9beb5
11e0c6
ea7018
0fef16
fce157
f51ed3
14707a
eb5069
0bdedc
021159
f0ff06
159029
ed60bb
071eb7
07514a
ed9f49
158fd7
f0b0f8
022ea4
0c2122
eb5f94
145f85
f5312b
fceea8
1010ee
ea5fe7
11df3b
f9f150
f7aec0
12f0a8
ea803b
0e3efb
ff315e
f30ee9
14f05c
ec108c
0a0ecb
044157
ef3f24
15d003
eee0d8
052eac
099138
ec6f68
155fae
f2710d
ffeea3
0dd10e
eacfb8
136f62
f7013d
faaeaf
1160d1
ea400d
108f1b
fc2157
f59ece
142088
eb0061
0cbee3
01215b
f18efb
158037
ed10aa
081ebd
06614b
ee1f3e
15afe3
f030f1
02eea6
0b3129
eb9f8b
14af90
f44124
fdaea5
0f70f6
ea6fd7
126f45
f92144
f88ebb
1280b6
ea802f
0eff02
fe215b
f3dee3
14b066
ebf081
0afed2
038157
efdf18
15d013
ee30cd
05deb0
089142
ed1f5f
157fbf
f1f10a
009ea6
0d2116
eb1fac
13cf6e
f64136
fb6eae
10d0dd
ea6ffe
111f2a
fb4151
f66ec7
13b093
eac051
0d3eed
00715d
f22ef6
156044
ecb0a0
08bec0
05f150
ee8f34
15cfef
efa0e7
03bea7
0ac131
ec1f7c
150f9e
f3811c
fe9ea4
0ec100
eaafce
12df4f
f85144
f95eb4
1250c0
ea6025
0f8f0c
fd4158
f48ed8
147074
eb5073
0b6ed7
029157
f0af0f
15d024
ede0bf
06aeb8
07c146
ed4f4f
155fd0
f130fe
017ea3
0c411d
eb4f9e
140f7d
f5a132
fc1ea9
1040e6
ea3ff2
119f34
fa5150
f74ebf
1340a0
eab046
0e2ef6
ffa15d
f2eeec
153051
ec7097
097eca
04c154
ef0f2b
15dffd
ef10de
04aea9
09b139
ec2f6f
154fa9
f2f115
ff6ea4
0e1107
eaafc1
134f5c
f75140
fa2eb3
11a0cc
ea4015
102f16
fc7156
f52ed1
14307f
eb3068
0c2ee1
01d15c
f12f03
15c02e
ed60b2
078eba
070149
ed8f45
15afdc
f0a0f8
026ea7
0bd124
eb8f92
147f88
f4f129
fd3ea9
0fb0ed
ea4fe3
123f3f
f9a14c
f80ebc
12f0ad
ea9036
0ebeff
fef160
f3aee7
15105d
ec2089
0a6ed1
03b153
ef8f1c
15c00f
ee70d3
057eae
09113f
ec6f62
156fb5
f2410e
002ea5
0d9112
eabfb3
13af68
f6a13c
fafeaf
1140d5
ea2006
10af1f
fb8156
f5fecc
13e08d
eae057
0cfee7
00d15b
f18ef9
15603c
ecd0aa
086ebf
05f152
ee4f36
15dfe7
f010ea
037ea6
0af12d
ebbf82
14bf96
f3f124
fe0ea5
0f40f9
ea8fd3
12bf4b
f8c149
f8deb5
12a0ba
ea802b
0f4f05
fdd15a
f42edc
14806c
eb907c
0b4ed3
033157
f02f11
15b01a
ee20c5
063eb4
081142
ed1f57
159fc7
f17107
00fea5
0cb119
eaffa6
140f76
f5f139
fbbeab
10a0e1
ea3ffc
113f2c
fad152
f6cec4
13809b
eae04b
0dbef1
ffd15d
f27ef3
15204b
ecc099
090ec7
057152
eeaf2d
15cff6
ef50e3
044ea9
0a3137
ec3f75
153fa5
f3611e
ff0ea5
0e7103
ea9fc3
131f57
f7d143
f9ceb3
1200c4
ea6019
0fff14
fcc15a
f4eed5
14707e
eb706e
0beee1
022159
f0cf09
159028
edc0b9
070eb8
075148
ed9f49
15afd3
f0d0fa
021ea7
0bf123
eb5f97
144f85
f5112b
fcfea5
0ff0e9
ea6fe7
11bf36
f9d150
f7cebe
1320a5
eaa03d
0e4efb
fee15b
f2fee6
15105c
ec208d
0a0ecb
045154
ef1f1f
15e003
eeb0d5
051eb0
09613c
ec5f64
153fb4
f27110
ffdea5
0da10d
eabfb6
134f65
f6d13d
faaeaf
1150d2
ea700a
108f1c
fc2154
f5becd
13f089
eb005f
0cdee1
01415b
f14efc
159037
ed20ad
080ebc
06514b
ee0f3e
15cfe2
f030eb
02fea7
0b012a
eb8f84
14bf91
f43125
fdbea8
0f80f6
ea7fd6
127f46
f9014a
f89ebc
12c0b5
ea502d
0f3f07
fe015c
f42edc
14c069
ebd07d
0aeed3
034158
efef12
15c014
ee10c7
066eb0
088142
ed0f5b
156fc3
f1c104
00dea3
0cf119
eadfa7
13ff72
f60134
fb9eaa
10a0e0
ea4ffe
112f28
fb2152
f6aec6
13b095
eab050
0d8ef2
00415c
f23ef4
154048
ec909d
090ec2
057153
eeaf31
158ff5
ef60e3
03fea8
0a5135
ec0f77
14bfa1
f3511a
fedea7
0e8103
ea8fca
12df54
f81145
f9beb3
1210c3
ea401c
0fdf0f
fd015a
f4fed5
14b07a
eb306f
0bcedd
024159
f0cf0b
15b026
eda0bb
070eb7
079146
ed8f4c
15afd5
f0f0fd
01eea4
0c2122
eb6f97
144f81
f5212e
fc8ea5
1000eb
ea4fe9
11cf38
f9d151
f7bebf
1330a6
ea803c
0e4efa
ff315a
f34ee7
15105c
ec208d
0a0ec9
047155
ef6f20
15d006
eec0d5
053eac
09613b
ec8f67
154fb1
f26110
ffdea3
0dd10e
eabfb7
136f63
f7013d
fa9eaf
1160cf
ea400b
107f1d
fc0158
f5eecd
13d089
eb105f
0c8ee2
01415a
f16efc
15603a
ed00ac
080ebc
06614d
edff3b
158fe5
f040ed
030ea6
0b0128
ebaf88
149f92
f42123
fdbea7
0f40f8
ea9fd6
128f46
f8e148
f8ceba
1290b8
ea902b
0f4f07
fe115b
f41edd
14d069
ebb07d
0afed5
036157
f05f15
15b018
ee40c8
060eb6
085143
ed1f5a
157fc5
f17104
00eea3
0cf11b
eadfa3
13df74
f60135
fbaeab
10a0e2
ea5ff7
114f2c
fad155
f6fec5
138099
eab04d
0d9ef2
00015d
f25ef4
15304d
ec709c
094ec7
052153
ee8f2c
15cff7
ef50e0
043ea9
0a3134
ec2f72
150fa7
f34119
ff0ea4
0e3105
ea8fc6
130f55
f7e142
f9eeb2
11d0c4
ea2017
100f16
fcf158
f51ed3
14707d
eb606b
0bfedf
02115b
f0cf06
15b02b
ed80b9
076eb9
073148
ed6f49
159fd6
f0c0f8
022ea5
0be121
eb6f91
148f86
f4f12a
fceea9
0fd0ef
ea4fe5
11ff3b
f9b14e
f7eebe
12f0aa
ea903a
0eaefe
fec15c
f36ee6
14f05d
ec1088
0a5ecd
03f155
ef7f1e
15c00c
ee70d2
056eae
08f13f
ec4f66
157fb8
f2510e
003ea5
0d9110
eaafb3
13af6a
f69139
fb0eaf
1130d6
ea2003
10ef22
fb8154
f61eca
13d092
ead057
0cfee6
00a15a
f1bef6
154040
ecc0a6
087ebe
060150
ee2f36
15bfeb
efe0e9
037eaa
0af12e
ebaf80
14ef99
f3d122
fe2ea6
0f00fd
ea5fd3
12bf4b
f86146
f96eb5
1230bd
ea6025
0f4f0b
fd915b
f46ed9
14b06e
eb7073
0b6ed8
02e15b
f06f0f
15901f
ed90c0
067eb6
07c142
ecef52
157fce
f14101
015ea5
0c511c
eaef9b
141f7a
f5a133
fc5ea6
1040e5
ea5ff1
11af32
fa1152
f73ebf
1350a1
eac044
0e1ef5
ffa15c
f2deeb
153051
ec5093
09aec6
04d153
ef2f24
15cffe
eee0dc
04beac
099138
ec5f6b
154fac
f2a115
ffbea2
0e110b
eabfbf
136f5f
f7413b
fa6eb0
1170cf
ea2012
105f1e
fc4158
f59ed0
142085
eb005f
0c8ee1
01715b
f16f01
156035
ed10ab
080ebc
06914b
edff40
15bfe0
f010ec
02dea9
0b4129
eb8f89
149f90
f47126
fdcea4
0f50f6
ea5fd9
125f44
f8f14b
f87eb8
12b0b5
ea702e
0f0f08
fe0157
f3eede
14906a
ebb07f
0aded4
035159
f00f18
15e018
ee60c5
060eb2
086140
ed0f57
157fc7
f1b102
00fea4
0cf118
eb0fa5
13ff75
f5c134
fbbeaa
10d0e0
ea5ff7
114f2c
fad151
f6cec5
13809b
eac049
0d9ef2
fff15e
f28eed
15404c
ec809d
093ec5
052152
eeef2b
15dffb
ef30e1
044eac
09d137
ec3f73
153fa7
f32117
feeea1
0e1107
ea7fc1
132f5b
f7b142
f9eeb1
11a0c6
ea4017
103f15
fcb159
f52ed3
144081
eb4066
0c5ee2
01d15c
f12f02
15902d
ed50b4
07aeb8
06c14c
edcf44
15bfdd
f090f4
02aea6
0b8128
ebbf91
148f8b
f49129
fd7ea9
0fb0f3
ea4fdf
124f40
f94149
f84ebd
12c0b2
ea7034
0ecf01
fe815c
f3bee3
14f064
ec1083
0aced1
037158
efcf1a
15d012
ee50cf
05beb2
08913d
ecef5c
156fc1
f1d10a
00dea3
0d3116
eaefa8
13df71
f63135
fb8eab
10e0de
ea3ffc
113f2a
fb1152
f6bec5
13a095
eaa050
0d8eed
003159
f20ef2
156047
ec909c
090ec1
054154
ee9f2e
15cff7
ef60e1
041ea7
0a4135
ec1f79
150fa4
f34117
feeea5
0e6106
eaafc4
12ef58
f7c143
f9aeb2
1200c6
ea5017
0fcf11
fce159
f51ed2
14307c
eb406a
0bfedc
01c159
f0ff02
15902a
eda0b4
076eb7
06f149
edcf45
15afd8
f090f4
026ea4
0bd125
eb8f90
149f89
f4d12c
fd0ea7
0fb0ef
ea7fe5
11ff40
f9914c
f84ebc
1300ad
ea9035
0ebeff
fe915d
f37ede
14d062
ebb084
0a7ed1
03a155
efbf19
15d011
ee70ce
05deb1
08c141
ecef5d
156fbf
f1e109
007ea3
0d5113
eaefaa
13ff6f
f67136
fb6eaa
10e0db
ea3ffd
113f2c
fb1150
f66ec6
138096
eac04f
0d7eed
00615c
f21ef3
158047
ec50a0
091ec2
059153
eeaf2e
15cff7
ef80e2
042eab
0a6131
ebcf77
154fa2
f3411a
feeea7
0e8102
ea9fc6
131f56
f7c141
fa0eb5
11e0c7
ea601a
103f13
fcc15a
f51ed3
14307e
eb4069
0bfee1
02115a
f0ff05
15802c
ed70b6
079ebb
06f14a
ed9f42
159fdb
f0c0f4
02aea6
0bc128
eb6f90
149f8a
f48129
fd7ea7
0f90f3
ea8fdf
124f42
f9614b
f84ebd
12b0b0
ea8033
0ecf03
fe6159
f3aede
14a061
ebc080
0a8ed0
039158
efdf18
15b012
ee50ca
05eeb0
08913d
ecdf5d
154fbe
f1b107
00aea6
0d5117
eb4faa
140f71
f62136
fbbea9
10b0dc
ea5ffa
111f2b
fae152
f68ec5
13a097
ead04d
0d7eee
00115a
f24ef2
15404b
ec8098
093ec6
053150
eeaf2d
15eff5
ef40e0
044eac
0a2135
ec4f74
150fa7
f32119
ff2ea4
0e5109
ea8fc2
132f5b
f7d141
fa0eb2
11c0ca
ea6010
102f18
fca159
f56ed2
141083
eb1066
0c5ede
01b15a
f12f03
159032
ed20b3
07bebb
06c14c
edbf42
15bfdd
f060f6
028ea6
0b6129
ebaf89
148f8d
f47123
fd9ea7
0f70f5
ea8fdc
123f44
f9014b
f8aeb8
12c0b5
ea702f
0f0f04
fe115b
f3eede
14b069
ebc07f
0b0ed3
037157
f02f14
15d017
ee30c6
065eb2
081141
ed2f54
158fc4
f18104
014ea3
0c7119
eb2fa5
143f76
f5c132
fbeeaa
1080e3
ea6ff4
113f30
fa9150
f71ec2
1350a1
eac044
0e0ef4
ff915f
f2eeee
154053
ec5094
098ecb
04c153
ef1f24
15c003
ef20da
04deaa
09b137
ec7f6c
152fae
f2b113
ffaea3
0dd10b
eabfb9
132f62
f7313e
faaeaf
1140d0
ea000c
109f1f
fc1155
f5cece
13e08d
eb005f
0cbee5
01215c
f18efc
15803a
ece0a7
080ebf
06614e
ee2f39
15cfe8
eff0ea
034ea3
0af12b
ebcf81
14cf97
f3f126
fe2ea5
0f10fb
ea8fd3
12cf50
f85149
f93eb8
1250be
ea4023
0f9f0c
fd6159
f45ed8
14a073
eb9075
0b8ed6
02b15b
f07f0c
15b022
edc0bf
06deb8
07b144
ed3f4b
159fd0
f0e0fc
01bea5
0c1123
eb4f98
142f82
f52130
fc8ea8
1030ea
ea5fe8
120f38
fa014d
f7cebf
1300a7
eab03b
0e5efa
fef15a
f34ee6
15005a
ec008a
0a1ecb
041154
ef7f1c
15d00e
ee90d1
058eae
08f13b
ec9f62
156fb8
f2210f
006ea2
0d4110
eacfb1
139f6a
f68139
fb5ead
1120dc
ea6000
10df27
fb4152
f68ec7
13d093
eae053
0d6eef
00715e
f26ef4
155047
ec909f
090ec1
058150
ee7f2f
15dff4
ef70e2
044eab
0a4135
ec3f75
14efa2
f34119
fefea7
0e9102
eaafc4
130f58
f7e142
f9deb3
11c0c8
ea1016
0fff15
fcb15a
f54ed0
14707e
eb3066
0c5ee2
01b15e
f11f02
15a02f
ed40b2
07beb8
06d14d
edaf40
15bfdf
f070f1
02bea8
0b312d
ebaf8b
14af8e
f46125
fdaea6
0f30f7
ea7fd9
123f44
f9014c
f8beb8
1280b7
ea902e
0f1f06
fe2158
f42edb
14806b
ebb079
0b1ed1
030157
f04f11
15b01a
edf0c4
067eb5
081141
ed0f52
157fcb
f13101
016ea5
0cb11b
eb3fa2
141f7e
f59130
fc4eaa
1030e9
ea3ff1
119f33
fa514e
f74ec1
1330a1
ea8042
0e5ef8
ff715c
f30ee9
153056
ec208f
09decc
046155
ef4f25
15d008
eea0d3
050eab
09513c
ec6f64
155fb3
f2410d
002ea2
0da111
eaafb3
139f69
f6c13b
fafeaf
1110d6
ea4004
10cf21
fb9154
f65ec9
13d090
eae055
0d3eeb
00a15a
f1eef6
156043
ec90a1
08aec2
05b14f
ee8f32
15bff0
efa0e2
03fea7
0a7130
ebff7b
150fa2
f3811c
fecea3
0ea105
ea6fc6
130f54
f7d140
f9deaf
11f0c7
ea401a
100f14
fcc159
f50ed2
14707c
eb5069
0c1ee0
020158
f13f02
15b030
ed30b1
078ebb
06d14b
edcf43
15bfde
f060f3
029ea7
0b7127
eb9f8e
149f8d
f46128
fd8ea4
0f90f4
ea7fd7
124f43
f9114c
f88eb7
1280b5
ea702e
0f2f05
fe015d
f43ee1
14a069
ebb07b
0b2ed5
032159
f03f12
15c01c
ee30c7
068eb2
07f147
ed2f51
157fcb
f13100
015ea8
0ca11b
eaffa0
141f79
f55131
fc4ea7
1060e8
ea4ff3
119f35
fa314e
f77ec1
1350a6
eab040
0e5ef7
ff315b
f30eea
15005b
ec408e
0a0ecb
045156
ef5f1e
15c008
eeb0d1
050eaf
09213c
ec7f64
155fb9
f2610f
005ea5
0d6115
eadfb0
13cf6a
f68138
fb4ead
1110d7
ea3fff
10ff26
fb6152
f67ec6
139095
eac04f
0d3eec
00615d
f23ef3
152048
ecb09c
08fec3
054151
eebf2e
15cff7
ef50e3
044ea6
09f134
ebef77
14ffa6
f31118
fefea3
0e2103
eaafc1
132f5a
f7a142
fa1eb1
1180cd
ea1015
105f18
fc7159
f56ed1
143082
eb2064
0c7ee2
01715c
f16f00
157033
ecf0ae
081ebb
06a14d
edff41
15afe5
f050ed
031ea6
0b312b
eb8f84
14cf92
f40123
fe0ea9
0f20fb
ea8fd6
12bf4d
f88147
f92eb7
1250bb
ea5027
0f9f0b
fd915a
f48eda
149071
eb9072
0b8ed7
02b15a
f07f0c
158024
edd0bd
072eb5
079149
ed7f4e
15afd2
f100fa
022ea3
0c211f
eb3f95
148f85
f5012b
fcdea8
0ff0ee
ea5fe6
120f3b
f9814f
f7febb
12e0ab
ea8036
0ebefe
fec15e
f37ee4
150063
ebc084
0aaecf
03b158
efcf19
15f011
ee50ca
05ceaf
086143
ecbf5c
157fc2
f19108
00fea5
0cf118
eaffa5
140f76
f62131
fbfeac
10a0df
ea3ff5
116f32
faa152
f70ec4
13709f
eac045
0dcef2
ffa15a
f2beef
151051
ec4094
099ec9
048156
ef2f22
15a004
ef00d7
04deab
09713a
ec5f6c
151fb0
f2a10f
ffeea4
0db10e
eaafb6
138f65
f6e13c
faeeae
1130d4
ea3006
10bf21
fb9155
f61ec9
13b091
eb0058
0d2eea
00a15c
f1eef3
158043
ece09f
08eec2
05b153
ee6f32
15cff1
efa0e3
03feaa
0a5132
ec0f78
151fa3
f3411b
fefea5
0eb104
ea7fc4
12ff59
f7d142
f9feb1
11c0c7
ea5016
102f16
fc8157
f56ed0
144081
eb1062
0c2edf
01815b
f13f02
15a032
ed30aa
07deba
06914a
eddf40
15efe4
f040f0
02fea9
0b412c
ebcf86
14cf95
f45123
fdeea3
0f30fb
ea7fd5
128f4b
f89146
f91eb8
1260bb
ea6027
0f8f0d
fda159
f48ed8
14a072
eb9072
0b7edb
02b15b
f07f0a
15a024
eda0bd
06eeb8
077148
ed6f4b
15cfd5
f0f0fd
023ea3
0bd123
eb4f96
146f86
f4c12d
fd0ea6
0fe0ed
ea4fe0
120f3f
f9714b
f82ebb
1300b0
ea8033
0eeeff
fe815b
f3dee2
14e066
ebd080
0aaed0
035159
efef15
15d017
ee40c7
060eb5
084143
ecdf59
156fc4
f1a105
013ea4
0c911d
eaefa3
140f78
f59132
fc1eab
1070e1
ea5ff0
118f33
fa2150
f77ec1
13609f
eab03f
0e0ef7
ff615c
f2fee9
15205b
ec1092
0a1ecb
042157
ef7f21
15d006
eea0d2
055eaf
09213d
ec8f64
155fb8
f2410d
004ea2
0d5114
eaffb0
13df6c
f66139
fb7eaf
10d0db
ea4ffe
111f28
fb3151
f69ec7
13a095
eab04f
0d8eef
00315f
f27eef
15304b
ec709b
095ec6
052155
eecf2e
15cffb
ef30e1
047eab
09c137
ec3f70
153faa
f2c116
ff6ea0
0e1107
eadfba
136f60
f7413e
fa6ead
1160cf
ea200c
105f1e
fc0154
f5decd
14208a
eb105d
0cdee4
00f15d
f1bef8
15503f
ed10a6
08aebf
05f14f
ee4f34
15dfed
efd0e7
03beaa
0a9130
ebef7b
14efa1
f3611b
fecea6
0e9102
ea6fc6
12ff58
f7b141
f9deb2
11e0c7
ea4017
100f12
fcb159
f52ed4
14407f
eb3068
0c0edf
01e15a
f10f03
15a02d
ed50b2
07ceba
06d14d
eddf40
15bfde
f040f2
02fea8
0b112a
eb8f88
149f95
f42122
fdcea6
0f30f9
ea7fd4
12af47
f8a147
f91eb7
1280bc
ea7025
0faf0b
fd815c
f4aed6
149074
eba075
0b9ed9
026159
f07f07
159024
ed90b9
072eb8
07414b
ed8f49
158fd7
f0d0f9
021ea4
0bc125
eb7f93
146f87
f4b12a
fd6ea4
0fb0f3
ea6fdd
123f40
f9614f
f84ebc
12d0b0
ea8031
0eff03
fe415d
f3fee0
14c069
ebc07c
0aeed3
033158
f03f14
15d019
ee00c7
066eb4
07e143
ed2f53
159fc9
f14102
018ea3
0c811f
eb4f9c
143f7f
f5512e
fc8ea9
1010e9
ea3fe7
11ff3a
f9f14c
f7bebf
1310a9
eac03a
0e7efb
ff015c
f37ee5
15005d
ec0087
0a4ed0
03e159
ef8f1b
15d00f
ee90d0
05aeb0
08a13e
ecdf5b
157fbf
f1e109
00cea4
0d011a
eb1fa8
13df74
f60136
fbdead
10a0e0
ea4ff6
113f2d
fa5150
f72ec5
13809f
eaa046
0dfef5
ffb15e
f2eeeb
152053
ec1093
09dec8
04a156
ef3f23
15b005
eee0d5
050eae
09413c
ec9f67
151fb4
f24110
005ea5
0d8111
eabfaf
13cf69
f67138
fb3ead
1110da
ea4fff
110f26
fb6152
f69ec6
13b093
eae051
0d9eef
00415b
f23ef4
15604e
ec609b
094ec4
051155
eeff2b
15dffc
ef30de
04beab
09b138
ec1f6d
151fa8
f2d114
ff8ea5
0e010b
ea9fbd
136f62
f7013d
fabead
1180cf
ea2008
10bf20
fbd158
f5eecb
13f08d
eae05a
0d0ee9
00c15c
f1def8
156041
ecc0a1
08cebf
05b151
ee5f30
15bff2
efb0e4
03eea9
0a3135
ebff77
14ffa2
f3411b
fefea5
0e6108
eaafc2
132f57
f7c141
fa0eb1
1190ca
ea3013
103f1a
fc715a
f56ed1
141086
eb3064
0c7ee3
01615b
f17f01
15a037
ed20aa
081ebb
06514e
ee1f38
15efe7
f000eb
036ea7
0ab12f
ebcf7d
14bf9a
f3d11f
fe7ea5
0ed0ff
ea9fce
12cf50
f83143
f98eb4
1210c1
ea501c
0faf10
fcf156
f4eed4
14807a
eb206a
0c0ed9
01d15a
f11f02
15a02e
ed60b4
07deb8
06b14a
edcf42
15cfde
f030ef
02dea5
0b412a
eb9f8a
14ef92
f44123
fdbea4
0f40fc
ea5fd5
12af49
f89148
f91eb5
1260bb
ea7023
0f6f0b
fd7159
f4ced6
149073
eb6074
0bbedb
02715f
f09f0a
158023
ed90bc
074eb5
07514a
ed8f49
158fd7
f0b0f6
024ea4
0be125
eb7f8f
145f8b
f4712a
fd4ea6
0f70f3
ea4fdd
124f44
f9314b
f87eb8
12a0b5
ea802d
0f0f06
fdf15b
f42edc
14c06b
eb807b
0b1ed5
02e158
f06f10
15d01f
edd0bf
069eb6
07b148
ed3f50
158fd0
f100fc
01aea4
0c2122
eb4f97
145f85
f4f12d
fcaea6
0fe0ef
ea4fe7
11ff3d
f9914b
f7febd
12f0ad
ea9032
0ebefe
fe915c
f3aee3
14c067
ebe07f
0aced2
038158
f01f13
15a017
ee00c8
065eb4
083142
ed1f57
158fc4
f17102
016ea4
0c711c
eb1f9f
13ff7e
f5a131
fc7ea8
1040eb
ea4fed
11df3a
fa1150
f7aebd
1320a9
ea803b
0e8efa
fec15c
f34ee1
14e05b
ebd084
0a8ece
03d156
efaf1b
15c011
ee50cc
05deb1
08a141
ecef5d
157fbe
f1e108
00fea6
0cb117
eaefa6
13ff73
f5e134
fbfeaa
1050e1
ea4ff6
117f30
fa8151
f73ebf
1360a0
eaa043
0e2ef5
ff515e
f30ee8
154058
ec408f
09deca
046155
ef5f20
15e00a
eea0d3
056eae
08f13e
ec8f63
159fbb
f2010d
007ea4
0d4115
eaefab
13cf71
f65137
fbaeaa
10e0df
ea5ffa
113f2b
fac150
f6dec2
13a09d
eac049
0deef6
ffc15f
f2bef2
153054
ec6094
099ec7
047152
ef1f26
15d001
eed0d7
050eb0
09613a
ec8f67
155fb5
f27110
002ea5
0da10f
eaafb1
13bf6a
f69139
fb3eae
1110d9
ea5000
111f25
fb4153
f65ec2
13a095
ead04e
0d7eee
00015a
f26ef0
15404c
ec6098
095ec6
052152
eeff2b
15dffd
ef30db
049eab
09c138
ec4f6d
155faf
f2c112
ffdea2
0da110
eabfb8
138f65
f6d13e
faeeaf
1140d4
ea2006
10cf22
fba155
f63ec5
13f091
eae053
0d6ee8
00615d
f25ef7
155047
ec909d
090ec0
05814e
ee7f2c
15cff8
ef50e0
046eab
09f13a
ebef6f
151faa
f32115
ff4ea4
0e310a
eacfbe
136f5f
f7313d
fa9eae
1170ce
ea400b
107f20
fbf153
f5deca
13f08b
ead05b
0d1ee5
00f15d
f20ef7
15303c
ecd0a2
08bec0
05a150
eeaf30
15afef
ef90e3
03feab
0a1130
ec3f75
152fa5
f3311a
ff1ea2
0e3107
eaafc4
133f5b
f78140
fa2eb3
1170cb
ea2010
106f1a
fc3158
f5aecc
14108c
eb2060
0cdee7
01215b
f17efd
15803c
ecb0a8
084ec0
06014f
ee5f37
15cfeb
efc0e6
03bea8
0a7131
ebcf7c
14ef9f
f3711e
fecea6
0e9105
ea9fc9
130f57
f7e142
fa1eb3
11f0c8
ea6017
100f18
fc7158
f55ecf
142083
eb0061
0c8ee5
01615a
f17efe
157036
ecf0aa
080ebb
06414d
ee4f3b
158fe6
f000ed
035ea8
0ad12e
ebdf80
14bf97
f3b120
fe8ea6
0e9101
ea7fcc
12ff51
f82145
f9aeb4
11e0c5
ea701c
0fff13
fcd15a
f51ed5
14507d
eb4069
0c5edf
01a15b
f11f03
158032
ed50ac
07feb9
06614c
edff3d
159fe4
f040ef
032ea7
0b212c
ebaf85
14af97
f3f11f
fe3ea7
0f10fd
eaafcf
12ff4e
f84144
f97eb5
1220c2
ea501e
0fff11
fd3158
f4bed7
14607d
eb406a
0bfedf
01f157
f0ff03
15b02b
ed60b3
078eb9
06a14b
eddf41
15bfe0
f030f2
02cea6
0b412b
ebaf88
14bf93
f40124
fe0ea5
0f30fa
ea7fd5
129f4b
f89147
f90eb8
1260bb
ea7020
0f9f0d
fd215c
f49ed6
147077
eb6070
0bbedb
02515c
f0af07
15a02a
ed90b6
074eba
071149
edaf44
15afdd
f080f5
029ea5
0b6129
eb8f8c
149f8d
f45126
fdaea8
0f50f6
ea9fd7
127f47
f8b148
f8feb8
1270b9
ea8027
0f6f0a
fd915b
f45ed8
148072
eb6074
0bbed9
02815d
f07f0c
15b026
ed70b8
071eb7
075148
ed9f46
15bfdb
f0b0f6
023ea4
0ba128
eb7f90
149f8c
f4b128
fdaea8
0f90f7
ea6fde
124f47
f8e149
f8aeb8
1280b6
ea8029
0f4f05
fda15b
f46edc
14b071
eb5076
0b6eda
02c15b
f07f0b
15e024
edd0bc
070eb8
079148
ed9f4b
159fd4
f0b0f8
021ea7
0bf122
eb5f91
146f88
f4b12c
fd2ea6
0fb0f2
ea7fe0
122f43
f9214a
f88eba
12a0b4
ea602c
0f3f05
fe115c
f43eda
14a06a
ebb079
0b4ed7
02d15a
f08f11
15d021
ee00be
06aeb4
07b143
ed6f4d
15afcf
f0f0fb
020ea3
0bd123
eb4f95
148f86
f4f12e
fcfea6
0f90f1
ea6fdf
122f40
f9514e
f84ebd
12c0b0
ea8032
0eff05
fe315c
f3fedc
14b06b
ebc07e
0b3ed3
03215a
f05f0e
15a01c
edf0c0
06aeb1
080143
ed4f4e
15afcf
f120fe
01cea7
0c211f
eb7f9b
143f82
f5212c
fcdea7
0fd0ef
ea4fe5
11ff3c
f9914d
f84ebb
12c0ac
ea6031
0edf00
fe415b
f3bee3
14b067
eba080
0b0ed1
037158
efef15
15b018
ee10c4
065eb3
081145
ed2f55
156fcd
f130fe
016ea3
0c311d
eb3f99
145f81
f5212c
fccea8
1000ef
ea3fe7
11df3b
f9b14d
f7febe
12e0ae
ea8037
0edefe
fea15d
f3aee2
14f064
ebe084
0aced1
037158
efff16
15b018
ee30c5
064eb3
082142
ecff57
159fcd
f16102
015ea2
0c8120
eb0f9f
141f79
f5212f
fc9eac
1020eb
ea4fe9
11df35
f9d150
f7debf
1310a9
ea7039
0e8efe
fea15c
f39ee5
14e061
ebd085
0aaecd
036158
ef9f1a
15e013
ee30c9
061eb4
086140
ecff59
155fc5
f17105
011ea5
0cd11b
eb3fa3
143f7a
f56132
fc5eaa
1050e6
ea5fed
11ef38
fa014f
f7bec0
12f0a8
eab03c
0e6ef7
fee15b
f36ee5
15105f
ec0087
0a6ecd
03b155
efcf18
15a011
ee60cb
05deb0
088141
ecff5a
158fc6
f1d104
011ea5
0cc11b
eb0fa4
142f79
f5912e
fc4ea9
1060e4
ea5ff1
119f34
fa114e
f79ebf
1310a4
eab03c
0e5efa
fef15c
f33ee5
15305e
ec108a
0a6ecf
03f156
ef9f1c
15c00f
ee60ce
05ceb1
08a13e
eccf5f
157fc3
f1d107
00eea5
0ce11c
eb2fa5
13ef77
f5f134
fc1ea9
1070e3
ea5ff3
119f33
fa514d
f75ec1
1320a4
ea7040
0e4efc
ff415a
f34ee6
15005c
ebf088
0a5ecd
041154
ef9f1f
15b00c
ee90ce
058ead
08b13d
ecff5e
157fbf
f1f108
00bea3
0d0118
eb0fa7
140f75
f60137
fbdeab
10b0e3
ea5ff3
115f30
fa714e
f76ec2
1360a2
ea9043
0e2ef6
ff415d
f32ee9
151055
ec408c
0a0ece
03f155
ef6f1c
15e009
ee80d1
056eac
08d13e
ecdf5f
158fbc
f1e10a
00aea3
0cf116
eadfaa
13ff73
f61136
fbbeaa
1090e2
ea5ff6
118f2f
faa14e
f70ec1
1350a1
eaa044
0e1ef6
ff915c
f2feea
150055
ec608f
09fecb
043155
ef5f21
15e008
eea0d2
056eaf
08c13d
ecaf61
154fba
f1d10b
00aea3
0d5112
eaefac
13df6e
f61135
fbaea8
10d0dd
ea7ff8
114f2d
fab150
f6fec2
13409f
eac045
0dfef3
ffc15c
f2deee
153055
ec2090
09ceca
047153
ef4f24
15a009
eec0d5
053eaf
09213e
ecbf65
156fb7
f2210e
006ea5
0d6114
eaefac
13cf6e
f64134
fb8eac
10d0dc
ea4ffc
115f2c
fad153
f6fec3
13809c
eaa047
0dcef5
ffb15c
f2beec
152053
ec6090
09cecb
049156
ef1f22
15e003
eed0d5
053ead
09213c
ec8f63
153fb6
f2210d
004ea4
0d5114
eaffac
13cf6c
f6613a
fb4ea9
1110db
ea2ffd
113f2a
fb0155
f6cec5
13709b
ead04c
0d9eef
ffe159
f28eed
152050
ec6093
09cec9
04b156
ef3f23
15d001
eec0d4
04feac
09713a
ec9f6a
153fb5
f24110
005ea3
0d6111
eabfb1
139f6a
f67138
fb4eab
1100d9
ea2fff
112f26
fae154
f69ec7
13a097
eab04b
0dcef1
00015a
f27eef
15204d
ec8099
09aec7
04c153
ef1f2b
15d002
eed0d6
04aead
09513a
ec7f66
153fb0
f2810d
ffeea3
0da110
eacfb2
13df69
f6a13b
fb3eac
1150d7
ea2002
10ff28
fb1153
f6aec4
139095
eae050
0d7eec
00115c
f27eef
15204d
ec7098
095ec7
04f153
eedf27
15bffe
ef50d7
04aeac
09a139
ec7f69
152fb2
f28110
ffeea3
0db10e
eacfb6
138f67
f6e138
fafeac
1130d6
ea6001
110f27
fb7158
f66ec6
13c094
ead051
0d8eec
00515e
f27ef5
152049
ec609c
093ec6
050154
eedf29
15bffd
ef10dd
04deab
09c139
ec7f6d
152fac
f2a115
ff9ea4
0dc10e
eabfb7
139f67
f6d13e
fb0eb0
1110d6
ea2003
10ff23
fb8152
f63ec7
13e093
eab053
0d5eeb
00615b
f21ef3
155048
ec709e
092ec2
054152
eedf2c
15dff6
ef50e1
049eaf
09c134
ec4f6e
153fac
f2d115
ffaea1
0de10d
eacfb9
136f63
f6f13c
fabeb1
1160d2
ea4007
10cf20
fb9154
f61ec8
13f092
eb0054
0d0ee9
00815c
f21ef5
155047
ec909f
090ec3
055151
eeaf2e
15cff9
ef50e0
045ea9
09f136
ec2f73
153fa9
f2d113
ff7ea1
0df10a
eacfbd
137f62
f7113f
faaeb0
1170d1
ea4007
109f20
fbb155
f60eca
13908d
eb1058
0d0ee9
00a15d
f1def7
156044
ec909e
08dec2
057150
ee9f2d
15aff5
ef40df
043eaa
0a1137
ec3f73
151fab
f2e119
ff3ea3
0e4109
ea8fbe
134f61
f7313e
fa6eac
1170d2
ea500b
108f1b
fc1157
f5fecd
13f08d
ead056
0cdee7
00b15b
f1eef7
15603f
ece0a3
089ebf
05914f
ee5f31
15dff4
ef90e2
043eab
0a2133
ebff75
151fa4
f32119
ff1ea4
0e4109
ea8fc0
135f5b
f7613f
fa5eaf
1180cc
ea700e
105f19
fc1155
f5decd
13e088
eb305b
0ceee8
01115b
f17ef6
15503d
ecc0a4
08aec1
058153
eebf36
15dfee
efa0e7
03dea8
0a5133
ec1f77
151fa1
f33119
ff1ea5
0e6104
ea8fc3
131f5a
f79140
fa3eb1
11b0cb
ea4012
105f1e
fc3158
f59ecc
140088
eb1061
0cfee6
01315b
f1aefd
15803e
ecd0a4
086ebe
06014d
ee3f37
15dfee
efd0e6
03beaa
0a8133
ec0f78
14ff9d
f3911b
feeea1
0e5104
ea8fc8
130f57
f7b144
fa0eb2
11e0c9
ea6011
104f17
fc7157
f55ecf
141085
eb205f
0c8ee4
014160
f18efd
15603c
ed00a8
084ebc
06314d
ee1f35
15afea
f000e9
036ea8
0aa12f
ebcf7d
14cf9c
f3711e
fe9ea4
0eb103
ea8fc6
12ef53
f7c144
f9eeb1
11d0c9
ea5019
101f13
fc6159
f52ecf
142084
eb2065
0c5ee6
01715c
f17f00
156037
ed20aa
081ebf
06314d
ee3f37
15cfe6
f000ec
038ea8
0ac12e
ebff82
14cf99
f3b11f
fe6ea8
0ec101
ea6fcb
12df54
f80145
f99eb5
11f0c6
ea401b
100f12
fcd158
f51ed4
146081
eb5064
0c3ee0
01d15b
f12f02
159033
ed40b1
07febe
068149
edff3f
15afe7
f030ef
034ea7
0b012d
ebdf83
14df96
f3f123
fe6ea7
0f1100
ea6fce
12ef52
f84145
f93eb4
1240c4
ea501c
0fef0f
fd1158
f4bed4
147079
eb506b
0c3ede
02115b
f0df05
15902f
ed60b1
07deba
06914c
eddf40
159fe2
f050f2
030ea2
0b412a
eb9f87
14bf96
f3e124
fe0ea8
0f10fc
ea8fd0
12af4e
f85145
f91eb5
1220be
ea6021
0fbf10
fd1157
f4ded5
147079
eb406d
0beedf
02315b
f0df08
15902c
ed80b8
077eb8
06f14b
edbf42
15bfe0
f050f6
02bea4
0b6129
eb8f88
14af8d
f45122
fdcea5
0f40f8
ea4fd7
126f4c
f8b149
f8feb8
1250bc
ea6025
0f7f0a
fd6159
f4aed5
148074
eb5072
0baed8
02515d
f0cf0c
158029
ed80b7
073eb9
07114a
edcf47
15bfda
f080f7
027ea5
0ba12a
eb8f8d
148f8e
f49129
fdaea6
0f80f6
ea5fd9
125f45
f8d14a
f8deb8
1280b7
ea8025
0f6f09
fdb157
f47edb
149074
eb9074
0b8ed7
02b159
f09f09
15a024
edc0bd
072eb6
075148
ed6f48
159fd6
f0b0f9
024ea5
0bb122
eb7f91
145f8b
f4b12a
fd4ea6
0fb0f4
ea9fdf
125f45
f92149
f89eb9
1290b6
ea502e
0f2f04
fdf159
f44edc
14a06d
eba07b
0b5ed4
02d158
f05f0d
15b01e
edc0c0
06deb7
07c146
ed7f4e
159fd1
f100fd
01fea6
0c1121
eb5f95
145f85
f4e128
fcfea6
0fb0f1
ea4fe3
122f3e
f96149
f81ebb
12d0b2
ea7031
0eef02
fe415c
f3eedc
151066
ebc081
0b1ed4
03115a
f01f12
15c01d
ee00c3
069eb3
07d144
ed4f52
156fca
f140fe
01bea3
0c3120
eb2f9a
145f80
f5512b
fcbea8
0ff0eb
ea2fe7
122f3b
f9c14d
f81ebc
12d0ad
ea7036
0ebf00
fe915a
f3aee0
149063
ebb07f
0abed4
03715a
efef13
15a017
ee40c7
062eb2
083144
ed0f58
156fc6
f17103
016ea8
0c811d
eb4f9c
142f7d
f58130
fc7eab
1010e6
ea3fea
11af36
fa1150
f7bec2
1320a9
ea8038
0e8efc
feb159
f35ee5
14f061
ec0085
0a6ed0
03d159
efdf1a
15c010
ee40cc
05deb0
089141
ecff5b
159fc2
f1a108
00eea4
0cb11b
eb3fa4
140f77
f5a132
fc0eac
1090e6
ea3ff3
118f30
fa6153
f73ec0
1330a5
ea9044
0e2ef8
ff215c
f30ee8
152057
ec408b
0a4ecc
045156
ef7f1f
15a00f
ee70d0
059eaf
08e13c
ecbf60
156fbd
f1e10d
00bea1
0d5113
eadfaa
13ef73
f60136
fbceab
10d0e1
ea1ff9
116f2e
fac14e
f70ec1
13309d
eab049
0dfef4
ffa15c
f2feea
153055
ec3094
09ceca
045153
ef6f26
15c007
eec0d5
053ead
09213b
ec7f65
154fb5
f2310f
006ea4
0d7112
eaffaf
13cf6c
f65138
fb5eaa
10f0db
ea3fff
111f29
faf153
f6bec8
137098
eb2049
0dbef1
fff15d
f28ef0
155050
ec3099
095ec6
04f150
eeff27
15cfff
ef20da
04aead
09713a
ec6f67
153fb0
f2a112
000ea4
0dc10d
eaefb4
136f67
f6d13a
fafeaa
1140d6
ea3fff
10ef23
fb7154
f63ec9
13c095
ead054
0d5eed
00615c
f21ef5
15404a
eca09d
092ec4
055152
eeaf2d
15dffa
ef40e0
044eab
09f138
ec3f71
154fab
f2d116
ff8ea5
0e310b
eacfbb
135f62
f6e142
faaeb0
1160d3
ea5009
108f1f
fbe157
f5eec8
13d08c
eb3059
0cdeeb
00b15f
f1eef8
155046
eca0a4
08bec1
05c151
ee7f31
15cff3
ef70e6
040ea7
0a6131
ebff76
14ffa3
f33119
ff1ea7
0e7105
eabfc2
131f5b
f78143
fa0eb0
11b0cc
ea5011
107f18
fc4157
f5becd
140085
eb4062
0c7ee5
014159
f17efa
15403b
ecf0a8
085ebe
06214c
ee3f36
159fec
efc0e8
037ea9
0ac131
eb9f7d
14cf9e
f3a11e
fe7ea5
0e90fe
ea6fc9
12ff53
f7f144
f9ceb2
1200c6
ea2018
0fff13
fcb158
f51ed4
14507e
eb3067
0c4ee3
01c15b
f11eff
159031
ed20b0
07ceba
06914b
ee0f3e
15bfe3
f010ef
02fea9
0b412b
ebbf84
14bf98
f40124
fe2ea5
0f50ff
ea7fd2
126f4a
f86146
f94eb8
1200bf
ea7020
0f9f0e
fd0159
f4ced7
145077
eb406f
0bfedc
02315c
f0df08
15902a
ed80b4
076eb6
06e14b
eddf43
15dfdc
f070f6
028ea6
0b9126
eb6f8e
149f8b
f47128
fd6ea6
0f60f7
ea5fd9
128f44
f8f14a
f8deb8
1270b9
ea7028
0f5f08
fdb15a
f44ed9
148073
eb9075
0b3ed8
029158
f08f0f
15a025
edd0be
070eb7
075145
ed5f4c
159fd1
f0c0fb
01eea4
0c1122
eb4f95
147f86
f4d12d
fd3ea6
0fd0f0
ea4fe2
122f3e
f94149
f80eba
12f0af
ea5032
0f0f02
fe615c
f3bee0
14e068
eb907f
0aced3
03415a
f00f13
15b01b
ee10c4
063eb5
080142
ed0f51
156fc9
f16104
017ea6
0c711f
eb5f9c
144f7f
f5512e
fc7ea9
1050e7
ea2feb
11ef38
fa014f
f7cebf
1320a8
ea603a
0e4efc
ff115d
f37ee5
15005e
ebf087
0a4ece
03b158
ef7f1b
161011
ee40cd
05eeb1
08a13f
ecaf5c
156fc2
f1f109
00cea4
0ce11a
eaefa4
145f77
f5f134
fbdeac
1080e4
ea5ff6
117f2f
fa7151
f75ec3
1350a3
ea9045
0ddef5
ff615c
f2eeea
150057
ec408f
09fec8
045157
ef3f22
15b007
ef00d5
053eae
08f13c
ec7f64
156fb7
f24110
003ea4
0d4111
eaefb0
137f6c
f68138
fb4eab
1120da
e9fffe
111f28
fb2155
f68ec8
138096
ead04b
0d9eef
00215c
f27ef2
15304a
ec9098
096ec7
054151
eedf2c
15c000
ef20dc
046eaa
09a136
ec5f6d
155fad
f2b114
ffbea5
0df10e
eadfbb
134f65
f6f140
fabeae
1140d4
ea500c
10cf1f
fb9156
f5eece
13e08a
eb0058
0d0eeb
00915b
f20efd
155042
ecd0a3
088ec1
05a14f
eeaf33
15fff4
ef90e5
040ea9
0a3132
ebff7b
14ffa3
f3211a
ff0ea2
0e5106
ea8fc5
132f59
f79143
f9eeb1
11c0cc
ea5014
105f18
fc5157
f58ecd
143082
eb2063
0c7ee1
01615b
f14f00
157039
ed50ae
083ebb
06614f
ee4f3b
15cfe6
eff0ed
030ea7
0ad12d
ebef83
14ef9c
f3b11e
fe2ea4
0f00ff
ea5fce
12bf4e
f84145
f95eb3
1210c1
ea7020
0fcf12
fd4159
f4eed5
14707a
eb806f
0beedb
02015a
f0ff05
15902c
ed60b7
074ebc
06d14a
edff43
158fdb
f090f6
028ea5
0b8128
eb8f8d
149f8b
f46129
fd6ea6
0f50f5
ea8fd8
125f45
f8f146
f8aeb9
1260b5
ea702a
0f5f05
fdc159
f42edb
148071
eb9077
0b5ed6
02c158
f02f10
15a020
edd0c0
06ceb3
078146
ed6f4e
158fce
f100fe
01fea6
0c311e
eb0f96
144f83
f5112c
fcfea8
1000eb
ea6fe7
120f3c
f9914c
f7febc
12f0ad
eaa039
0ebefd
fe9159
f36ee4
14f061
ec0083
0adecf
039157
efcf17
15d00f
ee40c9
05eeb1
087140
ecef5b
155fc1
f1a104
00fea4
0cd119
eb0fa4
140f77
f5d132
fbfeaa
1060e5
ea6ff4
119f33
fa6151
f72ec1
1340a0
eaa043
0dfef9
ff415b
f2fee8
150058
ec408e
09fecb
043152
ef2f24
15b008
eeb0d4
057ead
09213c
ec9f63
155fb8
f2210c
003ea4
0d8112
eabfb0
139f6b
f67139
fb3eac
1100dc
ea0fff
111f26
fb5154
f69ec8
139096
eaf050
0d5eee
001158
f23ef3
155048
ec809b
093ec5
055152
eeef2b
15eff9
ef20e1
047ea8
0a0135
ec2f70
152fa8
f2f118
ff5ea5
0e110c
ea8fbd
135f60
f73142
fa5eb1
1170cf
ea500e
105f1c
fbe158
f5eecc
13f08b
eb005b
0ccee6
01115a
f18efa
15a03d
ecf0a8
088ebd
060150
ee6f37
15bfee
efe0e6
038ea9
0ac12d
ebef7c
14ef9d
f3911f
fe6ea5
0e8101
eaafca
131f53
f80145
f9beb5
1220c4
ea3019
0fef11
fcd155
f4ced4
14607c
eb506b
0c1ede
01e15a
f0cf06
158030
ed80b6
078eb9
06a14c
edaf44
15bfde
f060f3
02aea4
0b7129
eb8f8b
148f8d
f44126
fd8ea6
0f60f3
ea8fd9
129f46
f8d14a
f8aeb7
1270b8
ea4029
0f4f08
fdb15b
f44edd
14b070
eb9076
0b7ed9
02d159
f05f10
15a021
edf0bf
06aeb3
07d147
ed3f4e
157fcd
f120fe
01fea5
0c1120
eb4f99
145f82
f51130
fccea6
0ff0ec
ea4fe8
11ff37
f9a14b
f7eebe
1330ad
ea8038
0e8efd
feb15a
f36ee4
14d05f
ebe085
0a7ed0
03d158
efcf1c
15d00e
ee50cd
05ceaf
08a13f
ecff5e
150fbf
f1c109
00fea3
0d2119
eb1fa8
13ef74
f62135
fbbeab
10d0df
ea3ff6
117f2f
fab152
f73ec3
13809e
eaa048
0deef4
ffb15d
f2aeed
15204f
ec5096
09cec7
049154
ef1f26
15f002
eee0dc
051eae
097138
ec4f68
151fb2
f25112
ff8ea5
0d8110
eabfb8
134f67
f6d13e
facead
1120d0
ea7004
10bf21
fbc157
f63ecb
13d08e
eaf057
0cdeeb
00d15b
f21ef7
157042
ecd0a2
08cec5
05b151
ee6f33
15dff1
efb0e5
03eea9
0a2135
ebcf7a
14dfa2
f36118
ff0ea7
0e7105
ea6fc6
130f59
f7b142
f9deb2
1200c7
ea701b
103f13
fcb15b
f52ed3
14707f
eb0068
0c4ee1
01c15a
f13f04
159031
ed40b0
07ceb9
067149
edaf40
15cfde
f050f1
02dea7
0b312a
eb6f88
14cf91
f43125
fdcea5
0f60f7
ea8fd8
127f49
f8c148
f8beb7
12b0b9
ea902b
0f5f07
fda15b
f43edc
14d070
eb7076
0b7ed6
02e15b
f04f0d
15c020
edc0be
06ceb5
07d145
ed3f4d
158fd0
f100fd
019ea5
0c2120
eb5f99
143f7e
f5212e
fcceaa
1010eb
ea3fe5
11ff37
f9e14f
f7dec0
1300aa
ea703b
0e9efd
fec15e
f36ee6
14f061
ebd085
0a5ecc
03b155
ef7f1a
15c00f
ee70cc
05aeaf
08c141
ecdf5c
155fbf
f1d10c
00cea5
0d1119
eaefa9
13df73
f63135
fb7eab
10e0df
ea5ffa
113f2d
fae152
f6dec3
13a097
ead048
0daef1
00015e
f29ef0
15504d
ec7095
094ec7
050150
eedf2a
15e000
ef20dc
04ceab
09c137
ec5f6c
152faa
f2d115
ff8ea4
0e010a
eacfbc
134f61
f7313b
fa3eaf
1160d1
ea600d
107f1e
fc0156
f5aecd
142088
eb105d
0cfee8
01215d
f19efb
15703c
ecf0a8
085ec1
06114c
ee7f39
15afec
efe0e8
038eaa
0aa12f
ebff7f
14df9b
f3a121
fe8ea5
0ea102
ea8fcd
12df51
f84149
f96eb5
1210c1
ea601e
0faf0f
fd015a
f4bed8
145078
eb5070
0c0ede
021159
f0ef08
15902a
ed60b7
074eb8
071147
edaf45
157fd9
f0c0f8
023ea6
0bb124
eb6f8f
147f8a
f4c12b
fd4ea7
0fb0f3
ea8fe1
123f41
f9814d
f83ebc
12b0b2
ea8032
0eef00
fe5158
f3dee1
14d065
ebd07e
0acecf
036156
efef18
15a018
ee30c6
064eb0
084142
ecbf5c
154fc4
f18102
010ea6
0cd119
eb0fa3
13af78
f5b132
fbfeaa
10a0e2
ea5ff6
119f30
fa6151
f72ec2
1350a1
eac046
0e1ef2
ffa15c
f2deeb
151052
ec4092
099ec9
049153
ef1f25
15d000
eed0d8
04ceb0
09513a
ec7f6b
152fae
f2a110
ffdea3
0db10e
eacfb7
138f68
f6d13b
facead
1130d3
ea2008
10cf1e
fbb155
f60eca
14008e
eb005a
0cfee7
00f15a
f1def8
15903f
ece0a7
087ebd
05c14f
ee7f36
15bfee
efe0e9
03bea9
0aa12e
ebdf7d
14ff9d
f3911e
feaea4
0eb0fe
ea8fcb
12ef53
f82146
f98eb7
1200c4
ea501d
0fdf0f
fd1157
f4eed4
14507a
eb406c
0bdedf
01e15b
f0af07
15702a
ed70b6
073eba
07214a
ed7f46
15afda
f0c0f8
025ea3
0bc125
eb6f92
147f8a
f4c128
fd6ea6
0f90f0
ea5fe1
122f41
f9414d
f86ebc
12e0af
ea7031
0f1f05
fe3159
f3bee3
14c066
ebd082
0aced2
037158
f00f15
160015
ee30ca
061eb2
085143
ed0f56
158fc7
f1a103
00fea2
0cc11c
eaefa4
141f76
f5d133
fc0eac
1090e1
ea3ff6
115f30
fad154
f72ec2
13909d
eab047
0deef5
ffd15b
f2bef0
151051
ec6094
098ec8
049156
ef2f25
15d000
eee0d9
04feaf
09a139
ec5f6b
151fb2
f2b114
ffcea4
0e310e
ea9fba
135f5f
f7213f
faaeaf
1160d1
ea200d
108f1e
fc0158
f5fecb
14008b
eb005a
0ceee6
01015a
f19efb
15503b
ed10a7
089ebe
06514c
ee5f39
15cfe9
efd0eb
036eaa
0af12f
ebff81
14ff9a
f3c11b
fe2ea5
0ef100
ea7fcf
12af51
f85145
f92eb5
1200bd
ea6026
0fbf0e
fd815b
f49edb
147076
eb806f
0bcedc
026159
f0af09
15c026
ed90b8
074eb6
079146
ed7f4d
15bfd5
f0e0fd
01fea7
0be120
eb3f93
145f82
f5312b
fceea7
0fd0ef
ea8fe7
120f3d
f9b14b
f7debd
1310aa
eab036
0eceff
feb15c
f38ee4
14b05e
ec2086
0a6ecf
03c159
ef9f1a
159010
ee80d1
05beb1
08f142
eccf5e
155fbb
f20109
009ea6
0d3116
eadfaa
13ff6e
f63138
fb7eab
10d0db
ea2ffc
111f28
fb1154
f6aec5
13a096
eac04f
0d7eed
00415b
f25ef5
15504a
ec809a
094ec6
053155
eeaf2e
15dff7
ef50e0
042ead
0a2135
ebff74
14dfa4
f2f118
ff2ea2
0e5106
ea9fc2
131f57
f77141
fa0eb1
11e0ca
ea6010
105f19
fc6154
f53ecf
14007f
eb0063
0c3ee1
01d15d
f13f02
15a032
ed40b0
07bebb
06a14d
edef3c
15bfe0
f050f0
02bea7
0b6127
eb8f89
149f8f
f45127
fd7ea7
0f50f5
ea8fd8
128f48
f91149
f8ceb8
12a0b5
ea502c
0f0f05
fdf15b
f3eedc
14b06b
eba079
0b0ed4
031157
f02f12
15a01d
edf0c7
064eb6
07f144
ed1f54
15bfc5
f14101
014ea6
0cc11e
eb3fa3
13ef78
f5b132
fc3eac
1070e2
ea4fed
119f30
fa7151
f73ec4
1330a0
eaa041
0e1ef7
ff715c
f2deee
152053
ec4091
09beca
04c154
eeff24
15e002
ef40d8
04cead
098138
ec3f6a
154fb1
f2b113
ffaea4
0dc10d
eadfb9
138f64
f6e13b
fa9eb0
1160d0
ea200a
108f1f
fbc155
f5eecb
13d08a
eb205b
0ceee6
01115c
f1aefa
15a039
ecf0a7
085ec0
06214e
ee0f3a
159fe9
efd0ed
034ea9
0b112e
ebcf83
14df98
f3d121
fe3ea8
0f20fc
ea5fcf
12ef4b
f85144
f93eb6
1230bd
ea6023
0f9f0b
fd715b
f46ed7
146071
eb4073
0b9ed9
02a15b
f0af0c
15a020
edd0bf
06ceb2
07a144
ed4f4e
15bfd3
f100ff
01aea8
0c1120
eb2f97
144f7e
f5312e
fcaea8
1040ea
ea4fe9
11ef35
fa014d
f7bec0
1320a6
eaa03f
0e5efa
ff115e
f32ee6
14f05a
ec208c
0a4ecd
044156
ef7f1f
15c00b
ee90d3
053ead
09013b
ec9f66
155fb6
f2310e
003ea8
0da111
eacfb2
13af68
f6b13c
fb3eaf
1130d5
ea4007
10cf22
fba154
f65ecb
13a092
eaf055
0cfee9
00a15e
f1bef8
154044
ecd0a2
08bebf
05c14e
ee6f37
158fee
efc0e6
039ea7
0ab131
ebff7c
14ef9c
f3b120
fecea1
0eb0ff
ea8fcc
12cf54
f81141
f98eb1
1250c4
ea501d
100f10
fd215b
f4bed6
147077
eb7070
0bcedb
024159
f0ef08
15c027
eda0bb
071eb9
075149
ed7f4b
15afd5
f0f0fc
022ea3
0c0123
eb6f96
147f85
f4e12b
fcbea8
0fb0ea
ea3fe7
120f3c
f9c14d
f7bebf
1300ac
ea8038
0e7efd
feb15a
f35ee7
15005e
ec108b
0a6ed0
03e158
ef7f1e
15a00d
eea0d0
058eb0
08d13e
ecaf63
156fba
f2210d
006ea4
0d7112
eb0fb0
13bf6a
f67139
fb1ea9
1100da
ea2002
10ff24
fb7154
f63ec9
13c094
eaf056
0d3eeb
00415c
f1fef5
155046
ecb0a1
08bebf
05d14f
ee6f2f
15bff6
efc0e5
03eeaa
0a7131
ebdf79
14ffa0
f3811d
febea4
0ec101
ea9fca
12ef55
f7f144
f9beb3
11e0c6
ea401b
0fcf12
fd1157
f4eed4
14807b
eb606e
0beedd
02315d
f0df05
15c029
ed90b8
076eb6
077147
ed5f46
158fd6
f0b0f7
023ea5
0c0123
eb5f96
147f87
f4d12c
fcfea7
0fe0f0
ea6fe5
11ff3c
f9d14b
f81ebe
12f0ac
ea9037
0e8efd
fed15b
f35ee5
150060
ec0087
0a5ecd
03e155
ef9f1b
15a00e
ee90d1
058eb1
08b13b
ecbf61
155fb9
f2310c
004ea3
0d4116
eaefaf
139f6e
f6513b
fb4eaa
1110da
ea4fff
10ef27
fb7154
f66ec4
13d094
eaf057
0d2eef
00615b
f20ef5
154042
ecc09f
08eec2
058151
ee8f31
15aff2
ef80e4
03dea8
0a8133
ec0f7b
14ff9f
f3711d
fedea4
0ea102
ea9fcb
12ff53
f7e142
f9aeb4
1230c2
ea701e
0fcf0f
fd3157
f4eed5
145078
eb406c
0bdedd
02415a
f0bf07
15a028
ed90ba
072eb9
076148
ed8f47
15afd6
f0d0fa
020ea5
0c0125
eb6f95
147f85
f5012b
fceea8
0ff0ed
ea3fe6
11ef3b
f9914b
f7debb
1310ab
ea8037
0e9efb
feb15b
f35ee5
14f05f
ebd08b
0a5ecd
041156
efbf1f
15c00b
ee80ce
058eae
09213e
ec8f63
156fbb
f2210b
005ea3
0d5115
eaefac
13af6c
f69138
fb3eaa
1120da
ea5004
10ff25
fb7154
f63eca
13c090
eaf054
0d1eea
00b15e
f1defa
155043
ecb0a2
08bec0
05e150
ee8f32
15dff0
efa0e6
03aea8
0aa12f
ebff7a
14ef9e
f3811c
fe8ea6
0ec100
ea8fcc
12cf53
f83144
f97eb5
1230c2
ea601d
0faf0d
fd315a
f4ced7
149078
eb3071
0baedd
025158
f09f09
158023
edb0bb
072eb6
07614b
ed6f4a
15bfd0
f0e0fb
020ea6
0c2122
eb6f97
146f82
f5412e
fc9ea9
1000ed
ea3fea
11df37
f9d14f
f7bebf
1300a7
ea903a
0e7ef9
ff115c
f31ee8
152059
ec208b
0a2ece
044155
ef6f20
15f009
eea0d4
052ead
09513d
ec8f65
156fb5
f2510f
000ea3
0d710f
eaffb3
138f67
f6d13a
fafead
1110d7
ea6006
10bf25
fba15a
f62ec7
13d08f
eae059
0ceee6
00e15d
f1def9
155041
ece0a6
086ebe
06014e
ee5f37
15cfee
eff0eb
037eaa
0af12d
ebff7e
14df9a
f3b122
fe4ea5
0f00fd
eaafd1
12bf4e
f86148
f93eb3
1220bf
ea7025
0f9f0a
fd915a
f46edd
14a073
eb8074
0b4ed8
02b15b
f07f0c
15b023
edd0bb
068eb5
07c145
ed3f4c
156fcc
f120fc
01bea4
0c611e
eb2fa0
143f7f
f5712f
fcaea6
1020ea
ea3feb
11af33
fa414f
f75ec2
1350a6
eac040
0e4ef7
ff515b
f2deec
151056
ec4090
09dec8
047156
ef3f21
15d002
ef20db
04deae
09813a
ec6f6b
153fb0
f2a113
ffbea5
0dc10c
eadfb9
138f65
f7013f
faaeaf
1160d1
ea500b
109f1e
fc0155
f5cecc
13f088
eb005d
0cbee4
01415d
f18efc
158038
ed10aa
084ec0
06614c
ee2f3a
15efe5
f040ef
02eea5
0b012e
eb9f85
14cf93
f41123
fdcea6
0f30f9
ea6fd3
127f49
f8d146
f8eeb7
1250b5
ea8029
0f5f09
fdd159
f43edb
14b06f
ebb07b
0b0ed5
031159
f02f14
15c019
edd0c3
065eb4
07f145
ed1f56
158fcb
f16104
012ea5
0ca119
eaffa1
13ff78
f58135
fc1eab
1070e2
ea3ff9
118f2e
fa914f
f6fec4
13609c
eac046
0deef5
ffd15e
f29ef0
15104e
ec4096
096ec5
04f155
ef1f29
15cfff
ef50db
047eaa
09c136
ec4f6f
152fae
f2c116
ff4ea4
0e0106
eacfbf
133f5c
f79141
fa1eb2
11a0cc
ea4016
103f19
fc8154
f54ed2
143080
eb8066
0c6ede
01a158
f14f02
15c030
ed50b1
07aeb9
06b14b
edbf44
15bfdf
f060f4
02dea8
0b7128
eb9f8b
149f89
f49125
fd7ea6
0f80f4
ea4fdd
124f40
f9214d
f84eba
12c0b1
ea7032
0edf03
fe315a
f3cedf
14e067
eba07d
0a9ed2
039158
efbf18
15a014
ee60cc
05feb5
08713f
ecdf5d
156fc0
f1d10a
00bea4
0d3116
eaefaa
13df72
f64138
fbaead
10c0dd
ea3ffa
114f27
faf152
f6aec5
138098
ead051
0d7eef
005160
f22ef4
153049
ecb09b
08eec2
056151
eeaf30
15dff5
ef80e2
040ea9
0a4132
ec1f77
150fa2
f3611c
fedea5
0e9104
eaafca
12ff55
f7f144
f9ceb1
11f0c5
ea301d
0fdf12
fcf157
f4eed9
14607b
eb506b
0bfedb
02215a
f0df04
15b02c
ed80b8
071eb6
075146
ed8f49
15afd8
f0e0fa
021ea5
0bd124
eb5f94
144f87
f5012c
fcfea5
0fe0ee
ea6fe5
11df3a
f9a14d
f7eebc
1300a8
ea9039
0e9efe
fed15c
f34ee5
14e05d
ebe08c
0a3ecd
03f159
ef5f1d
15d00c
eeb0d1
055eac
09213f
ecaf63
153fb9
f2310e
002ea5
0d910f
eaffb2
13bf69
f6a13b
fafead
1140d2
ea9006
10ef24
fbb156
f62ec8
14008e
eaf055
0cfeea
00c15b
f1aefa
15803e
ecd0a7
085ebf
05e14f
ee5f35
15cfeb
eff0ea
039ea8
0aa132
ebaf7f
14cf98
f3d11f
fe5ea4
0ef0fd
ea7fd0
12af4e
f87145
f91eb5
1240bc
ea7023
0f7f0b
fd9158
f47edd
14a072
eb9078
0b8ed8
02c15c
f04f0e
15b021
ede0c0
06beb4
07c146
ed5f51
157fcd
f100ff
016ea6
0c411d
eb4f9d
144f7d
f57130
fc5ea8
1030e7
ea2ff0
11af33
fa314c
f77ec0
1350a1
ea9046
0e0ef3
ff715d
f2dee8
155053
ec4094
09beca
049152
ef0f24
15d002
ef20d8
04deae
09a138
ec5f6d
154fb0
f2a114
ffbea3
0e010a
eacfbc
134f5e
f70140
fa8eaf
1160cd
ea700f
109f1b
fc1158
f5aece
13f088
eb4061
0c5ee4
01615a
f17efe
158035
ed30ad
07febc
06814b
eddf3e
15afe4
f040f1
02dea5
0b6129
eb8f89
14bf92
f43129
fd8ea7
0f30f7
ea3fd8
127f46
f8c148
f89eb9
12b0b4
ea802e
0f1f04
fe315c
f3fedf
14c069
ebc07f
0b0ed3
033159
f01f15
15b015
ee40c8
063eb1
087140
ed0f58
156fc3
f18106
010ea3
0ce118
eb0fa5
13ff72
f61133
fbbeab
10b0df
ea3ff8
114f2e
fad153
f6eec5
137099
eac04d
0dcef3
00115c
f25eef
15204c
ec609b
093ec6
051152
ee8f2e
15eff8
ef60e2
043eac
0a1138
ec0f73
14ffa7
f32119
ff1ea5
0e8106
ea8fc2
131f5a
f79141
f9eeb0
11f0c4
ea601a
0fff13
fcc15a
f52ecf
146080
eb406c
0c3edd
02015a
f0ef03
15b02d
ed60b4
078eb7
07014b
edff43
15bfdb
f090f8
026ea6
0bc124
eb5f93
146f88
f4e126
fd3ea4
0fb0f1
ea4fe0
122f3e
f9714d
f80ebd
12d0ad
ea8037
0e8f00
fec15e
f35ee3
150062
ec1086
0a6ecf
03f153
ef7f1b
15d010
eea0ce
05ceae
08c13d
ecaf60
154fb9
f2210d
006ea5
0d4114
eadfb2
13cf6c
f6713a
fb4eac
10f0d8
ea3000
10ef27
fb2154
f67eca
13c090
eac053
0d4eec
00815d
f1fef5
157042
ecc0a0
08cec0
05d150
ee4f33
15dfef
efc0e4
03cea9
0a9133
ebcf7a
14efa0
f3b11d
fe7ea5
0ec0fd
ea9fce
12bf4f
f83147
f95eb4
1230c0
ea5022
0f9f0f
fd515b
f4bed7
148076
eb6072
0baeda
027159
f09f09
15a023
eda0bc
06beb8
07d147
ed4f4c
156fd1
f120fb
01eea6
0c4120
eb4f98
143f81
f5212f
fc7ea9
1000ec
ea4fe9
11af36
fa1151
f77ec0
1300a7
eaa03e
0e4ef8
ff515e
f31ee8
150059
ec108f
09eecb
045154
ef4f20
15b004
eec0d6
051eae
09513b
ec7f67
154fb4
f27112
000ea5
0da10e
eacfb7
138f63
f6e13e
faceac
1160cf
ea2007
10bf1e
fbe157
f5fecd
141088
eaf05c
0ccee5
00f15a
f1aefd
159037
ed20aa
085ebd
06514d
ee4f39
15cfe8
f030ec
035ea9
0b112d
ebaf83
14df94
f42122
fe2ea6
0f30f8
ea6fd4
129f49
f8b148
f8eeb6
1240bb
ea602a
0f4f07
fde15b
f44edb
14c06f
eba079
0b2ed5
030156
f01f13
15b01e
ee10c2
066eb4
081144
ed3f57
159fca
f15100
013ea5
0cb11c
eb0f9e
143f79
f5a133
fc0ea9
1080e4
ea4ff2
116f2f
fab152
f73ec2
13709f
eaf045
0dfef4
ffc15a
f2aeeb
154052
ec6098
098ec8
04d152
ef2f26
15affd
eee0d9
04bea9
09b139
ec6f6e
151fab
f2e116
ff5ea2
0e010b
ea9fbd
133f5b
f7713d
fa4eaf
11c0cc
ea2011
106f18
fc4159
f58ecf
145086
eaf064
0c5ee1
01815d
f14eff
156030
ed50b1
07aebb
06914c
edff3d
15afe1
f050f3
02bea9
0b512c
eb9f8a
148f8f
f46126
fd9ea5
0f80f4
ea7fe0
127f44
f9414b
f87eb8
12d0b2
ea8030
0f1f01
fe2159
f3cee1
14d067
ebb083
0aeed1
033159
efcf15
15d016
ee30ca
05feb0
088141
ecef5b
158fc1
f1c109
00bea5
0cd115
eacfa9
13cf72
f63133
fbceae
10b0df
ea5ffc
112f2d
fae151
f6eec5
13a09a
ead04e
0d7eef
00115b
f24ef1
155049
eca09b
092ec4
054155
eebf2d
15affa
ef40e2
041eaa
0a4133
ec2f75
151fa4
f3711b
ff2ea4
0e6105
ea9fc7
133f5a
f7c141
f9eeb0
1200c4
ea4018
100f15
fca159
f50ed3
14407c
eb5067
0c0edf
01e15e
f11f04
15802b
ed50b4
078eba
07114a
edaf44
15cfda
f0a0f5
024ea5
0bb127
eb7f91
145f87
f4e12b
fd3ea7
0f90f1
ea2fe4
120f40
f9a14c
f80eba
12c0ad
ea9036
0e9eff
feb15c
f37ee3
14f060
ebe086
0a8ed1
03b157
efbf1e
15c00c
ee80ce
059eae
08b13d
ecef62
153fbc
f21109
00aea5
0d810f
eabfaa
13df6c
f65137
fb5eac
10f0da
ea5ffe
10ff29
fb3152
f66ec9
13b093
eaf053
0d6eec
00615b
f22ef5
157046
ecc09e
08fec4
057153
ee7f30
15aff5
ef70e4
040eaa
0a7132
ebef79
150fa2
f3711b
feaea5
0ec100
ea7fc9
12df50
f83142
f9beb0
11f0c2
ea501e
0fdf11
fd1157
f4ded5
14507d
eb506e
0bdedd
023159
f0bf05
158026
eda0ba
074eb6
071147
ed5f4b
15afd6
f0e0fb
01fea4
0bd126
eb4f93
145f83
f5012c
fceea6
0fe0ed
ea4fe5
11ff3b
f9c14c
f7cebc
12e0ab
ea803b
0e9efd
fef15b
f33ee5
14d05e
ec108a
0a2ecd
03d158
ef7f1c
15c00b
eea0d1
056ead
090141
ec9f64
155fb9
f2110c
005ea2
0d6112
eaffb1
138f6a
f69139
fb1eac
1110d8
ea3003
10ef24
fb9152
f63eca
13d093
eaf056
0d4eec
00b15b
f1fef6
157043
ecb0a1
08dec1
05c150
ee7f33
159ff0
efe0e6
03beab
0aa130
ebff78
150f9c
f38120
fe7ea7
0ee0ff
ea6fce
12cf52
f86145
f94eb6
1200c1
ea4022
0fbf10
fd3158
f4aed7
145076
eb5070
0baed9
028159
f0cf09
15b025
ed90ba
071eb6
078147
ed6f48
158fd2
f0f0fc
01fea7
0be122
eb6f98
144f80
f5012f
fcdea7
1030eb
ea6fea
11af39
f9e14e
f7eebe
1350aa
ea803b
0e4efd
ff015c
f34ee9
15005c
ec008a
0a4ecb
040155
ef8f1e
15a00a
eea0d7
057eae
09113c
ec9f63
154fb7
f2510e
005ea3
0d6110
eacfb2
139f6a
f6d13b
fb0eae
1120d7
ea6002
10bf22
fba152
f65eca
13e092
eae056
0d1eeb
00c15c
f1def5
156040
ecf0a3
084ec1
05d150
ee6f33
15cfef
eff0eb
03beaa
0a8131
ec0f7d
14ff9e
f38120
fe4ea4
0ee0fe
ea9fcc
12ff52
f84146
f94eb6
1230c2
ea8020
0fcf10
fd115d
f4aed6
147077
eb7072
0bbeda
027158
f09f06
15b027
ed90b7
070eb5
07a148
ed8f4b
159fd3
f110fb
01eea3
0c1120
eb3f96
145f82
f5312c
fccea9
0fe0ef
ea2fe9
11df3b
f9e14f
f7bebe
1310ab
ea803b
0e4efd
fef15b
f33ee5
15005d
ec1089
0a3ecd
040156
ef8f1d
15e00b
eea0d0
058eae
08d141
ecbf62
152fb7
f2210e
003ea6
0d5111
eaffb2
13af6a
f6913a
fb2ead
1110d8
ea4002
10df24
fba155
f65ec8
13c091
eac056
0d1eea
00715a
f20ef6
15403e
ecb0a1
08cec2
05e150
ee5f34
15cff1
efc0e5
03beaa
0a8132
ebdf7a
14cfa1
f3811d
feaea6
0e8103
eabfc9
12df52
f7e143
f9aeb6
1200c1
ea701c
0f8f12
fd3157
f4ded3
145078
eb406f
0bbedb
02415a
f0cf06
15b028
ed60b7
072eb8
074149
ed6f47
15bfd8
f0d0f8
022ea5
0bf125
eb3f94
146f89
f4d12d
fceea6
0fb0ee
ea4fe5
120f3d
f9b14d
f80ebd
12d0ac
ea9038
0ebefd
fea15b
f33ee3
150060
ebc086
0a5eca
03e157
efaf1a
15d00e
ee70cb
058eae
08b13f
ec9f5f
155fba
f2110a
008ea6
0d5114
eaffad
13ef70
f63139
fb8eb0
10e0d9
ea4fff
10ef27
fb6154
f6aec7
138096
eae053
0d6eec
00415b
f21ef2
155048
ecb09e
08dec4
057153
ee9f30
15aff6
ef50e2
040eaa
0a5133
ebef77
14ffa4
f3411b
ff0ea5
0e6106
ea8fc6
12ef54
f7d141
f9eeb4
11c0c7
ea6018
100f12
fcd159
f53ece
14507b
eb6068
0bfee1
01a15b
f12f05
15802d
ed50b2
079ebb
06f14b
edbf43
15cfdb
f090f6
02aea7
0ba127
eb9f8e
148f8d
f4a12b
fd4ea7
0f90f3
ea5fe1
123f40
f9414b
f86ebd
12d0b1
ea7032
0edf03
fe815b
f3dedf
14c064
ebb081
0abed1
039159
f00f16
15b016
ee50c9
061eb3
085140
ecff58
157fc4
f1e107
00fea4
0cc119
eadfa4
13ef72
f60133
fbeea8
10b0e3
ea4ff4
113f30
fab151
f70ec4
13709b
eac048
0daef1
fff15e
f28eee
15604f
ec4098
094ec4
04d153
eeff28
15cffc
ef00dd
049ead
09d138
ec5f71
14ffac
f2e112
ff6ea6
0e1107
ea9fc1
134f5d
f7713d
fa2eb2
1180ce
ea500d
102f19
fc3158
f59ed1
142086
eb0063
0c7ee2
01615e
f17eff
15a039
ed20ab
080ebe
06714f
edff3e
15bfe4
f030ed
030ea9
0b312c
ebaf86
14cf95
f42122
fddea7
0f20f9
ea6fd6
125f48
f8d147
f8ceb9
1250bc
ea5026
0f5f0a
fda15b
f45edc
14606f
eba078
0b5ed7
02d15b
f01f0f
15c01f
ee00c0
06beb4
07e146
ed4f51
15cfcf
f150ff
01bea5
0c6123
eb0f9c
142f7c
f5712f
fc9eaa
1030e7
ea8fee
11ef37
fa1150
f75ec0
1310a5
eab03e
0e4ef8
ff315b
f2fee6
150056
ec308c
09deca
044157
ef4f21
15d007
eec0d3
054ead
09313c
ec7f65
153fb8
f2610e
001ea4
0d9111
eaefb2
137f6a
f6b13b
fb0ead
1120d7
ea4007
10bf23
fb9153
f64ec8
13a090
eae055
0d3eeb
00915c
f23ef9
157041
ecb0a1
08dec3
05c14e
ee7f33
15cff4
efb0e6
03aeab
0aa133
ec2f7a
14ef9e
f3711d
fedea3
0ea103
ea8fc9
12ef55
f83146
f9beb2
1200c7
ea5019
0fef12
fce157
f4eed6
14707c
eb5068
0beede
01f15c
f0ff05
15802b
ed60b4
076eb8
070147
edbf44
15bfdb
f0a0f5
028ea5
0b9127
eb5f92
147f88
f4712a
fd5ea7
0fb0f2
ea4fdf
124f44
f95149
f83ebc
12b0ae
ea9030
0eef02
fe615c
f3cedc
14b065
ebb07f
0afed0
034157
efdf17
15b015
ee10c5
061eaf
085143
ecff58
154fc4
f18102
012ea3
0cd11a
eb0fa5
13ef78
f5d131
fbceaa
1090e3
ea1ff4
116f30
fa9153
f72ebf
13409e
eab044
0deef8
ffc15c
f2beec
151053
ec3093
09aec8
04c155
eeff25
15bffd
ef00da
04fead
09a138
ec7f6b
153fb1
f2c112
ffbea4
0dc110
eabfb8
136f65
f6f13c
fa9eb0
1160d4
ea400c
108f21
fba158
f5cec9
14108a
eb0057
0cdee5
00f15a
f19efb
15903f
ece0a2
086ebe
06014d
ee5f3a
15cfed
efb0e9
037ea6
0ac12e
ebdf7e
14ef9b
f3b11e
fe5ea5
0ec100
ea7fd0
12bf50
f82145
f97eb6
1210c1
ea5020
0fcf10
fd3159
f4ced7
14607a
eb6071
0baeda
02115c
f0ef0b
159025
ed80b8
073eb7
07414a
ed8f47
15afd8
f0e0f5
022ea8
0bf126
eb7f92
148f8a
f4c12b
fd3ea8
0fa0f0
ea5fe2
11df3f
f96149
f81eb8
12c0b0
ea7034
0ecf03
fe615b
f3bee3
150066
ebc081
0aced0
035159
efdf15
15d015
ee50c9
060eb3
088142
ecef58
158fc2
f1c104
011ea3
0cd11d
eaefa6
140f74
f5d133
fc0eab
1070e3
e9fff6
113f2e
faa151
f71ec4
13609e
eab045
0dfef4
ffa15e
f2aeef
154052
ec7094
098ec5
04b153
ef0f25
15cfff
eee0d9
04eeaf
09b139
ec4f6a
152fb0
f2a111
ffcea2
0da10e
eadfba
136f63
f6f13b
fadeae
1150d2
ea6009
10cf20
fbc158
f5feca
13c08c
eae059
0cfeeb
00d15c
f1cef9
15503c
ecd0a5
086ec0
05e151
ee7f36
15dfed
efb0e8
038ea9
0a8131
ebef7c
14cfa1
f3b11e
febea4
0ec101
ea9fcb
12ef55
f7e144
f99eb3
1200c4
ea501a
0fdf0f
fd1156
f4eed5
14507c
eb406b
0c2edf
02015c
f0ef06
15b02f
ed80b2
077eba
07114a
edbf46
15bfdd
f0a0f7
027ea5
0ba127
eb7f8c
14af8a
f46129
fd7ea4
0f90f2
ea5fdc
122f43
f90148
f84eb9
1280b4
ea802d
0f1f06
fe315c
f3fedf
14806a
ebb07c
0aced4
033158
f01f15
15b01a
edf0c3
068eb3
084143
ecff54
158fc9
f16100
015ea4
0c8120
eb1fa1
141f7b
f58130
fc4eaa
1040e8
ea3ff2
11af35
fa1150
f75ec3
1310a5
ea903f
0e1ef7
ff615f
f31ee7
15205a
ebf08e
0a1ecb
044155
ef6f22
15d00a
ee80d2
058eae
08e13f
ec8f63
156fb9
f2210d
004ea4
0d4115
eaefb0
138f6a
f66139
fb4eaa
1100d7
ea3000
10ef26
fb3153
f68ec6
13d092
ead04e
0d6eeb
00415a
f23ef5
15304a
ec609c
091ec2
051151
ee9f2f
15bff5
ef30e1
045eab
09f134
ec0f75
152fab
f33117
ff3ea6
0e5108
ea9fbf
133f5d
f76142
fa7ead
11d0d0
ea3013
105f1a
fc7155
f5becd
142084
eb1063
0c9ee5
01515c
f19efe
157038
ed00ae
083ebb
06514c
ee2f3c
15bfe4
eff0ec
031ea6
0b112d
ebaf83
14cf99
f3e120
fe4ea3
0ed0fb
ea9fd1
12cf4f
f89147
f8feb4
1270be
ea4024
0faf0e
fd5158
f4bed7
144075
eb6070
0baeda
024159
f08f0d
15b028
ed80bb
072eba
076147
edaf4e
158fd5
f0b0f8
024ea3
0bb122
eb5f91
145f87
f5012c
fcfea5
0f80f2
ea8fe2
123f41
f9214b
f83ebb
12d0b1
ea8031
0f0f05
fe4159
f41ee0
14c066
ebc07f
0aced2
03415a
efff15
15b017
ee40c7
066eb1
08113f
ed1f56
158fc7
f18104
012ea2
0c911b
eb3fa0
140f78
f5912f
fbfeaa
1060e5
ea5ff1
119f34
fa5150
f76ec1
1330a2
ea703f
0e2ef8
ff415b
f2cee9
14f05a
ec008d
0a2ecb
044157
ef4f22
15a005
eeb0d1
057eaf
09413d
ec8f66
157fb8
f2310c
004ea4
0d6113
eaefaf
13cf6c
f64139
fb6eab
10e0da
ea2000
112f28
fb3156
f68ec7
13c095
eae052
0d6eee
00515e
f24ef2
156049
ec509a
095ec5
052154
eebf2b
15dff7
ef40e0
046ea9
09f136
ec2f74
150fac
f2d117
ff4ea3
0e210b
eacfbe
135f5f
f7213e
fa3eaf
1170d3
ea300c
108f1b
fc2155
f5eecf
14108c
eb205e
0cdee7
011160
f1aefc
15403b
ed00a8
089ebe
06114c
ee2f38
15bfed
efc0e8
038ea7
0ad130
ebff7c
14ef9b
f3a11d
fe7ea3
0ee0ff
ea8fcc
12bf52
f82145
f99eb0
1220c2
ea201b
0fdf13
fce158
f51ed1
14507a
eb606c
0c1ede
020159
f11f06
15802f
ed60b3
078ebb
06e14b
eddf44
15bfe0
f070f3
02bea8
0b6127
eb8f89
14bf90
f44126
fd9ea6
0f40f7
ea4fd8
126f44
f8d14a
f8ceba
1270b8
ea7028
0f4f0a
fde15d
f45ed8
14a071
eb9076
0b3ed8
02c157
f07f0e
156022
ede0c0
06ceb6
07a147
ed2f4e
158fd2
f0e0fd
01eea7
0c1121
eb5f96
146f84
f5012b
fd0ea6
1000f0
ea5fe8
122f38
f9a14d
f81ebb
12d0ae
ea8035
0ebf01
fe915b
f3bee0
14f065
ebe082
0aced1
038159
efdf17
15d016
ee20c6
060eb1
088143
ecff58
155fc3
f1a105
011ea4
0cc11d
eb0fa1
141f7a
f59134
fc1ead
1060e6
ea5ff3
118f31
fa6150
f73ec0
1350a4
eab043
0e4ef6
ff515c
f2feeb
153057
ec208d
0a2ecc
044154
ef6f24
15d007
ee80d4
053eae
09113b
ec5f64
157fb9
f2410f
007ea4
0d7114
eaefad
13ef6d
f61139
fb7eaf
10f0dc
ea4ffc
113f28
fb2152
f6aec6
13a098
eae050
0daef0
00015e
f25ef0
15304c
ec9098
095ec6
050151
eedf29
15cffd
ef20da
049eaa
099137
ec3f6d
155fab
f2b115
ff8ea2
0dd109
eabfb7
137f64
f7113c
faaead
1160d1
ea5008
10af23
fbd158
f60eca
13c08e
eb0058
0d1ee9
00b15d
f1eef8
155041
ecd0a1
08aec1
05a14e
ee8f31
15bff1
ef90e2
03deab
0a3133
ec0f7a
152fa5
f3511a
fedea4
0e9106
ea8fc4
133f57
f7b143
fa0eb0
11f0ca
ea3012
102f17
fc6158
f57ed3
142083
eb0062
0c8ee0
01515c
f16eff
159039
ecf0ae
082ebb
06414c
ee0f39
15afe6
f020ef
034ea7
0aa12e
ebaf81
14ef97
f41121
fe3ea6
0ed100
ea7fcd
12ef50
f82147
f96eb4
1210bf
ea401d
0fbf0f
fd2158
f4ded4
14507b
eb8069
0bcee0
021158
f0bf07
15802c
ed80b3
07beb9
06f14b
edbf46
15afdd
f080f3
02cea6
0b712b
eb8f8b
14af91
f47123
fdcea7
0f50f9
ea4fd6
128f47
f8d149
f90eb8
1270b9
ea4026
0f2f0d
fd9159
f43ed7
149074
eba075
0b7ed7
02915a
f04f0d
15c024
edc0be
071eb6
075148
ed6f4c
15afd5
f0c0f8
022ea7
0bf122
eb3f94
147f88
f4d129
fd0ea7
0fb0f0
ea4fe3
123f3c
f9314c
f83ebb
12a0ae
ea8030
0eff03
fe3157
f3eedf
14c06b
ebb07e
0aded3
034159
efff0f
15c019
ee10c6
06aeb3
07d143
ed0f53
158fd0
f160fe
019ea5
0c611e
eb1f9b
142f80
f57131
fc9ea9
1030ea
ea8feb
11df3a
fa014e
f7bebe
12f0aa
eaa03b
0e9efd
fed15a
f35ee6
151061
ebf083
0a5ece
03c159
efbf19
15e012
ee60cb
05ceb2
086140
ecff5c
158fc1
f18107
010ea5
0ce119
eaefa6
13ef77
f5a132
fc2eac
1070e2
ea4ff3
11af31
fa414d
f74ec0
1340a1
eaa040
0e0ef7
ff515d
f31ee9
15205a
ec308e
0a0ecb
041157
ef4f20
15d006
eea0d2
053eaf
08e13f
ecaf62
153fb9
f2010d
006ea3
0d6113
eadfad
13ef6f
f63136
fb7eab
10e0de
ea5ffa
111f2b
fab151
f6cec4
13609d
eab04b
0dcef1
ff815c
f2beeb
153050
ec5096
09aec6
04a150
ef1f27
15efff
ef00d9
04eeac
09a13c
ec4f6a
153fb5
f2a113
001ea4
0dc10f
eaafb5
13df68
f6c13a
fb1ead
1130db
ea7001
10df27
fb8156
f65ec6
13c093
eaf052
0d9eed
00115e
f22ef3
15404c
ec809c
093ec3
053152
eeaf2c
15fffb
ef40dd
048eab
09c136
ec4f6f
150faf
f2d114
ff6ea3
0e110a
eaafbc
134f63
f7113a
fa9ead
1160d1
ea200b
107f20
fbc155
f60ecb
13f090
eaf057
0d1eeb
00a15d
f1fef8
155044
ecd0a3
08bebe
05b14f
ee8f34
15cff3
ef70e4
040eaa
0a7132
ec0f76
150fa3
f3711a
ff2ea6
0e3107
eaafc2
132f5b
f7813e
fa4eb0
11b0ce
ea4010
103f17
fc3157
f5dece
13f089
eb005c
0caee5
01115a
f18efa
15803a
ece0a4
088ec1
06014f
ee5f38
15ffed
efe0e8
03beab
0ab133
ebff78
14ef9d
f3911d
fe9ea5
0e9104
ea8fc7
130f56
f7c140
f9feb1
11c0c7
ea4015
101f16
fc7157
f56ecc
143082
eb2065
0c3edf
01715c
f16efc
158034
ed10ae
081ebc
06314c
ee2f39
159fe9
eff0ec
034ea7
0ae12c
ebcf81
14cf9a
f3f11f
fe6ea6
0ee0fe
ea5fce
12cf51
f80144
f98eb3
1230c5
ea401a
0fff12
fcb159
f50ed6
14607d
eb4069
0c2edf
01b15b
f11f03
15902f
ed40b1
07aeb9
06b14c
edef3f
15cfe1
f030f0
02fea4
0b412b
ebbf86
14bf94
f43125
fdeea6
0f10fa
ea7fd3
129f4e
f8a147
f94eb5
1270be
ea601f
0fdf0e
fd515a
f48ed6
146078
eb706b
0beedb
023159
f0df03
15802a
ed90ba
07aeba
07014b
edbf43
15afde
f080f4
02dea5
0b7128
eb6f8b
149f8f
f45126
fdcea6
0f60f7
ea5fd9
12cf4a
f8e146
f90eb6
1270b8
ea5026
0f4f09
fd815a
f4aed9
146075
eb8073
0bbed8
027158
f08f09
15b024
ed70b8
072eba
076148
edbf47
15bfd9
f0a0f8
025ea6
0bc125
eb6f92
147f8b
f46128
fd7ea6
0fa0f4
ea6fdb
127f43
f92149
f89eb9
1280b7
ea8028
0f2f06
fdc15a
f45edd
14a06d
eb9078
0b6ed6
02d15d
f05f0d
15a024
eda0c0
06eeb4
079147
ed7f4b
158fd5
f0e0f9
021ea9
0bc124
eb5f92
146f85
f4b12a
fd2ea6
0fb0f1
ea2fe0
125f41
f9414c
f85eb8
1290b1
ea702e
0f2f04
fe115a
f41edd
14c06b
eba07a
0b5ed3
02d15a
f06f10
15b01e
ee00c0
06ceb3
07c146
ed5f4e
15bfcf
f120fd
01cea3
0c2121
eb3f96
143f7f
f5012c
fd2ea9
0fe0f1
ea5fe4
120f3e
f9714e
f83eba
12a0b0
ea6032
0ecf01
fe515b
f39edf
14c067
ebb07f
0aeed5
032156
f02f13
15b01d
ee20c3
069eb3
07f143
ed2f53
155fcc
f120ff
01bea6
0c411f
eb6f97
141f83
f5412d
fceeaa
1000e9
ea4fe7
11ff39
f9b14e
f7febc
12d0ac
eaa038
0ecf00
fe615a
f3cee4
14e067
ebd080
0aded1
035157
f01f16
15a015
ee10c8
066eb1
084144
ecdf53
157fcb
f150fd
014ea2
0c611e
eb1fa0
143f7b
f56132
fcaea6
0ff0ea
ea6fe8
118f38
f9e14b
f7cebb
12e0ac
ea6039
0eaefa
fea15c
f38ee3
14e062
ebe082
0acece
039158
efdf17
15b014
ee20c8
061eb3
087145
ecef56
157fc8
f18103
013ea2
0c911b
eb2fa1
141f7d
f58130
fc5ea7
1030e8
ea4fec
11df37
fa214f
f7debd
1320a8
eaa03b
0ebefc
fed15c
f38ee2
14e060
ebd087
0a8ecf
03b159
ef9f1a
15b010
ee60cb
05deb1
086140
ed0f55
159fc3
f18105
012ea6
0cd119
eb1fa2
140f78
f59132
fc4eaa
1070e7
ea4ff2
11bf35
fa114e
f77ec2
1320a7
ea903d
0e7ef9
fef15e
f33ee2
15105e
ebf088
0a5ecc
03c158
efbf1c
15b00d
ee80cb
05deb1
08613f
eccf5e
157fc3
f1b107
00fea3
0ce118
eb0fa3
142f74
f5a134
fc1eac
1040e6
ea4ff0
119f31
fa4151
f77ec1
1310a4
eab042
0e6efb
ff215e
f2eee4
14d05c
ec008d
0a3ecd
040157
efaf19
15f00f
ee60d1
05beb0
08a13d
ecaf5b
159fc3
f1b107
00dea3
0cc117
eb0fa6
142f75
f5d134
fbfeab
1070e4
ea6fee
119f35
fa6155
f72ec0
12f0a1
eac042
0e2ef8
ff515a
f31ee5
15105b
ec108b
0a1ecc
040155
efaf1d
15c00b
eea0d2
056eb0
08e13f
ecef61
155fbd
f1c108
00eea6
0d0118
eaefa8
13ef75
f61134
fbfeaa
1070e4
ea4ff2
118f32
fa7152
f72ec3
1320a2
eac042
0e0ef7
ff315d
f32eea
150059
ebe08e
0a1ecc
043156
ef5f1e
15c00b
ee80d2
057eae
08c140
ecdf60
156fbb
f1d10c
00bea2
0d0118
eadfa7
140f72
f60136
fbfeac
10a0e1
ea5ff3
117f2f
fa8150
f70ec1
13309f
eab044
0e2ef7
ff715e
f2dee7
150059
ebf08b
0a1ecc
043156
ef4f1f
15f008
ee90d1
05aeaf
08d13d
eccf62
153fbf
f1e108
00cea4
0d2119
eadfa9
13ef72
f5e138
fbdeaa
1090e0
ea5ff9
117f2d
fa7152
f70ec3
13609f
eab046
0dfef3
ff715b
f31eea
152059
ec108c
0a0ecb
045154
ef5f1f
15d00c
ee80d2
055eae
08e13f
ec9f61
156fbb
f20108
008ea4
0d4116
eaffa9
13df6d
f5e135
fbdea9
10a0e0
ea5ff5
114f2e
fad152
f70ec2
13909d
eaa048
0e0ef4
ff715e
f2feeb
152054
ec208e
0a0ecc
044154
ef4f1f
15e00b
eea0d3
056eab
08d13e
ecbf62
154fbc
f1f10b
008ea3
0d2117
eaffaa
139f6f
f62134
fbceaa
10a0e0
ea5ff7
118f2e
fa9152
f71ec3
13409d
eab045
0e1ef6
ff715c
f2feea
151057
ec308e
09eec8
044155
ef8f21
15e00b
eeb0d2
057ead
09013e
ecaf64
153fba
f1f109
00cea3
0d4114
eb0fa9
13ef71
f63134
fbaea8
10b0e2
ea3ff9
116f2f
fa914f
f73ec2
1340a0
ead046
0dfef5
ff815b
f2feed
14d058
ec108e
09fec8
046152
ef7f21
15b00a
ee90d2
055eaf
08d13c
ec8f61
155fbb
f2210b
007ea2
0d4118
eb0fab
13df6f
f61136
fbaea9
1090e1
ea4ff8
113f2e
fa814f
f71ec3
13709d
eaa046
0e2ef5
ffb15d
f2ceeb
152058
ec308f
09dec8
044154
ef5f21
15c009
eeb0d3
054eaf
090141
eccf60
157fb9
f1e108
009ea6
0d3116
eabfaa
13df72
f61139
fbaea9
10d0e0
ea5ff6
113f2f
fa8150
f6dec4
13209e
eaa043
0e0ef6
ff715e
f2eee9
151055
ec108e
09eeca
045152
ef7f1f
15c009
eeb0d2
057ead
08f13c
ecaf61
155fbd
f2010d
008ea6
0d2114
eb1fa8
140f72
f65135
fbcea9
10d0df
ea3ff5
117f2d
fa8152
f71ec5
13909f
eac046
0deef7
ff815c
f2feeb
153059
ec508e
09fecc
045157
ef5f1f
15a009
eea0d2
056eac
09013d
eccf5e
157fbd
f1f10b
00cea2
0cf116
eb4faa
13ef72
f61134
fbdeab
1090de
ea5ff4
118f2e
fa7151
f76ec1
1360a1
eab044
0deef3
ff615d
f2feec
152057
ec508e
0a0ec9
042153
ef4f1d
15f009
ee90cf
057eaf
08d13f
ecaf61
156fbe
f1f109
00bea5
0d3113
eaffa7
140f73
f5f134
fbfeaf
10a0e0
ea6ff6
117f32
faa152
f70ec0
13409f
eaa041
0e4ef5
ff615d
f31eec
152059
ec108e
09fecb
042154
ef6f1c
15a00b
ee90d1
058eb1
08a13f
eccf5f
157fbe
f1f109
008ea4
0cf117
eb1fa8
13df74
f60133
fbcea7
10b0e2
ea6ff4
117f2e
fa5150
f75ec3
1350a2
eab041
0e4ef9
ff715c
f31ee5
152059
ec108e
0a0ecc
040157
ef5f20
15b00c
ee70cf
055eae
08b13e
ecef5e
156fbf
f1f109
00eea2
0d2117
eb1fa9
13cf73
f5c132
fbdea6
1060e4
ea5ff4
115f31
fa5150
f72ebf
1350a4
ea9041
0e2ef7
ff515d
f32ee9
150059
ec108b
0a1ecb
03f157
ef7f1f
15d00a
ee60d0
059eae
08c13e
ecbf5d
157fbd
f1e107
00cea6
0cf11a
eaffa6
140f74
f5d131
fbfea7
1040e4
ea5ff4
118f31
fa7152
f76ec0
1330a3
eaa03e
0e2efa
ff115d
f32ee9
14c05c
ebf08a
0a1ece
041155
ef7f1e
15c00f
ee80cc
059eaf
08913f
eccf5d
156fc2
f1c108
00eea5
0cf11a
eb0fa4
141f74
f5c136
fbfea8
1070e1
ea5ff1
11af30
fa414f
f75ec2
1310a5
eaa03c
0e6efa
ff115d
f33eea
151059
ec308a
0a5ecd
03c156
ef9f1b
15e00e
ee50ce
05deb0
08c140
ecff5b
156fc0
f1e108
013ea5
0ce117
eb2fa2
140f77
f5b134
fc0eaa
1090e3
ea1fed
119f34
fa3150
f77ebe
1350a5
ea903c
0e6ef9
ff315b
f35ee7
14f05a
ebf089
0a6ecc
041155
efdf1a
15a00f
ee90cb
059eb1
08713f
eccf58
15afc3
f1c105
00fea4
0cb11d
eb0fa2
140f77
f5b132
fc3ea7
1060e5
ea3fee
118f32
fa1151
f79ec2
1310a7
eaa03b
0e6efa
fee15c
f32ee2
15005c
ec1086
0a5ecf
03d159
efaf1a
15a011
ee70cb
05ceb1
086140
ed1f5a
15afc4
f1d106
014ea3
0c911b
eb1fa0
140f77
f58132
fc1eaa
1040e4
ea6fed
11cf36
fa214f
f78ebe
1330a6
eab03b
0e7efd
fed158
f37ee5
14e05f
ebf085
0a4ecf
03b157
efbf1a
159011
ee40ce
061eb0
086143
ecbf5a
159fc4
f17104
010ea4
0cb11b
eb4fa1
142f7b
f58130
fc7ea9
1020e8
ea3fec
11cf36
fa014e
f7aebe
1320a8
ea703c
0e9f00
fec15d
f39ee3
14e062
ebb084
0a8ecf
03a15a
ef9f1a
15c015
ee30c9
05eeb1
08613f
ecef57
159fc5
f17105
014ea2
0c811a
eaef9d
13ff7a
f59132
fc5ea7
1020e8
ea5feb
120f36
fa114e
f7cebd
1300a9
eaa03a
0e7efe
fee15b
f35ee3
152060
ebd086
0a9ed0
03815b
efcf1b
15e015
ee70c8
063eb5
087145
ecff57
155fc5
f17102
015ea6
0c511d
eb0f9d
141f7a
f55131
fc5eaa
1030e8
ea3fec
11cf38
f9e14d
f7cebe
1310a9
ea7037
0e9eff
fee15a
f38ee5
14a061
ebd082
0aaed2
03915a
efff17
15b014
ee30c8
063eb0
083142
ecef56
159fc5
f16102
014ea0
0c5120
eb4f9f
144f7f
f59131
fc6ea9
0ff0e8
ea3fe9
120f38
f9f14e
f7febf
12e0ac
ea7037
0e8efe
fe915c
f39ee2
14f060
ebb080
0abed3
038159
ef8f16
15b017
ee30c9
063eb5
081142
ed1f57
157fc9
f16102
016ea6
0c7120
eb4f9f
141f7d
f56130
fcbea7
0ff0ea
ea7fe8
11ef38
f9c14e
f7bebc
12d0ac
ea8036
0e8efe
fe915c
f37ee2
14b061
ebb081
0aded3
035159
efff15
15b017
ee20c8
067eb2
083144
ed1f54
158fca
f14101
019ea5
0c611d
eb1f9c
146f81
f5412e
fc9eab
1040e8
ea5fea
11ef38
f9a14f
f7febe
12e0ae
ea8034
0ebf00
feb15a
f3cedd
14e066
ec0082
0aced1
035158
f00f14
15f018
ee30c6
067eb3
080142
ed4f54
158fcc
f13100
019ea3
0c511e
eb4f99
141f81
f5412d
fc9ea9
1000ec
ea4fe9
11ef3a
f9b14c
f81ebc
12c0ad
ea6037
0ecf02
fe715c
f39ee2
14f067
ebd081
0abed2
03515a
efff13
15b01b
ee50c5
067eb3
081146
ed2f54
159fcc
f13102
019ea5
0c611e
eb4f9a
142f7e
f51130
fc9eaa
1010e9
ea6fe8
122f3b
f99150
f7debc
12c0ac
ea8037
0eaf00
fe7160
f39ee2
14c067
ec0081
0aded1
03315a
f02f14
15c01a
ee10c6
067eb0
07b142
ed2f54
158fcd
f18102
019ea5
0c5121
eb2f99
143f7f
f51130
fccea8
0ff0eb
ea5fe9
11df3c
f9c14c
f81ebd
12e0af
eab032
0ecf02
fe715d
f3bee1
14c065
ebd07f
0aced1
03715e
f04f14
15d019
ee20c3
06ceb4
07f145
ed3f56
158fcc
f130ff
01dea5
0c5121
eb4f99
142f81
f53130
fcbea6
1010ed
ea5fe3
121f3c
f9b14c
f7febf
12e0b0
ea7032
0edf02
fe715a
f3cee1
14c067
ebd07e
0aced4
034157
f01f14
15b01a
ee00c1
066eb2
07e145
ed5f54
15afcd
f14103
019ea4
0c411f
eb4f9a
147f7f
f5212f
fceea8
0fe0eb
ea5fe5
11ff3d
f9814b
f80ebd
12e0ac
ea9035
0eef01
fe315a
f3dee2
14c063
ebc080
0aded3
035159
f01f11
15b018
edd0c4
067eb1
080143
ed3f54
157fcf
f11100
017ea4
0c411e
eb5f9b
144f80
f5212d
fcdea9
0ff0ed
ea6fe6
11ef3c
f9814e
f83ebf
12d0ae
ea5033
0ecf05
fe415a
f3cee1
14b065
eba080
0aeed1
035157
f01f15
15c01a
edf0c5
068eb4
07f142
ed2f53
158fce
f110ff
01bea5
0c511e
eb4f99
145f82
f5512e
fcaea9
0fd0eb
ea6fe7
11ff3c
f9a14e
f82ebb
12f0ad
ea6035
0e8f03
fe615a
f3cee1
14d068
ebc07f
0aeed0
033158
f00f13
159017
ee00c7
064eb0
07f143
ed2f52
158fcb
f14100
019ea5
0c711e
eb3f99
143f7f
f5412c
fcaea7
1000e9
ea8fe9
11ef39
f9d14f
f82ebd
12d0ad
ea7039
0eaf00
fe715c
f38ee0
14d065
ebc082
0aded3
036159
f00f16
15e019
ee10c6
066eb5
07f143
ed2f53
157fc8
f160ff
019ea4
0c411f
eb2f9b
143f81
f5312e
fcbea8
1020ed
ea2fe9
11ef3b
f9a14c
f7feb9
12e0ac
eaa034
0eef01
fea15c
f39ede
14d064
ebf082
0afed1
036157
f00f16
15b016
ee00c3
065eb2
083143
ed3f56
156fc9
f15103
017ea6
0c411d
eb1f9d
144f7e
f53130
fc7ea6
1040ec
ea6fe7
11bf3a
f9b14c
f81ebe
12e0ae
eaa037
0ebeff
fea15c
f3bee1
14b066
ebe084
0abed1
039156
efef1b
15e014
ee10c8
063eae
083142
ecff57
159fc7
f18105
016ea4
0ca11e
eb2f9a
144f7c
f5512f
fcbeaa
1000ea
ea6fe8
11ff3a
f9e14d
f7bebe
1300a9
ea803b
0e9efe
fe815e
f38ee5
14f062
ebe082
0aced1
038156
efef13
15d013
ee30c8
062eb0
086145
ecff55
159fca
f18105
016ea5
0c711c
eb3f9f
144f7b
f56132
fc8ea8
1050e8
ea6fed
11bf38
f9f14f
f7cec0
12f0a7
ea9039
0e8efc
fed15d
f37ee3
14e060
ebf083
0a9ecf
03a157
efcf18
15a015
ee50c9
060eb0
087141
ed2f5a
158fc2
f17102
015ea5
0ca119
eb1fa2
141f79
f58132
fc5eaa
1030e7
ea0fee
11bf35
fa4150
f7aec0
1320a5
ea803c
0e4efc
fee15c
f37eea
14e05d
ebf08a
0a9ecd
03e158
efbf1a
15c013
ee60cc
05ceb2
085140
ed0f59
159fc3
f19104
012ea4
0cb11b
eb1fa3
140f79
f5b131
fc1eaa
1050e5
ea5ff1
11af35
fa5151
f76ebf
1360a5
ea903d
0e5efb
ff015c
f31ee7
14e05e
ec108a
0a6ecd
03e158
efaf1d
15c010
ee60c9
05eeaf
087141
eccf5b
154fc1
f1d108
010ea3
0d111a
eaffa8
140f77
f5e134
fc3eaa
1080e4
ea5ff1
119f31
fa514d
f75ec1
1320a6
ea9040
0e2ef9
ff515e
f31ee6
15105a
ec208a
0a5ece
043156
ef8f1e
15b00d
eeb0ce
058eae
08c13f
ecff5d
156fbb
f1e10a
00dea0
0cf117
eb0fa8
13df73
f60134
fbfeac
10a0e2
ea4ff4
114f2f
fa914e
f75ec3
1340a0
eab03f
0e0ef8
ff815d
f2feea
154058
ec2090
09eecb
044155
ef8f22
15c00a
eec0d1
056eb0
08d13e
ec8f64
156fba
f1f109
008ea4
0d3116
eaefa9
13ef70
f63136
fbcead
10c0e1
ea1ff9
116f2e
fac153
f6cec4
13609f
ea9045
0dfef3
ffd15e
f2eeed
150053
ec5090
09dec9
04a152
ef5f21
15d001
eee0d5
053eae
09313e
ecdf61
155fba
f2410c
005ea6
0d6112
eb0fae
139f6c
f65138
fb8eac
10e0de
ea6ffa
112f2a
faf151
f6cec7
139099
ead04d
0dcef2
ffc15b
f27eed
152050
ec9097
09cec7
04b153
ef0f27
15c002
ef10d8
04deb0
09713a
ec7f66
154fb6
f2810f
000ea4
0db10e
eadfb4
13cf6a
f6713a
fb3eae
1120dc
ea1001
10ff26
fb3155
f69ec7
13a098
ead04e
0d9ef1
00115b
f28ef3
15304a
ec709a
093ec5
04d150
eeff2a
15dffc
ef20dd
04bead
099139
ec4f6d
152fb2
f28112
ffbea3
0da110
eacfb7
137f67
f6913c
faeeac
1120d6
ea6006
10ef24
fb8158
f65ec8
13b093
ead052
0d3ef0
00515e
f22ef2
157049
ec709d
094ec2
055150
eedf2c
15cff8
ef50de
046eab
0a0138
ec1f70
151fa8
f2b116
ff6ea2
0e1107
eabfba
134f62
f7213c
fabeaf
1170d1
ea6009
109f1f
fbc156
f60eca
13d08f
eaf057
0cfeec
00915c
f20ef8
158043
eca09f
08eec2
057151
ee6f2f
15bff3
ef60e4
041eac
0a1133
ec1f74
151fa6
f31119
ff4ea3
0e6108
eabfc2
133f5e
f73140
fa3eae
11a0c9
ea400c
108f1d
fc2156
f5cece
13b087
eb105c
0ceee7
01115d
f1aefb
15603f
ece0a3
08aec0
05f14e
ee6f35
15eff1
efa0e9
03cea9
0a9131
ec0f77
150f9e
f3611a
febea1
0e8106
ea9fc6
132f57
f79141
f9eeb4
11b0c7
ea3014
100f1a
fc8158
f55ed2
13e085
eb1060
0c9ee2
01515c
f16efd
156037
ed30ac
083ebd
06114c
ee4f38
15bfe9
efc0ea
037ea7
0ab12f
ebbf7f
14bf9c
f39120
fe8ea9
0ec0ff
ea9fc9
12cf51
f81144
f9ceb1
1220c4
ea201b
0fef12
fce15a
f50ed2
14407c
eb6068
0c2edf
01d15c
f11eff
159031
ed50af
07eebd
06714d
edff41
15cfe1
f010f0
030eab
0b412f
ebbf87
14cf92
f40121
fe2ea6
0f00fc
ea6fd1
12af4c
f84147
f94eb5
1200bf
ea8021
0faf0e
fd315c
f49ed7
149079
eb506c
0beed9
02415b
f0af06
158029
ed70b7
074eb9
07114a
ed8f43
15bfda
f070f4
028eaa
0b812c
eb5f88
149f90
f47126
fdbea8
0f80f5
ea5fd8
127f43
f8c147
f8eeb9
12a0b7
ea8027
0f2f0a
fd9159
f46edc
147070
eba076
0b7ed6
02a15b
f09f0d
15b022
edc0bf
06eeb8
077147
ed6f4a
158fd6
f0d0f8
022ea5
0bc123
eb3f93
148f88
f4d12b
fd1ea6
0fa0f0
ea9fe1
123f42
f95149
f85ebc
1280b3
ea602e
0f0f05
fe115a
f3fedf
14c069
ebb07b
0b0ed3
032158
f03f10
15c01c
edf0c3
069eb1
07d144
ed3f51
15afcc
f130ff
01cea3
0c4121
eb4f97
141f80
f5312c
fc9ea7
0ff0ea
ea5fe7
120f3a
f9d14c
f7debd
12d0ad
ea5036
0e8efe
fe915b
f37ee3
14f065
ebd084
0a7ecf
039157
efcf14
15b014
ee40c6
060eb2
089142
ecff58
157fc6
f19104
011ea3
0cc11a
eb0fa1
13ff7a
f5a132
fc2eac
1030e3
ea3ff0
119f35
fa6152
f79ec1
1320a5
eab03f
0e3ef9
ff315c
f35ee7
151058
ebf08c
0a3ece
042155
ef6f1c
15800b
ee50d3
058eaf
08e13c
ecaf60
156fbc
f2210a
008ea2
0d4115
eaefab
13ff72
f63138
fb9ead
10c0dc
ea3ff9
113f2d
fad151
f6cec5
13409a
ead049
0deef1
ffb15d
f2aeee
154052
ec4094
098ec6
04a155
ef1f23
15b003
ef10d6
04dea9
09613b
ec7f66
157fb4
f27111
fffea3
0db10f
eaefb2
138f68
f6813c
fb0eae
1110d6
ea3003
10df24
fb7154
f67ec8
13d092
ead053
0d6eef
00515e
f24ef3
154048
ec909c
091ec0
053154
eecf2c
15dff8
ef70df
046eab
09f136
ec4f71
152faa
f30115
ff8ea4
0e010a
eaafc0
136f60
f73140
fa6eaa
1160d1
ea100c
109f1e
fbf156
f5eecb
13f08c
eb005c
0ceee6
00f15e
f1cef9
157041
ecc0a5
089ec1
05f151
ee5f36
15dfef
efb0e7
038eaa
0a8130
ec1f7b
14efa1
f3711c
fecea5
0ea102
eaafc5
12ef56
f7e142
f9eeb1
11c0c4
ea801a
101f16
fc815a
f55ed2
147080
eb2067
0c2ee1
019159
f12efd
159034
ed40b0
07eebc
06814c
ee2f3c
158fe5
f010ee
02dea6
0b212c
ebcf83
14af96
f40122
fe2ea6
0f10fc
ea6fd1
129f4c
f83146
f93eb4
1270be
ea601f
0f9f0f
fd7158
f4aed8
148077
eb706e
0bceda
02615c
f0af09
15a02a
ed70ba
075eb7
073149
ed9f47
158fdd
f0a0f8
024ea7
0b8125
eb6f8b
149f8a
f4b12a
fd7ea7
0fb0f2
ea5fda
125f43
f9014d
f89eb7
1290b4
ea702e
0f1f05
fe0158
f41ede
14d06c
eb807a
0b2ed5
032159
f05f10
15c01f
edd0c1
067eb2
07e146
ed1f54
15afcf
f120fe
01aea5
0c511e
eb2f9a
141f7b
f5412f
fcaea7
0ff0ea
ea7fe8
120f36
f9e14e
f7fec0
1310a9
eaa03c
0e8efc
fed15a
f37ee2
14f061
ec1086
0a5ece
03e156
efaf1a
159014
ee60cd
05ceb0
08b141
ecef5c
157fbd
f1d107
00cea4
0cf119
eaefa5
13df74
f5f137
fc0ea9
1080e1
ea4ff8
116f2f
fa9154
f72ec2
1330a0
eaa047
0e0ef8
ff815b
f2ceea
151053
ec5094
09bec8
048154
ef1f24
15b003
eee0d4
051eaf
09413c
ec4f68
152fb5
f25111
ffeea4
0da111
eadfb3
13af67
f6b13e
fb1ead
10f0d8
ea3006
10df24
fbb154
f67ec9
13b093
eaf053
0d6eef
00515e
f25ef6
152049
ec909f
091ec2
055154
ee9f2e
15aff2
ef70e1
045eab
0a3136
ec3f73
152fa9
f2f116
ff5ea4
0e5109
ea9fc4
136f5e
f77140
fa8eb1
11a0cc
ea5012
105f1c
fc2157
f59ecc
141084
eb105f
0ccee2
01415a
f18efc
15803b
ecd0ac
07febd
06314e
ee3f37
15afe9
efe0e9
035ea8
0ad131
ebcf81
14bf99
f3b123
fe4ea5
0ec0fd
ea6fce
12df51
f83148
f95eb4
1220c0
ea301c
0fcf0e
fce15b
f4bed6
14607b
eb5070
0baeda
02115b
f0df06
15b029
ed90b4
078eb6
07214b
edaf46
15bfd7
f070f8
029ea7
0b9127
eb7f8e
14bf8d
f48127
fd7ea7
0f80f6
ea3fdb
127f45
f9114a
f86eb8
12a0b4
ea802d
0f2f08
fdf15a
f40edd
14b06b
eb907c
0b3ed2
02f158
f01f0e
15a01d
ee20c4
067eb3
07d145
ed5f50
159fcb
f160fc
018ea6
0c711d
eb4f9b
144f7f
f5712f
fcbea8
1020e9
ea5fec
11cf37
f9e153
f7bebe
1320a7
eaa03e
0e8efb
fee15a
f35ee6
15005e
ec4089
0a3ecd
03e158
ef8f1e
15c00f
eea0cd
05aeb2
08a142
ecaf61
155fbb
f2010a
00cea5
0d0113
eadfad
13df71
f63136
fbbeae
10d0de
ea2ffa
114f2b
fad151
f6dec2
13b098
eaf04d
0daef4
00115b
f24ef0
15304e
ec5095
098ec5
051156
ef0f27
15cffc
ef30dc
048eac
09d13a
ec4f6e
152fae
f2c114
ff9ea6
0dc10c
eacfbb
138f63
f7213f
fabeaf
1140d1
ea300a
108f20
fbe155
f5becc
13e08b
eb2058
0cbee6
00e15c
f1befb
158040
ece0a9
085ec0
05f14f
ee6f35
15afef
efc0ea
039ea9
0aa132
ebdf7f
14df9d
f3711f
fe8ea6
0ec101
ea9fca
12df54
f81146
f9beb4
1230c2
ea501c
101f10
fd1158
f4eed2
14807c
eb606b
0c0ede
021158
f10f06
15b02e
ed70b5
078eb9
07014b
edaf43
159fde
f070f3
025ea9
0b9126
eb8f8d
14af8a
f4b128
fd7ea2
0f80f5
ea6fdc
125f41
f91149
f8aeb9
12a0b5
ea702c
0f0f04
fe315b
f3fedd
14e06b
eb807a
0afed6
032158
efff11
15d018
ee00c4
065eb3
07f145
ed2f57
157fca
f16101
016ea7
0c811b
eb2f9e
142f7d
f58133
fc7ea5
1030e9
ea5fed
11bf36
fa5150
f76ec1
1320a5
ea9041
0e3ef9
ff315e
f31ee8
14f05b
ec308b
0a1ecc
043156
ef8f1f
15c006
eeb0d2
055eae
08f13e
ecaf64
155fbb
f2210c
006ea4
0d5114
eaefb1
13af6e
f67136
fb2eac
1120da
ea3003
112f26
fb3150
f66ec7
13d091
eae052
0d6eec
00315d
f21ef4
15304a
ec90a1
092ec3
055150
eeaf2b
15cff9
ef40e0
046eab
0a3135
ec3f76
151fa8
f31116
ff0ea1
0e3107
eaafc4
132f5a
f76140
fa1eb1
11c0cc
ea3012
103f17
fc8158
f57ed0
140082
eaf062
0c5ee5
01415d
f16efd
157034
ed20ae
07debf
06614c
ee1f3d
15bfe3
f010f1
030ea8
0b312a
ebaf83
149f94
f44125
fddea3
0f20fc
ea4fd3
12bf4b
f8c149
f93eb9
1250ba
ea7027
0f7f0b
fda15d
f45edb
148071
eb8078
0b7ed6
02e15a
f07f0e
15c023
ede0be
06ceb5
07a147
ed9f4e
158fcf
f100ff
01cea6
0c1120
eb4f99
142f81
f50130
fcaea8
0fe0ea
ea5fe8
11ff39
f9a150
f7eeba
1310a9
eab039
0e9efb
fee15b
f34ee6
14e05d
ec008a
0a9ed1
040157
ef7f1d
16100e
ee80d0
059eb1
08a13e
ec8f5f
153fbf
f1f109
009ea4
0d4116
eacfaa
13df6f
f63138
fb7eaa
10f0dd
ea5ffd
10ff28
fb2152
f6eec6
13a097
eab04d
0d5eed
00015c
f27ef1
15404a
ec909a
090ec3
055155
eecf2a
15cffb
ef60e1
046eab
0a2136
ec3f72
151fa7
f2f11a
ff6ea6
0e3105
eabfc2
132f5d
f74144
fa6eb2
11a0cc
ea2012
104f1a
fc7157
f57ece
142085
eb1062
0c8ee2
01515b
f15eff
159033
ed30ae
07eebb
06714d
edff3e
159fe5
f040f0
02eeaa
0b312a
ebaf86
14cf95
f40123
fddea5
0f40fb
ea7fd6
12bf4a
f8b145
f8eeb7
1260ba
ea4029
0f7f0a
fdb159
f44ed9
149071
eb8076
0b5ed5
02e159
f05f0d
15e01f
ee00c0
06ceb7
07c143
ed5f4f
159fcd
f120ff
01aea4
0c2120
eb3f9a
143f81
f5412d
fc8ea8
1020e8
ea4feb
11ef37
fa214d
f78ebe
1330a7
eaa03c
0e5efc
fef15b
f33ee9
14e05b
ec108c
0a2ecb
042156
ef8f1d
15a009
ee90d5
054eae
09213d
ecaf62
154fb9
f2010e
005ea5
0d6116
eadfb0
139f6a
f69139
fafead
10f0d6
ea4ffd
10ff25
fb6156
f65ec8
13a093
eaf055
0d4ee9
00515d
f20ef3
155047
ecc0a2
090ec3
056150
ee9f30
15fff3
efa0e5
03deaa
0a2131
ec0f76
14ffa1
f3611b
fefea4
0e7106
eaafc6
12df57
f7d143
f9ceb0
11f0c6
ea4019
0fef13
fcb15a
f4fed4
14407d
eb1068
0c3ede
02015a
f0df05
15602d
ed80b2
07aeb9
06f14b
edbf44
15afd8
f0a0f4
026ea8
0b8128
eb7f8d
14bf8b
f48127
fd8ea6
0fa0f3
ea5fdb
126f44
f9014a
f87eb9
12b0b3
ea802f
0f0f00
fe015c
f3eede
14b069
ebb07f
0aded3
034156
efef17
15e018
ee20c6
061eb1
086143
ecff57
156fc8
f17105
00fea7
0cd11b
eb1fa4
13ff76
f5e133
fbdead
1070e4
ea4ff4
117f30
fa9154
f72ec2
13409f
eaf047
0ddef6
ffc15d
f29eed
153051
ec5095
098ec6
04d153
ef1f24
15afff
ef20da
04ceab
098138
ec7f6e
152fae
f2c112
ff8ea3
0e110b
eacfb9
134f60
f73140
fa8eb0
1170ce
ea500e
107f1c
fc3157
f59ecd
141088
eb205f
0c9ee4
01215b
f18efd
15903a
ed00ac
083ebe
06614c
ee0f3a
15cfe6
f020ea
033ea6
0af12d
ebaf85
14bf98
f3e124
fe3ea5
0f00fb
ea6fd4
127f4a
f8a149
f8feb6
1280bb
ea9026
0f7f0a
fda15b
f48eda
14b071
eba077
0b7ed7
02c157
f05f10
15c01e
ede0bf
06aeb5
07e143
ed1f50
157fcb
f11102
01aea5
0c511f
eb1f9e
145f7d
f54132
fc6ea9
1010ea
ea1fed
11bf35
fa5150
f79ebd
1330a4
eae03c
0e4efa
ff115e
f31eea
15105a
ec108e
09eec7
045154
ef3f20
15c008
eee0d7
053eac
09413b
ec9f68
154fb5
f27110
fffea4
0d910e
eaefb7
139f66
f6c13a
fadead
1150d2
ea4002
109f1f
fbb156
f60ecb
13e08f
eaf059
0d1eea
00c15b
f1bef9
157040
ed00a3
086ebe
05f150
ee4f36
15dfec
efe0e8
039ea7
0ac130
ebdf7e
14ff9a
f3811e
fe7ea4
0ee0fd
ea7fce
12ef50
f82144
f94eb1
1210c2
ea3022
0f9f0e
fd315a
f4aed7
147075
eb8073
0baed9
02815a
f09f0a
159025
edd0bc
070eb8
078146
ed7f4e
157fd3
f0f0fa
021ea7
0c2122
eb5f96
143f82
f5212e
fcaea8
0fe0eb
ea4fe6
11bf39
fa014f
f7deba
1320a9
ea9039
0e7efd
fef15e
f33ee7
15005b
ebf08a
0a5ecb
03f154
ef7f1b
159009
eec0d1
056ead
09113c
ec7f62
156fbc
f2210c
003ea5
0d9113
eadfb2
139f6a
f6a139
fb0ead
1110d9
ea3003
10ef26
fba156
f60ec8
13e092
eac057
0d1ee9
009158
f1fef5
154043
ecc0a2
08aec1
05e151
eeaf34
15bff0
efc0e7
03aeab
0a6130
ec1f7b
14ff9f
f38121
febea9
0eb0fe
ea7fca
12ef53
f80144
f98eb2
1220c4
ea901e
0fbf0d
fd5159
f4eed5
148076
eba06e
0bcedb
02415a
f09f06
15a026
ed80ba
072eb5
077147
ed9f49
158fd4
f0c0fb
01fea7
0be123
eb5f94
147f85
f51130
fcfea6
1010ec
ea6fe5
121f38
f9a14d
f80ebd
1330aa
ea9039
0e9efa
fef15c
f33ee5
15005b
ec2089
0a5ecf
040156
ef7f1c
15c00c
ee90d3
055ead
09013f
ecaf62
154fb8
f2010d
003ea5
0d6113
eadfaf
13ef67
f6913c
fb3ead
1140d8
ea0001
10ef24
fb7154
f64ec8
13b090
eb0057
0d3eeb
00615b
f1eef5
156041
ecd0a1
088ec1
05a150
ee6f32
15ffec
efc0e8
03bea8
0aa133
ec1f7e
14ff9e
f3c11d
fe7ea5
0ef0fc
ea7fca
12af54
f84147
f96eb6
1230bf
ea601f
0fbf0f
fd4157
f4ced5
148076
eb706f
0bbeda
028159
f0cf09
15a027
edd0ba
072eb4
076145
ed8f4b
159fd3
f0f0fb
01fea4
0c2123
eb3f96
146f83
f5212f
fcaea7
0ff0eb
ea4fe7
121f39
fa014d
f79ebc
1310a9
ea903b
0e7efc
ff115b
f34ee8
14f059
ebf08e
0a5ecd
040158
ef6f20
15d009
eea0d3
055ead
09013b
eccf65
154fb5
f2610e
001ea3
0d7111
eacfb0
136f67
f6b13b
fafeae
1120d6
ea4008
10cf22
fbb157
f62ec9
13d08d
eb1058
0d1ee7
00e15d
f1eef9
157040
ecd0a3
088ec1
05f14e
ee5f34
159fed
efe0e8
038ea8
0a912e
ebbf80
14cf9a
f3c120
fe4ea4
0f00fd
ea5fcd
12bf4f
f89146
f95eb6
1220be
ea5023
0fbf0e
fd7158
f47ed8
147072
eba073
0baed7
02a15c
f06f0b
158020
edd0c0
06eeb5
07d142
ed3f50
158fcd
f130fe
01aea5
0c611f
eb2f99
144f7e
f5912e
fc6ea9
1030e7
ea2fee
11df36
fa314f
f77ebf
1320a4
eab041
0e3ef7
ff815a
f2eee9
152055
ec308c
0a0ec7
048155
ef5f20
15f004
ef00d9
051eac
09413a
ec7f68
152fad
f29115
ffcea5
0de110
eacfb8
137f61
f7213c
fabeb0
1120d1
ea400a
107f1f
fbe156
f5bed0
141089
eaf05d
0ccee4
01215a
f19efe
156037
ecf0aa
083ebb
06814c
eddf3b
15dfe6
f020ec
031ea7
0b012b
eb8f86
14cf95
f40121
fdfea8
0f80f8
ea4fd6
127f47
f8d14a
f8eeb8
1280b7
ea602a
0f5f07
fdc15a
f41ed9
14a06e
ebb078
0b1ed4
03115c
f03f13
15801b
ee10c5
066eb4
07f143
ed0f54
156fca
f18102
013ea3
0ca11e
eb3fa4
13df76
f5b133
fbfeab
1060e2
ea2ff3
118f2f
fa7150
f73ec2
13609c
eac047
0dcef5
ffa15c
f29ef0
15304f
ec5096
098ec6
04f153
eeef2b
15bffc
ef30dc
046eaa
09f135
ec4f6f
153fa7
f31117
ff4ea6
0e4108
ea9fbd
133f5e
f76140
fa1eb1
11b0d0
ea4013
103f16
fc915b
f55ed0
143081
eb3068
0c4ee2
01c15d
f14f01
15a02f
ed40b2
07bebe
06f14a
edbf44
15afdc
f0a0f5
029ea7
0b8125
eb6f8b
146f89
f4b124
fd5ea6
0fc0f2
ea5fde
122f40
f9414c
f86eb9
12c0b0
eaa030
0eef02
fe715c
f3bee0
14a063
ebd083
0a9ecf
03a157
efcf18
15f012
ee40cc
05beb3
087140
eccf5d
157fc0
f1f109
008ea4
0d4115
eb0fab
13df71
f65135
fbaead
10c0da
ea4ffd
113f28
fb3156
f66ec5
13c095
eae051
0d4eeb
00715c
f22ef4
156044
eca0a1
08debf
059153
ee8f31
15bff4
ef80e5
03feab
0a6133
ec0f77
151fa1
f3911d
febea6
0ec101
ea6fcb
12ef52
f82144
f96eb6
1200c2
ea401e
0fcf12
fd215d
f4ced6
14a078
eb606e
0bdeda
02415a
f0cf0c
158025
ed90b8
070eb7
077147
ed8f48
15cfd1
f0d0fa
01fea5
0c0123
eb7f97
146f85
f5212b
fccea9
1000eb
ea5fe8
11ff38
f9e14e
f7aebe
1330a8
ead03e
0e6ef9
ff415c
f30ee9
15205c
ec108b
09fecd
046156
ef2f23
15b009
eec0d5
052eab
095139
ec6f65
152fb2
f27111
fffea6
0dc10f
ea9fb7
137f60
f6e13c
fadeaf
1150d4
ea300b
108f20
fbe156
f5eecd
14008a
eb005a
0ceee7
01415a
f17efe
156039
ece0aa
080ebd
06514f
ee0f3b
15cfe8
f010ed
033ea9
0b312b
ebbf84
14cf93
f41122
fddea9
0f60fe
ea8fd5
126f4b
f8e149
f8eeb6
1270b8
ea5029
0f6f08
fdd159
f41edc
14a06c
eb807d
0b1ed6
032159
f00f12
15d01a
ee00c4
066eb5
084144
ed1f56
158fc6
f18103
015ea3
0cc11b
eb2fa3
140f75
f5a133
fbdeab
10b0e1
ea0ff6
117f2d
fa9152
f71ec5
13809d
eac04a
0dbef0
ffe15c
f29eee
15404d
ec6095
ffe001
fff001
000ffe
001ffe
000000
001001
ffffff
002000
fffffe
000000
001fff
ffe002
ffffff
fff000
001fff
000001
001fff
fff001
ffdffe
003000
001000
002002
001003
ffe004
ffefff
000001
000002
002001
fff001
ffc002
ffdffe
fffffe
000000
002003
001001
ffffff
003000
fff000
003000
000ffd
001001
003000
fff000
000001
000000
000fff
001ffd
000001
001000
001001
001004
fff000
000000
000000
001001
fff001
fff004
ffffff
001fff
002fff
fffffe
ffd000
000001
001001
000000
002fff
000001
002000
ffffff
002ffe
000fff
002ffe
fff001
ffdffe
002000
002fff
002001
000ffe
002003
001fff
ffffff
001000
000fff
002000
001000
001001
002ffc
001ffe
001001
fff000
ffe002
ffe000
fff001
001002
fff001
ffdffe
001fff
001002
003ffe
002fff
003000
000001
001002
ffdffd
000002
002000
002001
fffffe
000fff
000003
000fff
ffffff
fff001
fffffe
000002
ffeffe
ffefff
000fff
000003
002fff
001fff
000ffe
001001
001001
ffc000
002001
002001
fff000
001ffe
000001
000003
000001
003001
000001
fff000
000002
001fff
ffefff
ffdfff
001002
fff001
000fff
fff000
ffd000
002002
ffd001
001fff
000fff
fff000
000fff
000001
fff000
002000
001001
001002
fff000
002000
000000
fff002
002001
001001
000fff
003ffd
ffffff
001000
000fff
fff001
fff002
000001
002003
ffd000
ffe000
ffc001
002001
001000
000003
000003
fff002
ffe000
ffffff
000001
fff002
ffe000
001ffd
001ffe
001002
001fff
001000
002000
ffffff
000000
000000
fffffe
fff001
001002
001000
fff000
000000
000003
002002
000001
000000
000002
002001
004002
001ffe
ffe002
000002
002ffe
002ffd
fff001
000001
001000
000fff
001002
001000
002fff
001fff
ffffff
003001
000ffe
002fff
ffdfff
000000
000fff
002000
002000
002ffe
002ffe
ffffff
000000
ffeffe
003ffd
003ffd
000ffd
000001
002001
ffe005
003000
000fff
000001
001003
ffd002
003001
000001
fff000
001000
001001
fff000
000ffe
ffe001
000003
003001
000002
002001
001fff
fff000
ffefff
000fff
001001
001002
001002
002001
000000
fff000
ffffff
ffe002
fff000
ffe000
000fff
000001
fff000
ffe000
ffe002
003000
003001
fff000
001fff
001001
ffefff
001000
001001
002fff
000001
001ffe
001ffd
000001
ffffff
001001
ffe003
001ffe
003001
000ffe
002ffe
ffffff
fff002
001ffe
001002
ffd001
fff002
000ffe
002000
001fff
001003
000000
000000
fffffe
000fff
002000
ffffff
001001
001000
000ffd
ffffff
000001
000000
001005
fff002
000fff
002001
fffffe
ffdffe
fff001
001fff
000ffe
001ffe
ffffff
fff001
000ffe
002001
001000
fff000
fff000
fff000
003001
fff000
002002
001ffe
001fff
fff002
000000
ffeffe
fffffe
ffefff
002ffe
000001
000001
000fff
002001
000000
001001
001001
000ffe
001003
003ffe
fffffd
002000
000001
fff000
ffffff
000002
ffffff
000000
ffd002
001fff
fff002
ffe001
000006
fff001
000ffd
ffffff
ffcfff
000001
fffffe
002001
ffffff
001000
000fff
fff000
002000
000000
ffd000
ffffff
002fff
000000
001fff
ffeffe
fff000
ffefff
002fff
ffeffe
001002
000003
000fff
000001
ffffff
000fff
000000
ffe000
001003
000002
ffeffe
ffffff
ffefff
001000
001000
000001
001001
000000
ffd000
001001
001fff
001fff
fff000
000000
001ffc
001fff
003fff
002000
ffe000
ffe001
000000
001000
000003
ffd000
fffffc
fff000
000fff
fffffd
fffffe
000000
ffdffd
001ffe
000000
001000
002002
003ffd
ffe001
fff001
001000
001ffe
001fff
fff000
000fff
ffefff
001000
fffffe
fffffe
000ffc
fff001
001fff
000ffe
001000
000001
001002
003fff
003001
002000
001000
000001
000ffe
001001
001000
002ffe
001001
001ffd
000003
002002
000001
001000
000000
ffe002
000ffe
000000
001fff
002ffe
000fff
000fff
001000
ffe001
000001
000003
000000
001ffe
001000
000ffe
001000
fff000
fff000
ffeffe
000001
000000
001000
fff001
003002
000ffe
001fff
ffefff
fffffe
002001
ffdfff
fff001
fff001
000fff
002fff
fffffe
000ffe
001ffe
ffefff
fff001
fff000
001001
fff001
fff001
000000
001001
002fff
000001
ffefff
fffffd
001000
fff000
ffefff
000001
ffc002
002ffe
ffffff
001000
fffffe
fff002
ffd000
000000
001fff
001fff
fffffe
000000
fff004
002000
fff000
004ffe
001fff
fffffc
002001
fff001
001000
fffffe
000001
001fff
fff002
ffffff
000000
000001
000ffd
001ffd
001001
000ffe
000001
002001
001002
001fff
000000
ffd002
001000
000002
000000
003000
002002
001001
001001
ffe001
002000
fffffe
000ffe
002002
ffd000
ffffff
fff000
002fff
000000
003004
fff001
fff000
000000
fff002
000001
fff001
003000
001000
ffefff
ffe001
ffffff
001001
ffffff
000fff
fff004
001001
ffe001
ffd000
000001
001ffd
000000
000000
001000
fff004
000fff
001001
002fff
ffefff
001fff
000fff
fff000
fff001
fff000
ffffff
ffe002
fff000
ffcfff
fff000
001fff
000ffd
001000
fffffe
fffffe
ffeffb
000001
002000
002fff
001000
ffdffd
001000
002001
003000
002fff
002fff
001002
002fff
ffdfff
ffdfff
ffc000
001000
ffdffd
001fff
ffffff
ffe000
001002
ffe001
001002
fff003
005fff
ffdffd
001ffe
fff003
002fff
ffdfff
fff002
000001
000001
000001
ffffff
004ffe
003fff
ffffff
ffe001
fff000
001002
002003
000000
ffefff
000000
000ffc
ffefff
003ffe
001ffd
000fff
002ffe
001fff
002002
000ffd
001001
002fff
001ffd
000fff
000002
000fff
001000
001fff
000001
ffdfff
002001
000001
001002
fff003
002fff
000000
000fff
ffd000
002003
ffffff
001fff
ffe002
001fff
001fff
fff001
000001
ffffff
002001
001000
003fff
002fff
001ffc
000001
001ffe
fff000
000fff
000fff
ffffff
001ffd
ffffff
000001
000001
001001
001ffd
000000
ffd002
ffbffe
003002
002fff
ffffff
004002
ffeffe
fffffe
000000
002000
ffe000
002fff
000000
004001
ffffff
ffe002
fff000
001ffe
002002
fff001
ffffff
002000
ffe000
001fff
ffe002
000ffe
fff001
004ffd
fff001
ffeffe
001002
ffe000
fffffe
000ffd
ffe004
000ffe
fff003
001001
ffe000
ffffff
000001
fff001
fff000
ffefff
002000
000fff
000001
fff001
fffffd
002001
000fff
000000
000004
001fff
ffe002
000fff
001000
fff000
000fff
fff001
000002
001003
000ffe
001002
ffffff
000003
fff001
ffffff
001000
001000
001001
001001
001000
ffffff
000002
fffffd
fff000
003002
001001
000000
000002
000002
000000
fff001
fff001
fff000
003002
002fff
003fff
003fff
000000
000000
ffd000
000000
001fff
000001
000ffe
ffffff
000000
fff002
001002
001ffc
000001
fff001
002ffd
001000
001001
000001
ffe000
000001
ffcffc
000000
000000
001000
fff001
002000
000fff
004002
003001
ffffff
fffffe
fff001
fff003
ffeffe
ffe002
000003
fff000
001ffd
001001
001ffe
001001
001001
fffffd
ffe000
ffefff
000ffe
003001
002fff
ffe001
ffe001
ffefff
fffffd
001001
001000
ffdfff
000001
ffc001
001000
001003
000000
fff001
002001
002ffe
000ffe
002000
fff001
000001
003fff
000fff
000002
000000
ffeffd
ffefff
002002
fff001
ffe001
fffffe
fff000
002fff
000002
001ffd
fff000
001002
ffd002
000001
002001
fff001
003001
fff002
ffeffe
fff000
000000
000fff
000000
001ffe
000003
ffe001
002000
001ffd
001000
000001
ffd001
002002
fff001
000000
001fff
002002
ffdfff
000fff
fff001
000001
001000
000fff
fff003
001000
001ffc
001001
001fff
000ffe
001ffe
fff000
001ffe
000000
000002
000ffe
fff002
ffffff
fffffc
ffe001
001000
000003
001001
001001
002002
ffd001
001000
000ffd
002fff
ffffff
000ffe
000001
000003
000002
002fff
001fff
ffe003
fff001
000000
fff002
004000
002000
001001
000fff
ffffff
002fff
fff001
000000
000001
000000
000ffd
ffffff
fff000
000001
000fff
003001
002ffd
000002
ffeffe
ffffff
000fff
002001
ffffff
001fff
ffe001
000001
ffe000
000001
000fff
fff001
fff000
ffeffe
ffcffe
002003
003001
ffe001
000000
000001
000000
ffdfff
fff002
002000
001001
002ffe
001fff
000ffe
001000
000001
ffeffe
000000
fff001
000000
fffffe
000000
001002
002002
fff000
fffffd
000000
002fff
ffd002
fff000
ffefff
fff000
002000
001000
ffffff
001002
001ffd
fff000
ffeffe
000ffd
002fff
001fff
fffffd
000ffe
000001
000000
ffffff
fff001
003001
000003
000002
001fff
ffdfff
ffdfff
002000
fffffe
001ffe
000001
003000
002001
000fff
001fff
000fff
001001
fff001
003fff
003fff
002fff
fff000
000002
001fff
ffefff
000000
002001
002001
000003
fff001
fff001
000001
ffe000
001000
000003
fff001
002000
fff000
001001
000000
ffe000
002ffe
001fff
001002
fff001
fff003
000002
001fff
fff001
002000
001000
000000
000fff
002002
fff001
fff001
001000
000001
fffffe
001ffd
002000
fffffe
001002
000ffe
000000
001002
fff000
ffe001
ffe001
002002
ffd002
003ffe
002fff
ffe002
001fff
000fff
002002
fff003
fff000
000001
ffe004
ffefff
fff000
001000
003ffd
000003
001001
fff000
002003
ffd003
000002
002003
fff002
001002
001000
000001
ffe000
ffffff
000fff
fffffe
002000
fffffe
fff001
000ffd
ffe001
000001
000ffe
ffffff
002ffe
001003
000ffe
000000
000000
002001
001003
002001
fff001
003001
001fff
fff001
ffefff
000000
fffffe
002001
fff003
003ffe
ffffff
000000
fff001
003001
002fff
000000
fff001
002000
000ffe
ffffff
001001
fff002
001ffe
fff000
002000
fff000
000000
001ffe
ffdffe
fff000
fff001
fff002
ffe003
003002
001fff
002001
000fff
ffffff
ffe000
000001
001000
001003
ffd001
001002
001001
000001
000002
000fff
001000
000000
ffe001
ffffff
002001
002fff
001ffe
001fff
000001
000000
ffbfff
001000
ffe001
000001
ffe002
003ffd
003001
ffd001
fff001
ffffff
001000
001000
000002
002002
001fff
fff001
ffeffe
fff000
002000
000001
000000
000fff
fff001
003fff
001fff
ffe000
001000
000001
001000
003ffe
ffe003
000001
fff000
ffe000
fffffd
002000
000000
000fff
ffefff
ffffff
002fff
ffdffc
001fff
ffefff
ffffff
fff000
001001
ffe000
000ffd
002fff
001003
ffe001
001002
002ffe
000ffe
000fff
002000
ffdfff
001ffc
000ffe
001000
001fff
000001
000fff
fff001
000000
001fff
ffffff
000fff
ffdffc
001000
ffe002
003fff
000001
000002
003000
ffefff
000ffe
ffeffe
fffffe
000000
ffe000
fffffe
001000
ffffff
002001
001003
000001
fff001
000001
ffffff
001001
001ffe
fff001
ffd002
000001
001001
ffdffe
ffe000
fff001
fff001
000ffe
fff000
ffe000
002001
001001
000001
000001
ffefff
000ffe
001000
ffe003
001000
001002
001000
001002
001fff
ffe002
fff000
000003
001ffd
003001
002001
002ffe
ffe001
002fff
000002
001fff
001001
000003
000000
000001
fff002
002fff
ffffff
ffcffe
fff001
001ffe
ffefff
001ffe
001000
fff002
002001
002fff
000ffe
000002
ffdfff
000002
001004
ffffff
001004
001002
ffd000
000001
002ffe
fff005
000000
000ffe
001001
002ffe
003000
ffc000
fff002
fffffd
ffd002
000001
fffffe
ffd000
fff002
001fff
001fff
ffefff
000ffc
003001
000fff
000ffe
ffd000
ffe000
ffeffe
000000
001ffe
fffffd
ffcffe
ffeffe
001000
fff002
000000
001001
001001
000002
fff002
001001
002002
002000
000ffe
002002
fff000
000000
000fff
001fff
001002
001001
001fff
002fff
fffffd
003ffe
000fff
000ffe
fffffe
ffdffe
fffffd
ffd000
001000
fff000
002fff
001ffe
fff000
003000
fff001
ffe003
000ffe
fff000
ffe000
001001
ffffff
000fff
ffffff
ffffff
000fff
002001
001000
000002
000000
001fff
003001
001000
000fff
ffd003
001002
ffdfff
000fff
000001
001fff
ffd002
fff002
001ffe
000000
000000
fff000
fff000
001ffd
001001
001001
ffe000
000fff
000002
003001
001002
001000
000ffe
fffffe
002ffd
fff002
001002
ffffff
fff000
ffffff
ffe000
fffffd
001fff
002001
ffeffe
ffdfff
000fff
001fff
fff000
fffffe
000002
001001
002fff
000fff
fffffe
ffeffd
ffeffe
ffefff
001000
002ffe
ffd002
000001
ffc000
001001
ffe000
001ffd
fff001
000000
002001
ffdfff
001002
002000
002ffe
001001
002ffe
003000
ffffff
001000
000000
001000
ffd001
001001
001fff
000ffe
fff000
001ffd
fff002
ffd000
001fff
000ffe
001fff
fffffe
002000
000000
fffffe
000fff
000002
000001
000004
ffefff
ffefff
ffeffe
001001
000000
fff003
001002
002002
fff002
ffffff
fff000
ffe001
003000
ffe000
ffe000
000003
fff003
000ffe
003fff
fff000
000001
fff000
000001
000000
001002
000001
fff002
000fff
fff000
001ffe
001ffe
000000
000ffe
fff003
000000
000fff
001ffe
fffffe
001fff
002fff
000001
ffeffd
ffe000
001ffe
002ffe
000000
000001
fff000
000fff
001000
000000
002fff
000ffe
000001
ffefff
000001
000fff
ffd001
001000
fff001
000000
004fff
003ffd
003ffd
001fff
000000
ffeffe
002003
fff000
fff001
002000
003ffc
ffeffe
001fff
fff000
001000
001000
fff001
fff001
001001
003000
fffffe
001ffe
000002
ffefff
ffd000
003003
000ffe
fff000
000ffe
fff000
fff000
001fff
005001
001fff
001001
002001
001000
001fff
001002
ffeffe
001fff
ffe002
000001
ffefff
000000
000003
000002
ffffff
000002
fffffe
000ffd
ffdffe
000002
ffc000
000001
ffe001
002000
001ffe
001000
ffefff
ffd003
fff001
000001
001000
001fff
001002
ffe003
001000
001004
ffe000
ffc001
000001
000fff
001001
ffdfff
004fff
003fff
003fff
001000
001ffe
fff002
fff000
ffdfff
ffd000
001fff
002003
000ffd
001002
ffffff
ffe001
000001
ffe000
003fff
000002
fff005
ffe001
001001
001002
ffe002
ffeffe
002fff
fff003
004ffe
ffffff
001fff
000fff
ffefff
000000
002002
001fff
003ffe
fff002
000000
ffe002
ffe000
002fff
001fff
000fff
000fff
000001
ffefff
fff003
001001
003ffe
fff000
ffe002
ffe000
ffffff
fff000
000fff
000000
000000
fff002
001fff
fff001
000002
001000
003fff
001002
ffe003
000ffc
ffeffc
000001
000fff
002fff
ffeffe
ffefff
000003
002ffc
fffffe
fff003
000001
003002
ffffff
ffffff
002000
000002
000fff
ffb000
001000
001ffd
000000
fffffe
001ffe
003001
002001
ffe001
ffffff
fff003
000000
ffffff
002000
001002
002000
002001
002000
ffd000
001fff
ffffff
000fff
ffefff
000002
002001
001000
000003
001fff
000ffe
fff002
000004
000000
fff003
fffffd
000001
ffefff
fff001
fff003
001001
000004
000003
ffffff
fffffd
ffe000
000fff
fffffe
000001
000001
ffe000
000002
000ffe
000000
000fff
ffe000
002fff
ffe000
002fff
000002
001000
000000
ffe000
002001
001002
ffefff
000ffe
fff001
001ffd
001001
000001
000002
ffefff
002fff
002000
000fff
001000
ffe001
fff001
ffd001
001ffe
ffeffc
fff000
000fff
000fff
000002
ffe000
fff001
ffd004
fff002
002fff
003001
002ffd
ffe002
000ffe
001fff
000ffe
000ffc
001003
ffdfff
ffe001
001000
fff002
001001
fff000
fff001
002001
001001
001ffe
fff000
003000
000fff
000000
002ffd
ffefff
fff000
ffe003
000000
001002
001fff
fff001
000001
ffe000
001001
fff002
fff000
ffffff
000001
fff000
000001
fff001
001003
000fff
ffe000
000000
000fff
001fff
fff000
ffffff
001000
fffffe
ffd001
000002
000ffe
000fff
000001
000fff
001fff
001fff
001fff
001000
fff000
000fff
002002
000001
000fff
000001
000001
001001
fff003
fffffe
001000
001ffe
fff002
001ffd
001ffe
001002
003fff
002000
ffdffe
002002
ffffff
000fff
fff001
000fff
000000
002fff
001ffe
000001
002ffe
ffefff
000ffe
ffe002
ffeffd
001003
002fff
ffe002
000fff
000001
ffe001
000fff
002000
000fff
ffc000
000001
001fff
fff001
003fff
fff001
001003
ffffff
004fff
002ffe
000000
000001
000002
000000
001001
001ffe
fff000
fffffe
ffeffe
ffefff
000001
001ffe
fffffe
000ffe
000000
001001
fff000
001001
001001
002ffe
000000
ffffff
fff000
000ffc
001fff
ffe001
fff002
001000
ffffff
ffefff
fff000
000001
fff000
003001
000fff
000000
001001
000001
ffe000
ffe001
ffd001
002001
002000
001000
ffe002
fffffe
001000
000003
000ffd
000002
fffffd
001fff
000000
000000
002ffe
002002
ffefff
000ffe
ffd004
001002
000005
001fff
001001
001ffe
000ffe
001fff
000ffd
001002
fff003
004002
ffeffe
000fff
002ffe
fffffe
fff002
000000
001000
fff001
fffffe
fff001
fff001
003000
001001
000000
001000
000002
ffe000
001003
fff001
002ffe
002ffe
001002
002000
004fff
000002
fff001
002fff
005004
ffc001
fff000
000002
000002
000fff
fff003
fffffd
000003
000001
002001
fffffe
000000
ffe001
ffe003
000000
000ffd
000001
000000
002002
ffe002
001001
002fff
000001
000000
003fff
004001
fffffd
001000
000fff
000000
ffffff
001003
001002
002fff
000001
ffe001
fff001
001000
001fff
001000
ffe001
ffe002
fff002
000fff
000000
ffefff
001ffe
ffe000
fff000
002fff
ffe002
001000
000ffe
ffd000
ffffff
003ffd
fffffc
000ffd
000002
fff002
001001
000000
ffeffd
000fff
000003
000ffe
ffc001
000000
fff001
001001
ffcffd
003000
004ffe
000002
000fff
fff001
001002
002001
ffefff
000000
ffffff
001001
000fff
000ffe
004ffe
002001
000000
ffe002
000fff
fff001
ffffff
002001
001000
000fff
002000
001002
000001
fff003
ffcfff
002001
fff001
fff000
001001
002ffe
ffffff
003ffd
001ffd
001000
fff000
ffe003
000001
000ffe
001001
001000
002fff
ffc004
001000
000002
001fff
000000
001fff
000002
002000
001ffe
fffffe
ffe002
ffe000
002000
000000
ffe000
ffe002
001ffe
ffe000
ffefff
003fff
ffefff
000001
ffdffe
ffe001
002001
ffe001
000000
ffffff
ffefff
ffe004
002000
000001
ffe000
001ffe
000fff
000fff
ffe000
000ffd
000000
000001
002000
ffefff
000000
fff000
003001
ffbffd
000000
003fff
000000
000002
fff001
ffefff
001001
000000
001000
000ffe
fff000
000000
001001
000002
000000
000001
ffe000
fffffe
001002
ffd001
001002
004ffe
001000
fff000
000000
000fff
001002
000000
fff000
fff000
ffffff
004001
001ffc
ffe000
ffe001
002001
000ffe
ffe001
ffffff
ffefff
fffffd
001fff
fff002
003000
002001
001002
001000
fffffd
000001
001002
fff001
ffdfff
000fff
001ffe
ffc002
000003
ffe001
fffffe
001ffd
001000
000001
000002
ffefff
000ffe
001001
000001
002000
ffe003
001fff
ffe000
fff001
000fff
002001
002fff
001000
ffd000
ffe002
000002
000001
003001
001ffe
002001
001ffd
001ffd
002000
000ffe
fff004
001ffd
001000
001fff
002fff
001001
003000
002001
ffefff
fffffe
000ffd
000000
ffe000
ffeffe
000001
fff000
fff001
000001
000000
fff000
ffefff
001000
003000
ffcfff
000001
ffdfff
003ffe
fff001
ffe000
ffffff
001000
001fff
001ffe
000001
001ffe
001001
ffeffd
000001
fff000
ffd002
000ffe
002ffd
001001
ffe001
001002
002fff
000ffd
001fff
fff000
000000
000fff
fff001
003000
fff002
000001
000001
fff002
004001
fff002
fff000
000002
000002
ffd000
ffe000
ffefff
000fff
001000
ffd000
ffc001
000000
fff003
001002
fff000
001000
001ffd
001000
fff001
fff002
ffe002
001001
001000
002ffe
000fff
000000
001001
000002
ffd001
fffffd
fff003
ffeffe
001002
003004
000002
001ffd
000fff
001fff
001000
ffd000
000fff
fff000
001fff
000fff
000001
001002
001003
ffe000
ffc001
002fff
000003
000fff
fff001
000001
ffe000
001002
000fff
001001
fff000
000001
fff002
000ffd
000002
002000
000fff
002001
001fff
ffffff
fff003
002001
ffdfff
001000
001002
ffe000
000000
001000
ffe000
005fff
ffd000
fff000
000000
000ffd
ffd000
fff000
001002
001001
002001
000fff
000000
ffd000
001000
002ffc
001001
001fff
001000
001000
000000
000000
ffe001
ffe002
002ffd
ffd000
002002
fffffd
ffd002
000001
001fff
002fff
001000
000003
fff000
000000
fffffd
ffe001
ffe000
002004
001ffe
002fff
ffd000
fff002
001000
ffe004
001000
001000
001002
003001
001fff
ffe001
002fff
002fff
ffe002
ffe000
003003
ffe001
001000
ffd001
ffdfff
ffffff
fff000
fff000
fff000
001001
000000
fff000
000000
ffe001
003001
001ffd
001fff
ffe002
000001
000002
004001
001000
ffffff
000001
001001
fff002
000ffe
001ffd
001000
fff000
fff000
001000
004fff
000001
fffffe
ffffff
ffe000
002000
fff001
ffc002
001000
ffffff
000ffd
ffdffe
001ffd
002002
002fff
ffe000
ffe001
ffffff
003001
002fff
fff003
fff001
003ffe
001001
fff003
ffffff
fff002
fff002
000fff
fff001
001fff
001ffd
000fff
ffe001
ffffff
001fff
000000
ffe000
001fff
000ffe
000fff
000000
002000
003001
000000
ffefff
001fff
000fff
001fff
ffdffd
000000
ffffff
000000
ffffff
001fff
001001
fffffe
001004
000004
fff003
fff000
fff002
ffe001
000000
000ffe
001ffe
ffd000
000000
fff002
fffffb
fff002
fffffd
000000
002003
002ffe
001fff
ffffff
fff001
001002
001000
ffdfff
003000
002ffe
001004
fff001
ffd001
fffffe
000ffe
001004
002ffe
002003
fff004
000ffe
fffffc
fff000
ffffff
fff002
000ffe
fff000
001004
000fff
000002
001ffe
002fff
ffcffe
fff001
002001
fffffe
002000
ffdffe
ffffff
001000
001003
fffffe
000001
000fff
003ffe
000000
001ffe
002002
fff001
001fff
000004
002000
000003
ffd002
000fff
fff003
000001
ffe004
002001
fff002
001001
000fff
000fff
fff001
ffe001
fff002
000004
001fff
000fff
004fff
000ffe
ffcfff
000001
000ffe
001fff
001ffd
002ffe
ffbfff
ffe001
ffffff
001003
ffefff
002000
002fff
001001
001001
002fff
fff001
000000
fff001
fff002
fff003
ffc000
001000
001fff
000ffe
fff001
000001
000000
002fff
ffffff
fff004
002fff
002001
001001
000002
ffffff
000fff
000000
002000
001000
000001
001000
fffffe
001fff
002000
ffffff
000ffd
ffffff
000001
001001
ffe000
fff000
fff001
001ffe
002002
fff000
002000
004000
003002
ffd001
ffffff
000001
002ffe
ffefff
ffffff
001001
ffe001
001001
fff001
002001
001000
002002
000000
001fff
000002
fff000
ffc003
002ffd
002001
fff002
fff001
fff000
001001
fff000
001001
ffefff
003000
000fff
002fff
002000
fff000
fff001
001000
000000
002000
000000
fff000
000fff
fff002
ffe000
ffe000
000001
ffe000
001fff
fffffe
001001
001002
ffeffe
fff000
000fff
ffd000
002001
003fff
002fff
000002
000fff
002001
ffe002
fffffe
001fff
001001
000ffe
fff002
fff001
000ffd
000001
fffffe
ffffff
000fff
002000
001001
fff001
ffeffe
fff000
fff001
ffffff
001000
000ffd
fff002
000ffe
000002
001ffe
001000
002000
ffffff
fff000
ffe000
002001
ffe001
000000
ffd000
002001
004002
ffefff
002fff
002003
001001
002000
fff000
ffffff
ffe001
ffd001
003000
000002
ffd002
000003
001002
fff000
fffffe
001002
fff000
ffe000
ffe003
ffc000
001ffd
fff001
002001
003001
ffe002
fff002
fff002
000fff
001001
001001
000ffe
ffe003
ffeffe
001ffe
002000
fff000
fff002
fff004
fff000
002000
001001
000000
ffe000
000000
004001
fff000
ffe000
fff000
001001
fff002
fff000
001001
fffffe
001fff
fff001
ffe000
ffe000
001001
ffd001
003fff
001001
ffefff
001001
fff000
000002
fff000
002002
001002
000ffe
000003
001002
ffffff
000000
ffefff
ffeffe
fff000
000fff
000000
fff002
ffeffe
002004
001ffd
000fff
fffffe
fff001
ffeffe
002ffc
001ffe
000ffe
ffffff
000001
002001
ffe000
000fff
001002
fffffe
ffe002
ffe003
001001
ffeffd
001001
000fff
002001
001000
002001
002000
fff002
001002
002001
003ffd
000001
ffd000
000002
003ffe
fff001
000fff
002002
fffffe
001000
002001
002002
fff001
fff002
001fff
002ffd
001001
005004
000000
002002
001000
000001
001001
001000
002fff
002002
000fff
fff002
ffd001
000002
000001
000fff
001002
001002
001ffe
001001
000000
001ffe
fff000
fff002
ffe001
fff000
ffe001
fffffd
ffe004
000000
fff001
ffe001
fffffd
001003
fff000
ffffff
001fff
003000
000001
fff001
ffdfff
ffe002
002001
000000
ffe000
000002
ffd002
fff002
001000
000ffe
001ffe
003001
000000
000fff
ffefff
000002
000ffe
fffffe
001001
000ffc
fff001
ffffff
ffd001
fff002
005004
ffd000
ffefff
fffffe
001000
003000
000001
ffffff
fff002
ffffff
001002
fff001
000fff
001fff
001ffe
000ffd
000001
002fff
ffffff
ffefff
fffffd
001ffd
001fff
003000
ffeffd
000002
000001
004fff
002ffc
ffe002
fff000
000fff
000ffe
000fff
001001
fff002
fff006
ffffff
fff000
001fff
001ffd
001000
ffe003
000ffd
000001
000002
ffd003
fff001
003ffb
002000
000ffe
002001
001000
000fff
000fff
ffe000
001001
fff002
ffe000
fff000
fff003
001001
001000
fff000
fff000
000003
000001
fff002
000003
ffdffe
002ffb
002001
ffffff
fffffe
002004
fff002
002001
ffffff
002ffe
000ffe
004001
ffeffe
fff000
ffe000
001002
fff001
000001
fff001
001000
000000
000ffe
001ffe
ffdfff
003000
001000
000001
002fff
000fff
001001
001fff
000001
ffefff
000003
fff003
fff001
001fff
001001
001fff
000001
000002
000fff
000001
004003
000ffc
ffe002
002000
ffd001
001000
000fff
001ffe
000ffe
001001
002fff
001fff
fff001
002002
000fff
000fff
000fff
fffffe
fffffd
fffffe
ffd001
000fff
000000
fff000
001ffc
001002
002001
000002
002ffe
002fff
fffffe
ffe003
ffffff
000000
000ffc
000000
001000
001001
fff002
000001
001001
fff003
fff000
001002
000ffe
002001
004001
fff001
ffd003
000ffd
ffe001
000002
000000
001ffd
000001
002ffd
ffefff
000ffd
002000
fff000
000000
fff002
000fff
002000
002fff
ffdfff
fff001
000ffe
001ffd
000ffe
003fff
000001
002000
fffffe
003004
fff002
002fff
fff001
fffffd
000000
002002
000001
000ffe
ffffff
001001
fff001
001001
001002
001ffe
ffffff
000fff
002ffe
fff002
002ffe
ffeffe
fff000
fff000
000002
001002
000ffe
fff000
001002
001fff
001fff
001000
001000
ffe001
000ffd
000ffd
001fff
fff002
000001
ffffff
001000
000000
000fff
001fff
ffe000
000002
fff001
000fff
ffeffd
002fff
fff000
002004
ffe001
000002
001ffd
000000
002fff
fff002
fff000
001002
ffe000
001ffd
001002
000ffd
000ffe
001003
000000
000fff
fff001
ffffff
ffe000
001ffe
ffeffd
ffc000
ffeffe
000fff
000fff
001002
001000
001fff
ffd004
fffffe
003001
004002
fff002
001003
002002
000fff
001002
002fff
fff002
ffefff
fffffd
000001
002001
003000
ffe000
fffffe
ffefff
002fff
002000
ffe001
000ffe
000fff
fff003
000001
001fff
fff001
000002
ffeffd
fff000
001000
000ffe
001002
ffdfff
002001
fff001
001001
001000
fffffe
002000
ffffff
001ffe
000001
002fff
003fff
001002
000000
ffeffe
001000
fff001
000002
000000
fff001
fff001
ffd003
ffbffe
000000
001001
000002
ffe001
ffd001
fff001
001001
002fff
001001
fffffd
000fff
ffefff
000001
000fff
fff003
000fff
000fff
ffffff
ffd002
005000
001001
001001
001fff
000000
002001
001fff
002ffe
001ffe
002000
004001
ffffff
000ffe
002fff
fff003
ffc000
000fff
ffe000
000001
ffcfff
000000
001000
001002
ffffff
000001
001ffc
002fff
fff002
002003
000002
ffd000
001001
001001
001001
000fff
002001
002ffd
001fff
000ffe
001002
001fff
fff001
ffffff
001001
001ffe
001002
000001
ffe001
fffffe
fff002
fffffe
fff002
001002
000000
005ffe
002001
000ffe
001000
fff001
ffd000
000002
000001
001001
ffe002
fff000
001000
ffdfff
001003
ffffff
ffeffe
ffe000
fff001
ffe000
ffd001
fff003
000001
002001
001ffe
ffffff
001ffd
002ffe
003002
ffffff
000fff
ffe000
001001
000002
002002
ffffff
001000
001002
000ffe
ffe001
000fff
ffefff
ffe000
000002
000002
fffffd
001fff
000000
ffe002
fff002
002fff
ffe000
fff000
ffe000
fff001
ffefff
001000
001000
fffffe
000ffd
fffffe
ffffff
002ffd
000002
fff002
ffffff
fff000
001ffc
ffffff
fff002
001fff
002000
ffefff
000000
001001
fff000
000002
fff000
000001
003fff
fff000
002000
ffdfff
002000
001000
fff000
002ffe
001000
fff001
002001
fff000
fff001
ffd000
002fff
002000
000002
002001
ffe001
000000
001fff
ffefff
fff000
ffe004
000000
ffe000
001000
000fff
ffd001
001ffe
000000
ffdffe
002fff
003001
002fff
ffe000
001ffd
ffe002
000fff
ffd003
ffefff
000000
ffd001
fff000
000000
fff001
ffe002
000001
fff000
002001
000000
000002
000001
ffffff
000000
ffdffe
001fff
ffeffe
ffefff
000001
000000
001001
fff000
003ffe
004ffe
003001
ffefff
001002
000fff
000002
003ffe
fff004
001fff
000ffe
001ffe
001000
fffffd
000fff
ffe003
002001
000002
001001
002ffe
ffe000
ffd000
004001
ffefff
001001
001ffe
001000
000001
002ffd
ffe000
001ffc
003ffe
ffffff
000000
ffeffd
001ffe
ffe001
002ffe
001000
fff000
000000
000002
000001
001003
ffffff
002fff
000000
ffeffe
fff002
000000
001001
002000
001003
ffefff
ffe003
000fff
002000
000000
000000
002002
003000
fff003
003ffd
000002
003001
001002
ffffff
fff001
000fff
fff000
fff000
001001
000ffe
000003
fff000
002fff
001000
fff001
000ffd
ffd002
002003
001002
002001
002001
ffffff
000ffe
002002
001001
ffffff
fffffe
002000
001fff
001001
003000
fff001
001002
001004
fff001
001ffe
ffe000
ffe001
001001
fff002
001000
001ffd
002fff
fffffe
003000
ffd001
fff001
ffe002
002001
ffe001
ffe001
000002
ffdffe
000fff
ffdffd
002002
000002
001fff
000001
001002
000001
ffe000
ffe002
002fff
000001
fff002
001002
000005
ffd001
000fff
000000
ffffff
000fff
001000
000002
000ffe
ffffff
002ffe
003000
000002
000fff
000000
ffe000
fff000
000ffe
ffefff
001fff
ffc001
000001
fff000
001001
ffd002
001001
000ffe
000fff
001fff
001000
000002
ffe002
000001
000000
001000
ffffff
ffe002
fff002
fff001
002ffd
fffffe
001fff
fff002
002fff
ffe003
000001
001001
003000
002000
ffeffd
000001
000002
002002
ffffff
001000
000ffe
001003
ffffff
001ffc
003fff
002000
000fff
001000
ffffff
003000
002fff
001002
fffffe
ffe005
001001
001002
fff001
001002
ffffff
001002
000ffe
003001
001fff
fff000
000fff
fffffd
000ffe
001002
001fff
ffeffd
ffeffc
ffeffe
ffd001
ffe002
000001
000ffe
001000
ffe001
ffdfff
000001
000fff
000fff
000ffe
001003
000002
003001
001001
ffe002
001ffe
001003
fff000
000001
000000
ffeffe
ffefff
fff000
fff001
001001
002ffe
002fff
002001
002001
000001
000000
fff000
ffeffe
002fff
002000
001001
000000
fff000
fff001
fffffe
ffefff
fff001
ffe001
000fff
001001
002001
fff002
000000
001ffe
ffefff
000000
ffe002
002001
002002
000fff
ffeffe
001000
fff000
fff001
001000
000002
002002
000001
001000
fffffe
000ffe
ffd000
ffdffd
ffe000
ffffff
ffeffe
001002
001000
000fff
000001
003000
ffe001
000000
fff003
001fff
002000
003001
003001
000000
002001
001000
fff002
001ffd
000000
001fff
ffefff
ffe001
ffffff
ffe001
fff002
ffdfff
000001
002000
000003
001fff
001000
000001
ffe001
ffe001
004000
002001
001002
ffefff
001001
000000
002000
ffeffe
002000
fff000
001ffd
fff000
fff000
001000
003003
000001
000002
ffd002
fffffe
fff001
001000
fff002
fff001
000000
ffe000
fff001
000fff
001ffe
001002
fff000
fff000
001002
ffe000
ffeffe
003000
000000
fff000
000fff
ffe002
001001
000ffc
001000
000fff
001000
003000
000001
fff000
000000
001001
001002
fffffe
003ffe
004002
001fff
001ffe
003000
fffffd
fff000
fff001
001001
002fff
002ffd
000000
001ffe
000000
ffd001
000ffe
fff001
000003
fff001
001ffe
ffefff
003fff
002fff
fff003
000001
000fff
004ffe
000000
ffffff
002001
000003
003ffd
002ffe
001002
001001
001001
ffeffd
000fff
001ffe
000002
001001
fff000
001ffe
000001
002001
001fff
ffeffd
001000
001fff
000003
fffffe
001002
000002
002000
003000
ffe000
ffc001
000001
000001
002000
003001
ffffff
fff001
ffdffe
ffffff
001fff
ffefff
000000
000ffc
ffefff
000001
002ffe
003fff
000001
ffeffc
002002
001001
000003
fff002
ffe002
ffefff
000001
ffeffd
003001
002002
fff001
fff001
002ffe
fff001
002000
fff002
001fff
001000
000001
001ffe
fff004
002001
fffffd
000001
002fff
fffffe
ffe000
ffdfff
000fff
ffdfff
ffefff
001002
001000
000000
fff000
003ffe
000002
001000
fff001
000001
fff001
ffefff
ffeffe
ffefff
fff004
ffc000
001fff
004fff
000001
001002
ffffff
002fff
000001
000000
001000
000001
001fff
fff000
000fff
000000
002001
fff002
000fff
002fff
003000
003fff
000000
001000
001fff
001ffe
ffeffe
fffffe
003001
001ffd
000fff
fff000
001001
000002
004ffe
003001
ffeffe
002004
fff000
fff000
ffe003
000fff
ffffff
001fff
fffffe
ffeffd
003001
001ffe
000ffc
ffe000
000003
ffffff
001fff
000fff
